/*
SQLyog Ultimate v12.09 (64 bit)
MySQL - 5.7.28-log : Database - scoring_system
*********************************************************************
*/

/*!40101 SET NAMES utf8 */;

/*!40101 SET SQL_MODE=''*/;

/*!40014 SET @OLD_UNIQUE_CHECKS=@@UNIQUE_CHECKS, UNIQUE_CHECKS=0 */;
/*!40014 SET @OLD_FOREIGN_KEY_CHECKS=@@FOREIGN_KEY_CHECKS, FOREIGN_KEY_CHECKS=0 */;
/*!40101 SET @OLD_SQL_MODE=@@SQL_MODE, SQL_MODE='NO_AUTO_VALUE_ON_ZERO' */;
/*!40111 SET @OLD_SQL_NOTES=@@SQL_NOTES, SQL_NOTES=0 */;
CREATE DATABASE /*!32312 IF NOT EXISTS*/`scoring_system` /*!40100 DEFAULT CHARACTER SET utf8 */;

USE `scoring_system`;

/*Table structure for table `blog_work` */

DROP TABLE IF EXISTS `blog_work`;

CREATE TABLE `blog_work` (
  `sys_id` int(11) NOT NULL AUTO_INCREMENT,
  `blog_work_name` varchar(128) DEFAULT NULL COMMENT '博客名称',
  `blog_work_content` text COMMENT '博客内容',
  `user_id` int(11) DEFAULT NULL COMMENT '发布者id(团队作业时该项为空)',
  `team_id` int(11) DEFAULT NULL COMMENT '发布团队id(个人作业时该项为空)',
  `task_id` int(11) DEFAULT NULL COMMENT '该博客对应的作业id',
  `blog_work_type` varchar(128) DEFAULT NULL COMMENT '博客类型(个人作业，团队作业，结对作业)',
  `blog_url` varchar(255) DEFAULT NULL COMMENT '博客园url',
  `is_mark` int(11) DEFAULT '0' COMMENT '0 未评分 1已评分',
  PRIMARY KEY (`sys_id`)
) ENGINE=InnoDB AUTO_INCREMENT=117 DEFAULT CHARSET=utf8;

/*Data for the table `blog_work` */

insert  into `blog_work`(`sys_id`,`blog_work_name`,`blog_work_content`,`user_id`,`team_id`,`task_id`,`blog_work_type`,`blog_url`,`is_mark`) values (8,'团队作业222','# 字节乱动队团队作业三——需求分析\r\n\r\n\r\n| 这个作业属于哪个课程 | [2021春软件工程实践\\|S班](https://edu.cnblogs.com/campus/fzu/FZUSESPR21) |\r\n| -------------------- | ------------------------------------------------------------ |\r\n| 这个作业要求在哪里   | [团队作业三——需求分析](https://edu.cnblogs.com/campus/fzu/FZUSESPR21/homework/11897) |\r\n| 团队名称             | 字节乱动                                                     |\r\n| 这个作业的目标       | 完成需求分析与原型设计                                       |\r\n| 作业正文             | [正文](https://www.cnblogs.com/eightGroup/p/14666162.html)   |\r\n| 其他参考文献         | [如何写软件需求规格说明书](https://www.jianshu.com/p/f9bcf52f4321) |\r\n\r\n\r\n[toc]\r\n\r\n## 一、项目计划安排\r\n\r\n|           时间            |                   计划安排                   | 里程碑                                        |\r\n| :-----------------------: | :------------------------------------------: | :-------------------------------------------- |\r\n| 3月16日-3月23日（已完成） |         熟悉队友，了解大体的规划安排         | 完成前后端分配，完成选题报告                  |\r\n| 4月1日-4月10日（已完成）  |               进行界面原型设计               | 提交原型设计链接、原型设计答辩PPT             |\r\n| 4月1日-4月15日（已完成）  |                 进行需求分析                 | 提交需求规格说明书、提交需求分析报告PPT       |\r\n|      4月15日-4月20日      | 团队项目系统设计评审、团队项目数据库设计评审 | 完成数据库设计、系统整体设计                  |\r\n|      4月20日-5月1日       |  制定好编码规范，完成架构设计，编写测试用例  | 完成系统初步架构、完成测试用例的编写          |\r\n|      5月1日-5月11日       |   完成并发布Alpha版本，同步推进测试与修复    | 完成测试版本的代码编写、发布Alpha版本         |\r\n|      5月11日-5月20日      |      交接、界面的优化、服务端的功能测试      | 改善系统的可用性、修复bug、完成换组人员的交接 |\r\n|      5月20日-5月31日      |       完成并发布Beta版本编写使用说明书       | 完成项目的测试与修复、发布Beta版本            |\r\n|      6月1日-6月22日       |              答辩、交付用户使用              | 交付用户使用                                  |\r\n\r\n## 二、组员分工、组员工作量比例\r\n\r\n|   学号    |  姓名  |                 工作内容                 | 贡献度 |\r\n| :-------: | :----: | :--------------------------------------: | :----- |\r\n| 221801101 | 王思皓 |          界面原型设计、博客随笔          | 12     |\r\n| 221801103 | 牙举韬 |              需求规格说明书              | 10     |\r\n| 221801106 | 郑龙海 |             需求分析报告PPT              | 12     |\r\n| 221801112 |  曹鑫  |       界面原型设计,需求规格说明书        | 14     |\r\n| 221801121 |  黄炜  | 博客随笔，原型设计评审表，需求分析评审表 | 10     |\r\n| 221801225 | 李进明 |              需求规格说明书              | 10     |\r\n| 221801237 | 黄伟为 |            界面原型设计、答辩            | 10     |\r\n| 221801305 | 陈晓汉 |           界面原型设计答辩PPT            | 10     |\r\n| 221801332 | 李达明 |               界面原型设计               | 12     |\r\n\r\n## 三、需求分析\r\n\r\n### 3.1 用况图\r\n\r\n[![cfsAC8.png](https://z3.ax1x.com/2021/04/16/cfsAC8.png)](https://imgtu.com/i/cfsAC8)\r\n\r\n\r\n\r\n### 3.2 类图\r\n\r\n[![cfsVgg.png](https://z3.ax1x.com/2021/04/16/cfsVgg.png)](https://imgtu.com/i/cfsVgg)\r\n\r\n### 3.3 活动图\r\n\r\n##### 3.3.1 成绩管理活动图\r\n\r\n[![cfsF4f.png](https://z3.ax1x.com/2021/04/16/cfsF4f.png)](https://imgtu.com/i/cfsF4f)\r\n\r\n\r\n\r\n##### 3.3.2 助教评分活动图\r\n\r\n[![cfsE8S.png](https://z3.ax1x.com/2021/04/16/cfsE8S.png)\r\n\r\n### 3.4.功能模块\r\n\r\n#### 3.4.1 web端\r\n\r\n1.登陆注册界面\r\n\r\n学生登陆：学生登陆成功跳转学生界面\r\n\r\n教师登录：教师登录成功跳转教师管理界面\r\n\r\n助教登录：助教登录成功跳转助教管理界面\r\n\r\n\r\n\r\n2.助教界面\r\n\r\n①内容管理\r\n\r\n评分细则管理：助教可以在此处发布某次作业评分细则并添加本次细则对	应的评分项。也可对评分细则和评分项进行增删改查操作。\r\n\r\n②成绩管理\r\n\r\n成绩查询：通过特定条件筛选对成绩学生进行查询操作。\r\n\r\n博客评分：直接跳转到某同学某次作业（个人作业、结对作业、团队作业）	的博客，对博客内容评分。\r\n\r\n答辩评分：可根据实践课上各个团队的团队阶段性答辩来评分。\r\n\r\n博客列表：本班同学的博客列表，可跳转到本班同学各次作业的博客并进	行博客评分。\r\n\r\n③用户管理\r\n\r\n团队管理：为本班级添加新团队，对本班级团队进行查看、修改、删除和	添	加队员操作。\r\n\r\n④学生管理\r\n\r\n展示学生列表及学生相关信息，对班级学生进行查看、修改、删除和添加	（通过文件上传）操作，点击学生详细信息之后可以查看该学生所有作业。\r\n\r\n3.学生界面\r\n\r\n①成绩查询\r\n\r\n学生可以通过筛选来查看自己的某次作业和课堂答辩的成绩。\r\n\r\n②作业提交\r\n\r\n针对某次作业提交作业内容（通过编辑器或者上传的方式），提供博客	链	接。\r\n\r\n \r\n\r\n4.教师界面\r\n\r\n①内容管理\r\n\r\n成绩查询：学生可以通过筛选来查看自己的某次作业和课堂答辩的成绩。\r\n\r\n②用户管理\r\n\r\n团队管理：可查看班级所有团队详细信息。\r\n\r\n学生管理：展示学生列表及学生相关信息，对班级学生进行查看、修改、	删	除和添加（通过文件上传）操作，点击学生详细信息之后可以查看该学	生	所有作业。\r\n\r\n③助教管理\r\n\r\n对助教进行管理工作，包括添加助教、修改助教信息和删除助教等功能。\r\n\r\n#### 3.4.2 安卓端\r\n\r\n安卓端主要面向学生\r\n\r\n1.登录注册界面\r\n\r\n学生登录和注册。\r\n\r\n\r\n\r\n2.分数查看界面\r\n\r\n学生可查看学生本人每次作业分数，提供链接跳转到相应博客。\r\n\r\n\r\n\r\n3.评分任务界面\r\n\r\n①组间评分：某学生会被本小组分配答辩中小组互评的任务。\r\n\r\n②组内评分：学生可对小组中成员根据贡献度、完成度等因素对小组成员进行评分。\r\n\r\n\r\n\r\n4.个人中心界面\r\n\r\n①结对队友：通过此功能可以寻找结对作业队友。\r\n\r\n②我的团队：查看小组内成员信息。\r\n\r\n③退出登录：退出登录。\r\n\r\n④应用设置：应用设置。\r\n\r\n⑤反馈建议：学生为app提供反馈建议。\r\n\r\n### 四、需求规格说明书\r\n\r\n[点击下载spec(修订版)](https://github.com/FZUSESPR21/meeting-system-8/blob/main/blog/%E9%9C%80%E6%B1%82%E8%A7%84%E6%A0%BC%E8%AF%B4%E6%98%8E%E4%B9%A6-%E6%9C%80%E7%BB%88%E7%89%88-%E4%BF%AE%E8%AE%A2.pdf)\r\n\r\n[点击下载spec.docx(备用)](http://81.69.199.136/resources/spec.docx \"下载地址\")\r\n\r\n###  五、需求分析报告PPT\r\n\r\n[点击下载spec.pptx](http://81.69.199.136/resources/spec.pptx \"点击下载spec.pptx\")\r\n\r\n[点击下载spec(备用)](https://github.com/FZUSESPR21/meeting-system-8/blob/main/blog/%E9%9C%80%E6%B1%82%E8%A7%84%E5%88%99ppt.pdf)\r\n\r\n## 六、原型设计\r\n\r\n### 6.1 原型设计链接\r\n\r\nweb端：https://hirh8n.axshare.com\r\n\r\n安卓端：https://z58uhl.axshare.com/#id=rd4vja\r\n\r\n整合：https://wxdzch.axshare.com/#id=rd4vja\r\n\r\n密码：zjld666\r\n\r\n### 6.2 原型设计答辩PPT\r\n\r\n[点击下载prototype.pptx](http://81.69.199.136/resources/prototype.pptx \"下载链接\")\r\n\r\n[点击下载prototype(备用)](https://github.com/FZUSESPR21/meeting-system-8/blob/main/blog/%E5%AD%97%E8%8A%82%E4%B9%B1%E5%8A%A8-%E5%8E%9F%E5%9E%8B%E6%B1%87%E6%8A%A5.pdf)',44,1,1,'团队作业','www.xxxx.com',1),(9,'团队作业222','# 字节乱动队团队作业三——需求分析\r\n\r\n\r\n| 这个作业属于哪个课程 | [2021春软件工程实践\\|S班](https://edu.cnblogs.com/campus/fzu/FZUSESPR21) |\r\n| -------------------- | ------------------------------------------------------------ |\r\n| 这个作业要求在哪里   | [团队作业三——需求分析](https://edu.cnblogs.com/campus/fzu/FZUSESPR21/homework/11897) |\r\n| 团队名称             | 字节乱动                                                     |\r\n| 这个作业的目标       | 完成需求分析与原型设计                                       |\r\n| 作业正文             | [正文](https://www.cnblogs.com/eightGroup/p/14666162.html)   |\r\n| 其他参考文献         | [如何写软件需求规格说明书](https://www.jianshu.com/p/f9bcf52f4321) |\r\n\r\n\r\n[toc]\r\n\r\n## 一、项目计划安排\r\n\r\n|           时间            |                   计划安排                   | 里程碑                                        |\r\n| :-----------------------: | :------------------------------------------: | :-------------------------------------------- |\r\n| 3月16日-3月23日（已完成） |         熟悉队友，了解大体的规划安排         | 完成前后端分配，完成选题报告                  |\r\n| 4月1日-4月10日（已完成）  |               进行界面原型设计               | 提交原型设计链接、原型设计答辩PPT             |\r\n| 4月1日-4月15日（已完成）  |                 进行需求分析                 | 提交需求规格说明书、提交需求分析报告PPT       |\r\n|      4月15日-4月20日      | 团队项目系统设计评审、团队项目数据库设计评审 | 完成数据库设计、系统整体设计                  |\r\n|      4月20日-5月1日       |  制定好编码规范，完成架构设计，编写测试用例  | 完成系统初步架构、完成测试用例的编写          |\r\n|      5月1日-5月11日       |   完成并发布Alpha版本，同步推进测试与修复    | 完成测试版本的代码编写、发布Alpha版本         |\r\n|      5月11日-5月20日      |      交接、界面的优化、服务端的功能测试      | 改善系统的可用性、修复bug、完成换组人员的交接 |\r\n|      5月20日-5月31日      |       完成并发布Beta版本编写使用说明书       | 完成项目的测试与修复、发布Beta版本            |\r\n|      6月1日-6月22日       |              答辩、交付用户使用              | 交付用户使用                                  |\r\n\r\n## 二、组员分工、组员工作量比例\r\n\r\n|   学号    |  姓名  |                 工作内容                 | 贡献度 |\r\n| :-------: | :----: | :--------------------------------------: | :----- |\r\n| 221801101 | 王思皓 |          界面原型设计、博客随笔          | 12     |\r\n| 221801103 | 牙举韬 |              需求规格说明书              | 10     |\r\n| 221801106 | 郑龙海 |             需求分析报告PPT              | 12     |\r\n| 221801112 |  曹鑫  |       界面原型设计,需求规格说明书        | 14     |\r\n| 221801121 |  黄炜  | 博客随笔，原型设计评审表，需求分析评审表 | 10     |\r\n| 221801225 | 李进明 |              需求规格说明书              | 10     |\r\n| 221801237 | 黄伟为 |            界面原型设计、答辩            | 10     |\r\n| 221801305 | 陈晓汉 |           界面原型设计答辩PPT            | 10     |\r\n| 221801332 | 李达明 |               界面原型设计               | 12     |\r\n\r\n## 三、需求分析\r\n\r\n### 3.1 用况图\r\n\r\n[![cfsAC8.png](https://z3.ax1x.com/2021/04/16/cfsAC8.png)](https://imgtu.com/i/cfsAC8)\r\n\r\n\r\n\r\n### 3.2 类图\r\n\r\n[![cfsVgg.png](https://z3.ax1x.com/2021/04/16/cfsVgg.png)](https://imgtu.com/i/cfsVgg)\r\n\r\n### 3.3 活动图\r\n\r\n##### 3.3.1 成绩管理活动图\r\n\r\n[![cfsF4f.png](https://z3.ax1x.com/2021/04/16/cfsF4f.png)](https://imgtu.com/i/cfsF4f)\r\n\r\n\r\n\r\n##### 3.3.2 助教评分活动图\r\n\r\n[![cfsE8S.png](https://z3.ax1x.com/2021/04/16/cfsE8S.png)\r\n\r\n### 3.4.功能模块\r\n\r\n#### 3.4.1 web端\r\n\r\n1.登陆注册界面\r\n\r\n学生登陆：学生登陆成功跳转学生界面\r\n\r\n教师登录：教师登录成功跳转教师管理界面\r\n\r\n助教登录：助教登录成功跳转助教管理界面\r\n\r\n\r\n\r\n2.助教界面\r\n\r\n①内容管理\r\n\r\n评分细则管理：助教可以在此处发布某次作业评分细则并添加本次细则对	应的评分项。也可对评分细则和评分项进行增删改查操作。\r\n\r\n②成绩管理\r\n\r\n成绩查询：通过特定条件筛选对成绩学生进行查询操作。\r\n\r\n博客评分：直接跳转到某同学某次作业（个人作业、结对作业、团队作业）	的博客，对博客内容评分。\r\n\r\n答辩评分：可根据实践课上各个团队的团队阶段性答辩来评分。\r\n\r\n博客列表：本班同学的博客列表，可跳转到本班同学各次作业的博客并进	行博客评分。\r\n\r\n③用户管理\r\n\r\n团队管理：为本班级添加新团队，对本班级团队进行查看、修改、删除和	添	加队员操作。\r\n\r\n④学生管理\r\n\r\n展示学生列表及学生相关信息，对班级学生进行查看、修改、删除和添加	（通过文件上传）操作，点击学生详细信息之后可以查看该学生所有作业。\r\n\r\n3.学生界面\r\n\r\n①成绩查询\r\n\r\n学生可以通过筛选来查看自己的某次作业和课堂答辩的成绩。\r\n\r\n②作业提交\r\n\r\n针对某次作业提交作业内容（通过编辑器或者上传的方式），提供博客	链	接。\r\n\r\n \r\n\r\n4.教师界面\r\n\r\n①内容管理\r\n\r\n成绩查询：学生可以通过筛选来查看自己的某次作业和课堂答辩的成绩。\r\n\r\n②用户管理\r\n\r\n团队管理：可查看班级所有团队详细信息。\r\n\r\n学生管理：展示学生列表及学生相关信息，对班级学生进行查看、修改、	删	除和添加（通过文件上传）操作，点击学生详细信息之后可以查看该学	生	所有作业。\r\n\r\n③助教管理\r\n\r\n对助教进行管理工作，包括添加助教、修改助教信息和删除助教等功能。\r\n\r\n#### 3.4.2 安卓端\r\n\r\n安卓端主要面向学生\r\n\r\n1.登录注册界面\r\n\r\n学生登录和注册。\r\n\r\n\r\n\r\n2.分数查看界面\r\n\r\n学生可查看学生本人每次作业分数，提供链接跳转到相应博客。\r\n\r\n\r\n\r\n3.评分任务界面\r\n\r\n①组间评分：某学生会被本小组分配答辩中小组互评的任务。\r\n\r\n②组内评分：学生可对小组中成员根据贡献度、完成度等因素对小组成员进行评分。\r\n\r\n\r\n\r\n4.个人中心界面\r\n\r\n①结对队友：通过此功能可以寻找结对作业队友。\r\n\r\n②我的团队：查看小组内成员信息。\r\n\r\n③退出登录：退出登录。\r\n\r\n④应用设置：应用设置。\r\n\r\n⑤反馈建议：学生为app提供反馈建议。\r\n\r\n### 四、需求规格说明书\r\n\r\n[点击下载spec(修订版)](https://github.com/FZUSESPR21/meeting-system-8/blob/main/blog/%E9%9C%80%E6%B1%82%E8%A7%84%E6%A0%BC%E8%AF%B4%E6%98%8E%E4%B9%A6-%E6%9C%80%E7%BB%88%E7%89%88-%E4%BF%AE%E8%AE%A2.pdf)\r\n\r\n[点击下载spec.docx(备用)](http://81.69.199.136/resources/spec.docx \"下载地址\")\r\n\r\n###  五、需求分析报告PPT\r\n\r\n[点击下载spec.pptx](http://81.69.199.136/resources/spec.pptx \"点击下载spec.pptx\")\r\n\r\n[点击下载spec(备用)](https://github.com/FZUSESPR21/meeting-system-8/blob/main/blog/%E9%9C%80%E6%B1%82%E8%A7%84%E5%88%99ppt.pdf)\r\n\r\n## 六、原型设计\r\n\r\n### 6.1 原型设计链接\r\n\r\nweb端：https://hirh8n.axshare.com\r\n\r\n安卓端：https://z58uhl.axshare.com/#id=rd4vja\r\n\r\n整合：https://wxdzch.axshare.com/#id=rd4vja\r\n\r\n密码：zjld666\r\n\r\n### 6.2 原型设计答辩PPT\r\n\r\n[点击下载prototype.pptx](http://81.69.199.136/resources/prototype.pptx \"下载链接\")\r\n\r\n[点击下载prototype(备用)](https://github.com/FZUSESPR21/meeting-system-8/blob/main/blog/%E5%AD%97%E8%8A%82%E4%B9%B1%E5%8A%A8-%E5%8E%9F%E5%9E%8B%E6%B1%87%E6%8A%A5.pdf)',44,1,2,'团队作业','www.xxxx.com',0),(11,'个人作业2','# 字节乱动队团队作业三——需求分析\r\n\r\n\r\n| 这个作业属于哪个课程 | [2021春软件工程实践\\|S班](https://edu.cnblogs.com/campus/fzu/FZUSESPR21) |\r\n| -------------------- | ------------------------------------------------------------ |\r\n| 这个作业要求在哪里   | [团队作业三——需求分析](https://edu.cnblogs.com/campus/fzu/FZUSESPR21/homework/11897) |\r\n| 团队名称             | 字节乱动                                                     |\r\n| 这个作业的目标       | 完成需求分析与原型设计                                       |\r\n| 作业正文             | [正文](https://www.cnblogs.com/eightGroup/p/14666162.html)   |\r\n| 其他参考文献         | [如何写软件需求规格说明书](https://www.jianshu.com/p/f9bcf52f4321) |\r\n\r\n\r\n[toc]\r\n\r\n## 一、项目计划安排\r\n\r\n|           时间            |                   计划安排                   | 里程碑                                        |\r\n| :-----------------------: | :------------------------------------------: | :-------------------------------------------- |\r\n| 3月16日-3月23日（已完成） |         熟悉队友，了解大体的规划安排         | 完成前后端分配，完成选题报告                  |\r\n| 4月1日-4月10日（已完成）  |               进行界面原型设计               | 提交原型设计链接、原型设计答辩PPT             |\r\n| 4月1日-4月15日（已完成）  |                 进行需求分析                 | 提交需求规格说明书、提交需求分析报告PPT       |\r\n|      4月15日-4月20日      | 团队项目系统设计评审、团队项目数据库设计评审 | 完成数据库设计、系统整体设计                  |\r\n|      4月20日-5月1日       |  制定好编码规范，完成架构设计，编写测试用例  | 完成系统初步架构、完成测试用例的编写          |\r\n|      5月1日-5月11日       |   完成并发布Alpha版本，同步推进测试与修复    | 完成测试版本的代码编写、发布Alpha版本         |\r\n|      5月11日-5月20日      |      交接、界面的优化、服务端的功能测试      | 改善系统的可用性、修复bug、完成换组人员的交接 |\r\n|      5月20日-5月31日      |       完成并发布Beta版本编写使用说明书       | 完成项目的测试与修复、发布Beta版本            |\r\n|      6月1日-6月22日       |              答辩、交付用户使用              | 交付用户使用                                  |\r\n\r\n## 二、组员分工、组员工作量比例\r\n\r\n|   学号    |  姓名  |                 工作内容                 | 贡献度 |\r\n| :-------: | :----: | :--------------------------------------: | :----- |\r\n| 221801101 | 王思皓 |          界面原型设计、博客随笔          | 12     |\r\n| 221801103 | 牙举韬 |              需求规格说明书              | 10     |\r\n| 221801106 | 郑龙海 |             需求分析报告PPT              | 12     |\r\n| 221801112 |  曹鑫  |       界面原型设计,需求规格说明书        | 14     |\r\n| 221801121 |  黄炜  | 博客随笔，原型设计评审表，需求分析评审表 | 10     |\r\n| 221801225 | 李进明 |              需求规格说明书              | 10     |\r\n| 221801237 | 黄伟为 |            界面原型设计、答辩            | 10     |\r\n| 221801305 | 陈晓汉 |           界面原型设计答辩PPT            | 10     |\r\n| 221801332 | 李达明 |               界面原型设计               | 12     |\r\n\r\n## 三、需求分析\r\n\r\n### 3.1 用况图\r\n\r\n[![cfsAC8.png](https://z3.ax1x.com/2021/04/16/cfsAC8.png)](https://imgtu.com/i/cfsAC8)\r\n\r\n\r\n\r\n### 3.2 类图\r\n\r\n[![cfsVgg.png](https://z3.ax1x.com/2021/04/16/cfsVgg.png)](https://imgtu.com/i/cfsVgg)\r\n\r\n### 3.3 活动图\r\n\r\n##### 3.3.1 成绩管理活动图\r\n\r\n[![cfsF4f.png](https://z3.ax1x.com/2021/04/16/cfsF4f.png)](https://imgtu.com/i/cfsF4f)\r\n\r\n\r\n\r\n##### 3.3.2 助教评分活动图\r\n\r\n[![cfsE8S.png](https://z3.ax1x.com/2021/04/16/cfsE8S.png)\r\n\r\n### 3.4.功能模块\r\n\r\n#### 3.4.1 web端\r\n\r\n1.登陆注册界面\r\n\r\n学生登陆：学生登陆成功跳转学生界面\r\n\r\n教师登录：教师登录成功跳转教师管理界面\r\n\r\n助教登录：助教登录成功跳转助教管理界面\r\n\r\n\r\n\r\n2.助教界面\r\n\r\n①内容管理\r\n\r\n评分细则管理：助教可以在此处发布某次作业评分细则并添加本次细则对	应的评分项。也可对评分细则和评分项进行增删改查操作。\r\n\r\n②成绩管理\r\n\r\n成绩查询：通过特定条件筛选对成绩学生进行查询操作。\r\n\r\n博客评分：直接跳转到某同学某次作业（个人作业、结对作业、团队作业）	的博客，对博客内容评分。\r\n\r\n答辩评分：可根据实践课上各个团队的团队阶段性答辩来评分。\r\n\r\n博客列表：本班同学的博客列表，可跳转到本班同学各次作业的博客并进	行博客评分。\r\n\r\n③用户管理\r\n\r\n团队管理：为本班级添加新团队，对本班级团队进行查看、修改、删除和	添	加队员操作。\r\n\r\n④学生管理\r\n\r\n展示学生列表及学生相关信息，对班级学生进行查看、修改、删除和添加	（通过文件上传）操作，点击学生详细信息之后可以查看该学生所有作业。\r\n\r\n3.学生界面\r\n\r\n①成绩查询\r\n\r\n学生可以通过筛选来查看自己的某次作业和课堂答辩的成绩。\r\n\r\n②作业提交\r\n\r\n针对某次作业提交作业内容（通过编辑器或者上传的方式），提供博客	链	接。\r\n\r\n \r\n\r\n4.教师界面\r\n\r\n①内容管理\r\n\r\n成绩查询：学生可以通过筛选来查看自己的某次作业和课堂答辩的成绩。\r\n\r\n②用户管理\r\n\r\n团队管理：可查看班级所有团队详细信息。\r\n\r\n学生管理：展示学生列表及学生相关信息，对班级学生进行查看、修改、	删	除和添加（通过文件上传）操作，点击学生详细信息之后可以查看该学	生	所有作业。\r\n\r\n③助教管理\r\n\r\n对助教进行管理工作，包括添加助教、修改助教信息和删除助教等功能。\r\n\r\n#### 3.4.2 安卓端\r\n\r\n安卓端主要面向学生\r\n\r\n1.登录注册界面\r\n\r\n学生登录和注册。\r\n\r\n\r\n\r\n2.分数查看界面\r\n\r\n学生可查看学生本人每次作业分数，提供链接跳转到相应博客。\r\n\r\n\r\n\r\n3.评分任务界面\r\n\r\n①组间评分：某学生会被本小组分配答辩中小组互评的任务。\r\n\r\n②组内评分：学生可对小组中成员根据贡献度、完成度等因素对小组成员进行评分。\r\n\r\n\r\n\r\n4.个人中心界面\r\n\r\n①结对队友：通过此功能可以寻找结对作业队友。\r\n\r\n②我的团队：查看小组内成员信息。\r\n\r\n③退出登录：退出登录。\r\n\r\n④应用设置：应用设置。\r\n\r\n⑤反馈建议：学生为app提供反馈建议。\r\n\r\n### 四、需求规格说明书\r\n\r\n[点击下载spec(修订版)](https://github.com/FZUSESPR21/meeting-system-8/blob/main/blog/%E9%9C%80%E6%B1%82%E8%A7%84%E6%A0%BC%E8%AF%B4%E6%98%8E%E4%B9%A6-%E6%9C%80%E7%BB%88%E7%89%88-%E4%BF%AE%E8%AE%A2.pdf)\r\n\r\n[点击下载spec.docx(备用)](http://81.69.199.136/resources/spec.docx \"下载地址\")\r\n\r\n###  五、需求分析报告PPT\r\n\r\n[点击下载spec.pptx](http://81.69.199.136/resources/spec.pptx \"点击下载spec.pptx\")\r\n\r\n[点击下载spec(备用)](https://github.com/FZUSESPR21/meeting-system-8/blob/main/blog/%E9%9C%80%E6%B1%82%E8%A7%84%E5%88%99ppt.pdf)\r\n\r\n## 六、原型设计\r\n\r\n### 6.1 原型设计链接\r\n\r\nweb端：https://hirh8n.axshare.com\r\n\r\n安卓端：https://z58uhl.axshare.com/#id=rd4vja\r\n\r\n整合：https://wxdzch.axshare.com/#id=rd4vja\r\n\r\n密码：zjld666\r\n\r\n### 6.2 原型设计答辩PPT\r\n\r\n[点击下载prototype.pptx](http://81.69.199.136/resources/prototype.pptx \"下载链接\")\r\n\r\n[点击下载prototype(备用)](https://github.com/FZUSESPR21/meeting-system-8/blob/main/blog/%E5%AD%97%E8%8A%82%E4%B9%B1%E5%8A%A8-%E5%8E%9F%E5%9E%8B%E6%B1%87%E6%8A%A5.pdf)',44,1,10,'个人作业','www.xxxx.com',0),(12,'个人作业3','# 字节乱动队团队作业三——需求分析\r\n\r\n\r\n| 这个作业属于哪个课程 | [2021春软件工程实践\\|S班](https://edu.cnblogs.com/campus/fzu/FZUSESPR21) |\r\n| -------------------- | ------------------------------------------------------------ |\r\n| 这个作业要求在哪里   | [团队作业三——需求分析](https://edu.cnblogs.com/campus/fzu/FZUSESPR21/homework/11897) |\r\n| 团队名称             | 字节乱动                                                     |\r\n| 这个作业的目标       | 完成需求分析与原型设计                                       |\r\n| 作业正文             | [正文](https://www.cnblogs.com/eightGroup/p/14666162.html)   |\r\n| 其他参考文献         | [如何写软件需求规格说明书](https://www.jianshu.com/p/f9bcf52f4321) |\r\n\r\n\r\n[toc]\r\n\r\n## 一、项目计划安排\r\n\r\n|           时间            |                   计划安排                   | 里程碑                                        |\r\n| :-----------------------: | :------------------------------------------: | :-------------------------------------------- |\r\n| 3月16日-3月23日（已完成） |         熟悉队友，了解大体的规划安排         | 完成前后端分配，完成选题报告                  |\r\n| 4月1日-4月10日（已完成）  |               进行界面原型设计               | 提交原型设计链接、原型设计答辩PPT             |\r\n| 4月1日-4月15日（已完成）  |                 进行需求分析                 | 提交需求规格说明书、提交需求分析报告PPT       |\r\n|      4月15日-4月20日      | 团队项目系统设计评审、团队项目数据库设计评审 | 完成数据库设计、系统整体设计                  |\r\n|      4月20日-5月1日       |  制定好编码规范，完成架构设计，编写测试用例  | 完成系统初步架构、完成测试用例的编写          |\r\n|      5月1日-5月11日       |   完成并发布Alpha版本，同步推进测试与修复    | 完成测试版本的代码编写、发布Alpha版本         |\r\n|      5月11日-5月20日      |      交接、界面的优化、服务端的功能测试      | 改善系统的可用性、修复bug、完成换组人员的交接 |\r\n|      5月20日-5月31日      |       完成并发布Beta版本编写使用说明书       | 完成项目的测试与修复、发布Beta版本            |\r\n|      6月1日-6月22日       |              答辩、交付用户使用              | 交付用户使用                                  |\r\n\r\n## 二、组员分工、组员工作量比例\r\n\r\n|   学号    |  姓名  |                 工作内容                 | 贡献度 |\r\n| :-------: | :----: | :--------------------------------------: | :----- |\r\n| 221801101 | 王思皓 |          界面原型设计、博客随笔          | 12     |\r\n| 221801103 | 牙举韬 |              需求规格说明书              | 10     |\r\n| 221801106 | 郑龙海 |             需求分析报告PPT              | 12     |\r\n| 221801112 |  曹鑫  |       界面原型设计,需求规格说明书        | 14     |\r\n| 221801121 |  黄炜  | 博客随笔，原型设计评审表，需求分析评审表 | 10     |\r\n| 221801225 | 李进明 |              需求规格说明书              | 10     |\r\n| 221801237 | 黄伟为 |            界面原型设计、答辩            | 10     |\r\n| 221801305 | 陈晓汉 |           界面原型设计答辩PPT            | 10     |\r\n| 221801332 | 李达明 |               界面原型设计               | 12     |\r\n\r\n## 三、需求分析\r\n\r\n### 3.1 用况图\r\n\r\n[![cfsAC8.png](https://z3.ax1x.com/2021/04/16/cfsAC8.png)](https://imgtu.com/i/cfsAC8)\r\n\r\n\r\n\r\n### 3.2 类图\r\n\r\n[![cfsVgg.png](https://z3.ax1x.com/2021/04/16/cfsVgg.png)](https://imgtu.com/i/cfsVgg)\r\n\r\n### 3.3 活动图\r\n\r\n##### 3.3.1 成绩管理活动图\r\n\r\n[![cfsF4f.png](https://z3.ax1x.com/2021/04/16/cfsF4f.png)](https://imgtu.com/i/cfsF4f)\r\n\r\n\r\n\r\n##### 3.3.2 助教评分活动图\r\n\r\n[![cfsE8S.png](https://z3.ax1x.com/2021/04/16/cfsE8S.png)\r\n\r\n### 3.4.功能模块\r\n\r\n#### 3.4.1 web端\r\n\r\n1.登陆注册界面\r\n\r\n学生登陆：学生登陆成功跳转学生界面\r\n\r\n教师登录：教师登录成功跳转教师管理界面\r\n\r\n助教登录：助教登录成功跳转助教管理界面\r\n\r\n\r\n\r\n2.助教界面\r\n\r\n①内容管理\r\n\r\n评分细则管理：助教可以在此处发布某次作业评分细则并添加本次细则对	应的评分项。也可对评分细则和评分项进行增删改查操作。\r\n\r\n②成绩管理\r\n\r\n成绩查询：通过特定条件筛选对成绩学生进行查询操作。\r\n\r\n博客评分：直接跳转到某同学某次作业（个人作业、结对作业、团队作业）	的博客，对博客内容评分。\r\n\r\n答辩评分：可根据实践课上各个团队的团队阶段性答辩来评分。\r\n\r\n博客列表：本班同学的博客列表，可跳转到本班同学各次作业的博客并进	行博客评分。\r\n\r\n③用户管理\r\n\r\n团队管理：为本班级添加新团队，对本班级团队进行查看、修改、删除和	添	加队员操作。\r\n\r\n④学生管理\r\n\r\n展示学生列表及学生相关信息，对班级学生进行查看、修改、删除和添加	（通过文件上传）操作，点击学生详细信息之后可以查看该学生所有作业。\r\n\r\n3.学生界面\r\n\r\n①成绩查询\r\n\r\n学生可以通过筛选来查看自己的某次作业和课堂答辩的成绩。\r\n\r\n②作业提交\r\n\r\n针对某次作业提交作业内容（通过编辑器或者上传的方式），提供博客	链	接。\r\n\r\n \r\n\r\n4.教师界面\r\n\r\n①内容管理\r\n\r\n成绩查询：学生可以通过筛选来查看自己的某次作业和课堂答辩的成绩。\r\n\r\n②用户管理\r\n\r\n团队管理：可查看班级所有团队详细信息。\r\n\r\n学生管理：展示学生列表及学生相关信息，对班级学生进行查看、修改、	删	除和添加（通过文件上传）操作，点击学生详细信息之后可以查看该学	生	所有作业。\r\n\r\n③助教管理\r\n\r\n对助教进行管理工作，包括添加助教、修改助教信息和删除助教等功能。\r\n\r\n#### 3.4.2 安卓端\r\n\r\n安卓端主要面向学生\r\n\r\n1.登录注册界面\r\n\r\n学生登录和注册。\r\n\r\n\r\n\r\n2.分数查看界面\r\n\r\n学生可查看学生本人每次作业分数，提供链接跳转到相应博客。\r\n\r\n\r\n\r\n3.评分任务界面\r\n\r\n①组间评分：某学生会被本小组分配答辩中小组互评的任务。\r\n\r\n②组内评分：学生可对小组中成员根据贡献度、完成度等因素对小组成员进行评分。\r\n\r\n\r\n\r\n4.个人中心界面\r\n\r\n①结对队友：通过此功能可以寻找结对作业队友。\r\n\r\n②我的团队：查看小组内成员信息。\r\n\r\n③退出登录：退出登录。\r\n\r\n④应用设置：应用设置。\r\n\r\n⑤反馈建议：学生为app提供反馈建议。\r\n\r\n### 四、需求规格说明书\r\n\r\n[点击下载spec(修订版)](https://github.com/FZUSESPR21/meeting-system-8/blob/main/blog/%E9%9C%80%E6%B1%82%E8%A7%84%E6%A0%BC%E8%AF%B4%E6%98%8E%E4%B9%A6-%E6%9C%80%E7%BB%88%E7%89%88-%E4%BF%AE%E8%AE%A2.pdf)\r\n\r\n[点击下载spec.docx(备用)](http://81.69.199.136/resources/spec.docx \"下载地址\")\r\n\r\n###  五、需求分析报告PPT\r\n\r\n[点击下载spec.pptx](http://81.69.199.136/resources/spec.pptx \"点击下载spec.pptx\")\r\n\r\n[点击下载spec(备用)](https://github.com/FZUSESPR21/meeting-system-8/blob/main/blog/%E9%9C%80%E6%B1%82%E8%A7%84%E5%88%99ppt.pdf)\r\n\r\n## 六、原型设计\r\n\r\n### 6.1 原型设计链接\r\n\r\nweb端：https://hirh8n.axshare.com\r\n\r\n安卓端：https://z58uhl.axshare.com/#id=rd4vja\r\n\r\n整合：https://wxdzch.axshare.com/#id=rd4vja\r\n\r\n密码：zjld666\r\n\r\n### 6.2 原型设计答辩PPT\r\n\r\n[点击下载prototype.pptx](http://81.69.199.136/resources/prototype.pptx \"下载链接\")\r\n\r\n[点击下载prototype(备用)](https://github.com/FZUSESPR21/meeting-system-8/blob/main/blog/%E5%AD%97%E8%8A%82%E4%B9%B1%E5%8A%A8-%E5%8E%9F%E5%9E%8B%E6%B1%87%E6%8A%A5.pdf)',44,1,11,'个人作业','www.xxxx.com',0),(15,'test','# 字节乱动队团队作业三——需求分析\r\n\r\n\r\n| 这个作业属于哪个课程 | [2021春软件工程实践\\|S班](https://edu.cnblogs.com/campus/fzu/FZUSESPR21) |\r\n| -------------------- | ------------------------------------------------------------ |\r\n| 这个作业要求在哪里   | [团队作业三——需求分析](https://edu.cnblogs.com/campus/fzu/FZUSESPR21/homework/11897) |\r\n| 团队名称             | 字节乱动                                                     |\r\n| 这个作业的目标       | 完成需求分析与原型设计                                       |\r\n| 作业正文             | [正文](https://www.cnblogs.com/eightGroup/p/14666162.html)   |\r\n| 其他参考文献         | [如何写软件需求规格说明书](https://www.jianshu.com/p/f9bcf52f4321) |\r\n\r\n\r\n[toc]\r\n\r\n## 一、项目计划安排\r\n\r\n|           时间            |                   计划安排                   | 里程碑                                        |\r\n| :-----------------------: | :------------------------------------------: | :-------------------------------------------- |\r\n| 3月16日-3月23日（已完成） |         熟悉队友，了解大体的规划安排         | 完成前后端分配，完成选题报告                  |\r\n| 4月1日-4月10日（已完成）  |               进行界面原型设计               | 提交原型设计链接、原型设计答辩PPT             |\r\n| 4月1日-4月15日（已完成）  |                 进行需求分析                 | 提交需求规格说明书、提交需求分析报告PPT       |\r\n|      4月15日-4月20日      | 团队项目系统设计评审、团队项目数据库设计评审 | 完成数据库设计、系统整体设计                  |\r\n|      4月20日-5月1日       |  制定好编码规范，完成架构设计，编写测试用例  | 完成系统初步架构、完成测试用例的编写          |\r\n|      5月1日-5月11日       |   完成并发布Alpha版本，同步推进测试与修复    | 完成测试版本的代码编写、发布Alpha版本         |\r\n|      5月11日-5月20日      |      交接、界面的优化、服务端的功能测试      | 改善系统的可用性、修复bug、完成换组人员的交接 |\r\n|      5月20日-5月31日      |       完成并发布Beta版本编写使用说明书       | 完成项目的测试与修复、发布Beta版本            |\r\n|      6月1日-6月22日       |              答辩、交付用户使用              | 交付用户使用                                  |\r\n\r\n## 二、组员分工、组员工作量比例\r\n\r\n|   学号    |  姓名  |                 工作内容                 | 贡献度 |\r\n| :-------: | :----: | :--------------------------------------: | :----- |\r\n| 221801101 | 王思皓 |          界面原型设计、博客随笔          | 12     |\r\n| 221801103 | 牙举韬 |              需求规格说明书              | 10     |\r\n| 221801106 | 郑龙海 |             需求分析报告PPT              | 12     |\r\n| 221801112 |  曹鑫  |       界面原型设计,需求规格说明书        | 14     |\r\n| 221801121 |  黄炜  | 博客随笔，原型设计评审表，需求分析评审表 | 10     |\r\n| 221801225 | 李进明 |              需求规格说明书              | 10     |\r\n| 221801237 | 黄伟为 |            界面原型设计、答辩            | 10     |\r\n| 221801305 | 陈晓汉 |           界面原型设计答辩PPT            | 10     |\r\n| 221801332 | 李达明 |               界面原型设计               | 12     |\r\n\r\n## 三、需求分析\r\n\r\n### 3.1 用况图\r\n\r\n[![cfsAC8.png](https://z3.ax1x.com/2021/04/16/cfsAC8.png)](https://imgtu.com/i/cfsAC8)\r\n\r\n\r\n\r\n### 3.2 类图\r\n\r\n[![cfsVgg.png](https://z3.ax1x.com/2021/04/16/cfsVgg.png)](https://imgtu.com/i/cfsVgg)\r\n\r\n### 3.3 活动图\r\n\r\n##### 3.3.1 成绩管理活动图\r\n\r\n[![cfsF4f.png](https://z3.ax1x.com/2021/04/16/cfsF4f.png)](https://imgtu.com/i/cfsF4f)\r\n\r\n\r\n\r\n##### 3.3.2 助教评分活动图\r\n\r\n[![cfsE8S.png](https://z3.ax1x.com/2021/04/16/cfsE8S.png)\r\n\r\n### 3.4.功能模块\r\n\r\n#### 3.4.1 web端\r\n\r\n1.登陆注册界面\r\n\r\n学生登陆：学生登陆成功跳转学生界面\r\n\r\n教师登录：教师登录成功跳转教师管理界面\r\n\r\n助教登录：助教登录成功跳转助教管理界面\r\n\r\n\r\n\r\n2.助教界面\r\n\r\n①内容管理\r\n\r\n评分细则管理：助教可以在此处发布某次作业评分细则并添加本次细则对	应的评分项。也可对评分细则和评分项进行增删改查操作。\r\n\r\n②成绩管理\r\n\r\n成绩查询：通过特定条件筛选对成绩学生进行查询操作。\r\n\r\n博客评分：直接跳转到某同学某次作业（个人作业、结对作业、团队作业）	的博客，对博客内容评分。\r\n\r\n答辩评分：可根据实践课上各个团队的团队阶段性答辩来评分。\r\n\r\n博客列表：本班同学的博客列表，可跳转到本班同学各次作业的博客并进	行博客评分。\r\n\r\n③用户管理\r\n\r\n团队管理：为本班级添加新团队，对本班级团队进行查看、修改、删除和	添	加队员操作。\r\n\r\n④学生管理\r\n\r\n展示学生列表及学生相关信息，对班级学生进行查看、修改、删除和添加	（通过文件上传）操作，点击学生详细信息之后可以查看该学生所有作业。\r\n\r\n3.学生界面\r\n\r\n①成绩查询\r\n\r\n学生可以通过筛选来查看自己的某次作业和课堂答辩的成绩。\r\n\r\n②作业提交\r\n\r\n针对某次作业提交作业内容（通过编辑器或者上传的方式），提供博客	链	接。\r\n\r\n \r\n\r\n4.教师界面\r\n\r\n①内容管理\r\n\r\n成绩查询：学生可以通过筛选来查看自己的某次作业和课堂答辩的成绩。\r\n\r\n②用户管理\r\n\r\n团队管理：可查看班级所有团队详细信息。\r\n\r\n学生管理：展示学生列表及学生相关信息，对班级学生进行查看、修改、	删	除和添加（通过文件上传）操作，点击学生详细信息之后可以查看该学	生	所有作业。\r\n\r\n③助教管理\r\n\r\n对助教进行管理工作，包括添加助教、修改助教信息和删除助教等功能。\r\n\r\n#### 3.4.2 安卓端\r\n\r\n安卓端主要面向学生\r\n\r\n1.登录注册界面\r\n\r\n学生登录和注册。\r\n\r\n\r\n\r\n2.分数查看界面\r\n\r\n学生可查看学生本人每次作业分数，提供链接跳转到相应博客。\r\n\r\n\r\n\r\n3.评分任务界面\r\n\r\n①组间评分：某学生会被本小组分配答辩中小组互评的任务。\r\n\r\n②组内评分：学生可对小组中成员根据贡献度、完成度等因素对小组成员进行评分。\r\n\r\n\r\n\r\n4.个人中心界面\r\n\r\n①结对队友：通过此功能可以寻找结对作业队友。\r\n\r\n②我的团队：查看小组内成员信息。\r\n\r\n③退出登录：退出登录。\r\n\r\n④应用设置：应用设置。\r\n\r\n⑤反馈建议：学生为app提供反馈建议。\r\n\r\n### 四、需求规格说明书\r\n\r\n[点击下载spec(修订版)](https://github.com/FZUSESPR21/meeting-system-8/blob/main/blog/%E9%9C%80%E6%B1%82%E8%A7%84%E6%A0%BC%E8%AF%B4%E6%98%8E%E4%B9%A6-%E6%9C%80%E7%BB%88%E7%89%88-%E4%BF%AE%E8%AE%A2.pdf)\r\n\r\n[点击下载spec.docx(备用)](http://81.69.199.136/resources/spec.docx \"下载地址\")\r\n\r\n###  五、需求分析报告PPT\r\n\r\n[点击下载spec.pptx](http://81.69.199.136/resources/spec.pptx \"点击下载spec.pptx\")\r\n\r\n[点击下载spec(备用)](https://github.com/FZUSESPR21/meeting-system-8/blob/main/blog/%E9%9C%80%E6%B1%82%E8%A7%84%E5%88%99ppt.pdf)\r\n\r\n## 六、原型设计\r\n\r\n### 6.1 原型设计链接\r\n\r\nweb端：https://hirh8n.axshare.com\r\n\r\n安卓端：https://z58uhl.axshare.com/#id=rd4vja\r\n\r\n整合：https://wxdzch.axshare.com/#id=rd4vja\r\n\r\n密码：zjld666\r\n\r\n### 6.2 原型设计答辩PPT\r\n\r\n[点击下载prototype.pptx](http://81.69.199.136/resources/prototype.pptx \"下载链接\")\r\n\r\n[点击下载prototype(备用)](https://github.com/FZUSESPR21/meeting-system-8/blob/main/blog/%E5%AD%97%E8%8A%82%E4%B9%B1%E5%8A%A8-%E5%8E%9F%E5%9E%8B%E6%B1%87%E6%8A%A5.pdf)',43,1,1,'团队作业','https://www.cnblogs.com/eightGroup/p/14770348.html',1),(16,'123','123',44,1,12,'个人作业',NULL,0),(17,'123','2423123',44,1,14,'个人作业',NULL,1),(18,'我知道了','#我知道了',44,1,18,'个人作业',NULL,1),(19,'啊实打实的','#凄凄切切群群群群群群群群群群群',44,1,19,'个人作业',NULL,1),(20,'字节乱动——团队作业一种子队伍选拔团队展示','# [字节乱动——团队作业一种子队伍选拔团队展示](https://www.cnblogs.com/eightGroup/p/14584977.html)\n\n# 团队作业第一次\n\n\n\n”\n\n| 这个作业属于哪个课程？ | [2021春软件工程实践\\|S班（福州大学）](https://edu.cnblogs.com/campus/fzu/FZUSESPR21) |\n| ---------------------- | ------------------------------------------------------------ |\n| 这个作业的要求在哪里？ | [团队第一次作业](https://edu.cnblogs.com/campus/fzu/FZUSESPR21/homework/11847) |\n| 团队名称               | 字节乱动队                                                   |\n| 这个作业的目标         | 体验团队合作，检验知识掌握                                   |\n| 参考文献               | 《构建之法》，《Android第一行代码》                          |\n\n\n\n \n\n## 一、 团队名称\n\n- 名称：*字节乱动队*\n- 来源：民主投票\n\n## 二、团队项目描述\n\n- 对《软件工程实践》数次个人或团队作业过程中，助教，老师和团队成员互评的评分进行数据统计，展示。\n\n## 三、队员风采\n\n- 队长：\n  - 学号：221801101\n  - 成员姓名：王思皓\n  - 成员博客园地址:https://www.cnblogs.com/scott233\n  - 成员性格：闷骚，拖延症晚期\n  - 擅长的技术：Android，Kotlin\n  - 兴趣爱好：吃饭睡觉喝奶茶敲代码\n  - 希望的软工角色：写Android的\n  - 一句slogan: 有志者，事竟成\n- 队员：\n  - 学号：221801112\n  - 成员姓名：曹鑫\n  - 成员博客园地址:https://www.cnblogs.com/er-gou/#begin\n  - 成员性格：表里不一\n  - 擅长的技术：SpringMVC(了解)\n  - 兴趣爱好：吃喝玩乐。\n  - 希望的软工角色：后端\n  - 一句slogan: just do it\n- 队员：\n  - 学号：221801106\n  - 成员姓名：郑龙海\n  - 成员博客园地址：https://www.cnblogs.com/hector-1/\n  - 成员性格：性情平和\n  - 擅长的技术：JAVA\n  - 兴趣爱好：动漫，唱歌\n  - 希望的明星：周杰伦\n  - 希望的软工角色：前端 ，后端\n  - 一句slogan: 努力做好自己，活得开心点\n- 队员\n  - 学号：221801332\n  - 成员姓名：李达明\n  - 成员博客园地址:https://www.cnblogs.com/sblogs/\n  - 成员性格：乐观\n  - 擅长的技术：C++，Java\n  - 兴趣爱好：下棋，听相声\n  - 希望的软工角色：前端\n  - 一句slogan: 不负遇见\n- 队员\n  - 学号：221801103\n  - 成员姓名：牙举韬\n  - 成员博客园地址:https://www.cnblogs.com/xiaosili/\n  - 成员性格：和善\n  - 擅长的技术： java\n  - 兴趣爱好：电影、音乐\n  - 希望的软工角色：后端\n  - 一句slogan:天将降大任于斯人也，必先苦其心志，劳其筋骨，饿其体肤，空乏其身，行拂乱其所为也，所以动心忍性，增益其所不能。\n- 队员\n  - 学号：221801225\n  - 成员姓名：李进明\n  - 成员博客园地址:https://www.cnblogs.com/-225\n  - 成员性格：喜欢自由，比较懒散，不过我也是会认真起来的\n  - 擅长的技术：C语言\n  - 兴趣爱好：羽毛球、游戏、动漫、音乐\n  - 希望的软工角色：前端，以及力所能及的事\n  - 一句slogan: 总不能一事无成吧\n- 队员\n  - 学号：221801305\n  - 成员姓名：陈晓汉\n  - 成员博客园地址：https://www.cnblogs.com/cxhblog\n  - 成员性格：腼腆，不善表达\n  - 擅长的技术：无有所长，仅拿学分\n  - 兴趣爱好：电子竞技\n  - 希望的软工角色：不知道干啥，安排后端开发\n  - 一句slogan: 努力学习新技术，加油不做混分人\n- 队员\n  - 学号：221801121\n  - 成员姓名：黄炜\n  - 成员博客园地址：https://www.cnblogs.com/221801121hw\n  - 成员性格：随和\n  - 擅长的技术：Web前端\n  - 兴趣爱好：电影、游戏\n  - 希望的软工角色：前端、后端、测试、PM、测试\n  - 一句slogan: 学习新知识，争做新青年（阿巴阿巴阿巴。。。）\n- 队员\n  - 学号：221801237\n  - 成员姓名：黄伟为\n  - 成员博客园地址:https://www.cnblogs.com/z1205101977\n  - 成员性格：冷静\n  - 擅长的技术：前端\n  - 兴趣爱好：乒乓球\n  - 希望的软工角色：PM\n  - 一句slogan:一步一步实现目标\n\n \n\n## 4.团队的首次合照\n\n![img](https://img2020.cnblogs.com/blog/2334702/202103/2334702-20210327095025613-1242578072.jpg)\n\n \n\n \n\n## 5.团队绩效考核方案\n\n![img](https://img2020.cnblogs.com/blog/2334702/202103/2334702-20210327095035404-1050348029.png)\n\n \n\n \n\n## 6.团队的愿景\n\n \n\n> 221801101：\n>\n> 以前写代码都是一个人Solo，写出来的Demo只能在自己的手机上运行，也没有后端连不上网。这次想体验一波前后端分离的团队协作，结识几位后端大佬。希望能弄出个有模有样的小东西、有所收获吧。\n\n \n\n> 221801112：\n>\n> 首先，希望能够完成并做出一个相比以往有所进步的评分系统。我们的项目能够满足现阶段的一些需求和具有一定的实用性；希望大家都能够在项目进行的过程中学习的到自己想要学习的知识。最后，希望大家合作愉快。\n\n \n\n> 221801106：\n>\n> 希望可以设计一个简易实用的APP，来减少老师和助教统计学生软件工程实践所得分数的时间。希望团队成员可以互帮互助，共同进步，学习新的知识，锻炼自身项目经验。\n\n \n\n> 221801332：\n>\n> 希望团队通过本次实践以及互相的交流学习，了解该行业的工作模式，对已学的进行巩固，学习新的技术，扩展自己。\n\n \n\n> 221801103：\n>\n> 希望通过这次团队合作能认真学习相关技术，在实践中不断发现自己的不足和缺点，并克服之。认识自己想做什么，能做什么，更适合什么，学会和同学朋友们在完成任务的过程中交流沟通。同时也希望能结识更多新朋友，互相学习进步，开阔自己的视野。\n\n \n\n> 221801225：\n>\n> 在通过这次实践，锻炼自己社交能力，增加自己团队合作的经验，收获知识也收获友谊。\n\n \n\n> 221801305：\n>\n> 希望团队的每个人能够为了共同的目标而努力，各司其职，步步为营，遇到困难能够共同承担，互相帮助。虽然一开始大家都不是很熟悉，但是通过磨合希望团队间的关系会变得融洽，大家都能在这个项目中有所成长。\n\n \n\n> 221801121：\n>\n> 希望通过这个项目减轻老师和助教的负担，减少重复性的工作，希望在团队合作中学习新知识并学以致用，锻炼自己的能力。\n\n \n\n> 221801237：\n>\n> 希望通过这次项目能够了解到团队合作的整个流程，从中学习新知识并且掌握，圆满完成这个项目。',43,1,5,'团队作业','https://www.cnblogs.com/eightGroup/p/14770426.html',1),(21,'cxh的作业','|作业的基本信息||\n|:--|:--:|\n|这个作业属于哪个课程|[班级的链接](https://edu.cnblogs.com/campus/fzu/FZUSESPR21/)|\n|这个作业要求在哪里|[作业要求的链接](https://edu.cnblogs.com/campus/fzu/FZUSESPR21/homework/11672)|\n|这个作业的目标|重读《构建之法》并提问，学习使用Git和GitHub，完成WordCount作业，学习并进行单元测试，撰写作业博客|\n|作业正文|...|\n|其他参考文献|[《构建之法》](https://www.cnblogs.com/xinz/archive/2011/11/27/2265425.html)、[git教程](https://www.liaoxuefeng.com/wiki/896043488029600)、[Github的使用](https://www.cnblogs.com/jhy16193335/p/11477334.html)、[预培训文档C++版](https://www.cnblogs.com/SivilTaram/p/software_pretraining_cpp.html)等|\n[toc]\n## 1、阅读《构建之法》后的问题\n> **问题一：在[《IT行业的创新-创新的迷思（5-6）》](https://www.cnblogs.com/xinz/archive/2011/07/10/2102310.html)中，迷思之五部分有这样一句话：“70% 的创新者说, 他们最成功的创新, 是在他们的拿手领域之外发现的。”，虽然文章中举了些例子，但我对这个比例还是有疑问。**\n+ 按我个人的经验，一个外行人如何能在其他领域创新呢，在某领域创新难道不需要精通这些行业的知识吗？就算真的出于某些偶然的因素，他做到了，但这个比例也不应该是70%啊，难道大部分创新都是偶然？鉴于个人观点的片面性，我就这句话百度到了几篇相关文章博文，其中有赞同的，也有反对的。但并没有直接证据说明这句话的对错。\n我对这些看法作的总结如下:\n\n+ 支持:“当局者迷”，领域内的专家由于拘于熟悉的知识而欠缺新的思考，往往不知如何突破。而领域之外的执着的人却会因为一个想法而刨根问底，不懈追求，最终创造专家都想不出来的新东西。另一种支持的观点是这70%的创新中部分是商业模式的创新，不关乎核心技术，正如[《创新 - 王屋村的魔方们》](https://www.cnblogs.com/xinz/archive/2011/08/04/2128015.html)中二柱同学的做法。\n\n+ 反对: 创新应该基于对该领域的深刻理解与知识储备，就好比一个小学生他做不出高数题，但有的题目他可以蒙出答案。\n> **问题二：创新的时机跟黄金点游戏有关联吗？**\n+ 我看了[《创新的时机 – 黄金点游戏》](https://www.cnblogs.com/xinz/archive/2011/08/08/2130505.html)这篇博文，博文中邹老师谈到了黄金点游戏以及对这个游戏的几点领悟，但是我觉得跟创新的时机没什么关系。关于时机，“只先一步”部分有这样一段话：“**那些成功的企业只是比大众的平均值先走了一小步（平均值 * 0.618）, 就是这一小步, 让大部分人看到了产品的“相对优势”从而接受产品。关于技术创新,  一些趋势（例如社会网络），大家早就看到了, 也有一些产品推出, 但是往往最后成功的产品成功在时机上。**”，“Technology  Hype Cycle”部分也提到：“**说到时机, 任何新技术都有一个自身发展的规律，Gartner 的Jackie  Fenn 写了一个很有意思的报告, 提到了Technology Hype Cycle。**”我对这两部分的理解总结为：新产品在合适的时机推出才能获取成功，此前这个产品可能经历了几个发展换代阶段。但我觉得创新是创造新产品，创新的时机肯定是领先于产品推出的时机，正如文中说的：“**做前沿研究的人, 可以早于其他人很多年提出新想法, 但是这些想法一般都是在“Innovator” 那个圈子里有影响,  这些想法要等若干年才能由成功的企业家看准时机推向大众市场。**”，所以我认为黄金点游戏是跟推出新产品的时机有关联而不是创新的时机。\n> **问题三：软件创新的出路真的是“走进作坊”？**\n+ 邹老师在[《软件工程讲义 9 创新的出路 走进作坊》](https://www.cnblogs.com/xinz/archive/2011/12/31/2309002.html)中对于软件创新的出路提出了“走进作坊”的观点。原文中有这样一句话：“这些好的作坊, 都有这些核心特性: 从小事做起, 讲究质量, 信用, 对产品负责, 对工作自豪。”，我学识有限，对这篇文章笼统地理解为：创新的出路是作坊是因为好的作坊有匠人精神。感觉我的怀疑没什么依据，要说源头大概就是如原文中说的“哪里都有盗版, 哪里都有抄袭, 哪里都有竞争”，上网去搜索出路什么的大部分都是讲创新是出路，缺少实践的东西。只能说直觉告诉我走进作坊不错，但实际操作起来把它当做创新的出路真的可行吗，是不是大家一起“走进作坊”，我国软件业的创新就能搞起来了呢？\n> **问题四：如何应对“主治医师模式”?**\n+ 我读了[《团队和流程》](https://www.cnblogs.com/xinz/archive/2011/10/07/2200511.html)这篇博文，里面谈到了几种团队模式和软件开发模式。原文中有这样一段话：‘主治医师模式的退化: 在一些学校里, 软件工程的团队模式往往退化为“一个学生干活, 其余学生跟着打酱油。”’，即将面临软件工程实践课的组队，由于能力、性格的不同难免会形成各种团队模式。如果我有幸遇到这种模式，估计就是一打酱油的。所以一个团队如果能干活人的较少，但是为了项目能够进行下去，应该怎么做？\n> **问题五：什么是单元测试的自动化?**\n+ 读过[《单元测试&回归测试》](https://www.cnblogs.com/xinz/archive/2011/11/20/2255830.html)这篇博文，谈到了单元测试的自动化。原文是这样的:“另一个重要的措施是要把单元测试自动化，这样每个人都能很容易地运行它，并且可以使单元测试每天都运行。每个人都可以随时在自己的机器上运行。团队一般是在每日构建中运行单元测试的，这样每个单元测试的错误就能及时被发现并得到修改。”，虽然这次作业大概走了一遍单元测试流程，我还是想弱弱地问一句，比如VS上新建单元测试项目，编写好单元测试运行，是不是就算单元测试自动化了？\n## 2、WordCount编程\n### 2.1、Github项目地址\n+ [点此跳转](https://github.com/fzuDanielRogers/PersonalProject-C)\n### 2.2、PSP表格\n+ 由于时间不多，没有详细计划准备。所以表格只填了有大概统计的步骤。\n\n| PSP阶段 | 预估耗时（分钟）| 实际耗时（分钟）|\n|:--|:--:|:--:|\n| 计划 |          ||\n| • 估计这个任务需要多少时间         |   0|1|\n| 开发                     |  |\n| • 需求分析 (包括学习新技术)       |          60|120|\n| • 生成设计文档               | |\n| • 设计复审                 | | |\n| • 代码规范 (为目前的开发制定合适的规范) |30|60|\n| • 具体设计                 |||\n| • 具体编码                 |600|480|\n| • 代码复审                 ||\n| • 测试（自我测试，修改代码，提交修改）   |120|480|\n| 报告                     ||\n| • 测试报告               ||\n| • 计算工作量                ||\n| • 事后总结, 并提出过程改进计划      ||\n| 合计  |810|1141|\n### 2.3、解题思路描述\n之前感觉来不及，没有针对题目进行完整构想后再动手，边写边想的。\n+ **step1.**拿到题目，浏览一下发现关乎文件读写，所以先复习一下相关知识。输入用到命令行参数的形式，由于少接触需要测试一下。\n\n+ **step2.**然后具体看实现要求，总共有4个要求。粗略看来1、3比较简单主要与字符有关，2、4比较难应该还涉及字符串的处理。可以秉着先易后难的原则分四个部分逐一实现。\n\n+ **step3.**在命令行的环境下完成要求1和3后，再看要求2，发现其实和要求1、2一样主要是针对字符的处理。除了对字符的判断以外，在读取的过程构建单词并对单词合法性进行判断就好了。\n\n+ **step4.**完成了2之后，发现4的功能似乎也不难实现，因为前面统计词数的时候就能够将单词提取出来，剩下的就是单词的存储和排序，这里存储用结构体，由于比较熟悉vector，所以尝试用sort对该结构体类型的vector进行排序。\n\n### 2.4、代码规范制定链接\n+ [点此跳转](https://github.com/fzuDanielRogers/PersonalProject-C/blob/main/221801305/codestyle.md)\n\n### 2.5、计算模块接口设计与实现过程\n> **主要写了四个函数来实现功能**\n```C++\nint countCharacter(char*);\nint countLine(char*);\nint countWord(char*);\nvoid sortWord();\n```\n+ 四个主要函数相对独立。\n+ **这边主要说明sortWord和countWord的关系:**程序中声明了一个Word结构体类型的全局vector数组**words**用来存放文件中统计的单词和它的频数。countWord函数负责返回统计的单词个数，此外，其在读取单词的过程中会调用函数isExist，该函数负责判断单词是否已在words中，对已有的单词直接增加频数；若单词不在words中则返回假，于是，countWord将当前读到的单词加入words。函数sortWord则在countWord执行完后对words中的结果进行排序，即排序单词数组(因此之前说countWord的结果会影响sortWord)，sortWord排序的方法是调用标准库中的函数sort()，使用该函数前需要针对自定义类型(我的程序中是Word类型的结构体)进行 < 运算符的重载。\n\n+ 新增函数间的关系流程图如下。其中没有注释的直箭头表示顺序执行，重复出现的 x 表示当前函数的返回值。\n![流程图](https://images.cnblogs.com/cnblogs_com/cxhblog/1925157/o_210312061119page_1.png)\n\n**这四个函数的关键代码如下:**\n> **用于统计字符数的countCharacter**\n```C++\nwhile (fin.get(ch))\n{\n  if ((ch >= 32 && ch <= 126) || ch == 9 || ch == 10 || ch == 13)\n  {\n    chNumber++;\n  }\n}\n```\n> **用于统计行数的countLine**\n```C++\nchar ch;\nint judge = 0;//用于判断一行中是否有非空白符\nint lineNumber = 0;\nwhile (fin.get(ch))\n{\n  if (ch == 10)\n  {\n    if (judge)\n      lineNumber++;\n    judge = 0;\n  }\n  if (ch >= 33 && ch <= 126)\n    judge = 1;\n}\n```\n+ 变量judge在遇到非空白符的时候置1，成功统计一行后置0。\n\n> **用于统计单词数的countWord**\n```C++\nif ((ch >= \'a\' && ch <= \'z\') || (ch >= \'A\' && ch <= \'Z\') || (ch >= \'0\' && ch <= \'9\'))\n{\n  word += ch;\n}\nelse\n{\n  judge = isWord(word);\n  if (judge)\n  {\n    //cout << word << endl;\n    word = convertToLower(word);\n\n    if (!isExist(word))\n    {\n      oneWord.word = word;\n      words.push_back(oneWord);\n    }\n\n    wordNumber++;\n    judge = false;\n  }\n  word = \"\";\n}\n```\n+ string对象word用来临时存放读到的单词。函数convertToLower将单词转为小写并返回，函数isWord和isExist分别用来判断单词是否合法和被统计过。\n> **用于排序单词的sortWord**\n```C++\nbool operator<(Word& w1, Word& w2)\n{\n    if (w1.frequency == w2.frequency)\n    {\n        return w1.word < w2.word;\n    }\n    else\n        return w1.frequency > w2.frequency;\n}\nvoid sortWord()\n{\n    sort(words.begin(), words.end());\n}\n```\n### 2.6、性能改进\n+ 下面是对主函数加上循环后用性能探查器得到的CPU使用率的截图。\n\n![性能分析](https://images.cnblogs.com/cnblogs_com/cxhblog/1925157/o_210305063226%E9%87%8D%E5%91%BD%E5%90%8D.png)\n+ countWord占用了过半的运行时间，因为其要调用其他函数，进行多次循环判断。\n\n性能改进暂时不知道如何改进，估计得从整个算法入手，进行代码重构。\n### 2.7、单元测试\n+ 下面是部分单元测试的代码，~~估计写得不咋地~~。\n```C++\nTEST_CLASS(MainFunctions)\n{\npublic:\n\n  TEST_METHOD(TestMethod1)\n  {\n    fstream f(\"in.txt\", ios::out);\n    for (int i = 0;i < 10;i++)\n    {\n      f << \"hhh真不错 windows\" << \'\\n\';\n    }\n    f.close();\n    int number = 120;\n    char str[] = \"in.txt\";\n    Assert::AreEqual(countCharacter(str), number);\n  }\n\n  TEST_METHOD(TestMethod2)\n  {\n    fstream f(\"in.txt\", ios::out);\n    for (int i = 0;i < 1000;i++)\n    {\n      f << \"hhh\" << \'\\n\';\n    }\n    f.close();\n    int number = 1000;\n    char str[] = \"in.txt\";\n    Assert::AreEqual(countLine(str), number);\n  }\n\n  TEST_METHOD(TestMethod3)\n  {\n    fstream f(\"in.txt\", ios::out);\n    for (int i = 0;i < 10;i++)\n    {\n      f << \"hhh真不错windows Windows\" << \'\\n\';\n    }\n    f.close();\n    int number = 20;\n    char str[] = \"in.txt\";\n    Assert::AreEqual(countWord(str), number);\n  }\n};\n```\n+ 代码覆盖率用VS好像看不了。所有测试的通过截图如下:\n\n![测试结果](https://images.cnblogs.com/cnblogs_com/cxhblog/1925157/o_210305054832%E6%B5%8B%E8%AF%95%E7%BB%93%E6%9E%9C.png)\n### 2.8、异常处理说明\n+ 代码中没写什么异常处理。文件打开失败的话会直接退出程序。\n### 2.9、心路历程与收获\n+ 这个随便讲讲吧(~~假大空?~~,太难了，实事求是吧)。\n\n+ 我就做作业的过程讲讲我的心路历程。个人拖延的毛病比较重，宅家不想写作业，作业很晚才开始动工的。所以做作业的时候全程感觉**压力大**，因为不仅要学新的东西，还要写新的东西，还得认真学，还得尽量快点(~~我只想说我尽力了~~)。中途的时候**心态炸**了几次，因为编程出了bug，不知道在哪修，刚想**放弃挣扎**的时候来一个峰回路转(~~发现错在了细节上~~)，这时候真的是庆幸又十分不爽。好在最后**坚持到底**把作业交了。\n+ 收获除了学了些新东西外，还有成功加强了我的自知之明————吾是菜鸡，以及让我意识到~~我离当场去世又近了一步~~。',43,1,15,'个人作业','',1),(22,'给力——团队作业一种子队伍选拔团队展示','# [给力——团队作业一种子队伍选拔团队展示](https://www.cnblogs.com/eightGroup/p/14584977.html)\n\n# 团队作业第一次\n\n\n\n”\n\n| 这个作业属于哪个课程？ | [2021春软件工程实践\\|S班（福州大学）](https://edu.cnblogs.com/campus/fzu/FZUSESPR21) |\n| ---------------------- | ------------------------------------------------------------ |\n| 这个作业的要求在哪里？ | [团队第一次作业](https://edu.cnblogs.com/campus/fzu/FZUSESPR21/homework/11847) |\n| 团队名称               | 字节乱动队                                                   |\n| 这个作业的目标         | 体验团队合作，检验知识掌握                                   |\n| 参考文献               | 《构建之法》，《Android第一行代码》                          |\n\n\n\n \n\n## 一、 团队名称\n\n- 名称：*字节乱动队*\n- 来源：民主投票\n\n## 二、团队项目描述\n\n- 对《软件工程实践》数次个人或团队作业过程中，助教，老师和团队成员互评的评分进行数据统计，展示。\n\n## 三、队员风采\n\n- 队长：\n  - 学号：221801101\n  - 成员姓名：王思皓\n  - 成员博客园地址:https://www.cnblogs.com/scott233\n  - 成员性格：闷骚，拖延症晚期\n  - 擅长的技术：Android，Kotlin\n  - 兴趣爱好：吃饭睡觉喝奶茶敲代码\n  - 希望的软工角色：写Android的\n  - 一句slogan: 有志者，事竟成\n- 队员：\n  - 学号：221801112\n  - 成员姓名：曹鑫\n  - 成员博客园地址:https://www.cnblogs.com/er-gou/#begin\n  - 成员性格：表里不一\n  - 擅长的技术：SpringMVC(了解)\n  - 兴趣爱好：吃喝玩乐。\n  - 希望的软工角色：后端\n  - 一句slogan: just do it\n- 队员：\n  - 学号：221801106\n  - 成员姓名：郑龙海\n  - 成员博客园地址：https://www.cnblogs.com/hector-1/\n  - 成员性格：性情平和\n  - 擅长的技术：JAVA\n  - 兴趣爱好：动漫，唱歌\n  - 希望的明星：周杰伦\n  - 希望的软工角色：前端 ，后端\n  - 一句slogan: 努力做好自己，活得开心点\n- 队员\n  - 学号：221801332\n  - 成员姓名：李达明\n  - 成员博客园地址:https://www.cnblogs.com/sblogs/\n  - 成员性格：乐观\n  - 擅长的技术：C++，Java\n  - 兴趣爱好：下棋，听相声\n  - 希望的软工角色：前端\n  - 一句slogan: 不负遇见\n- 队员\n  - 学号：221801103\n  - 成员姓名：牙举韬\n  - 成员博客园地址:https://www.cnblogs.com/xiaosili/\n  - 成员性格：和善\n  - 擅长的技术： java\n  - 兴趣爱好：电影、音乐\n  - 希望的软工角色：后端\n  - 一句slogan:天将降大任于斯人也，必先苦其心志，劳其筋骨，饿其体肤，空乏其身，行拂乱其所为也，所以动心忍性，增益其所不能。\n- 队员\n  - 学号：221801225\n  - 成员姓名：李进明\n  - 成员博客园地址:https://www.cnblogs.com/-225\n  - 成员性格：喜欢自由，比较懒散，不过我也是会认真起来的\n  - 擅长的技术：C语言\n  - 兴趣爱好：羽毛球、游戏、动漫、音乐\n  - 希望的软工角色：前端，以及力所能及的事\n  - 一句slogan: 总不能一事无成吧\n- 队员\n  - 学号：221801305\n  - 成员姓名：陈晓汉\n  - 成员博客园地址：https://www.cnblogs.com/cxhblog\n  - 成员性格：腼腆，不善表达\n  - 擅长的技术：无有所长，仅拿学分\n  - 兴趣爱好：电子竞技\n  - 希望的软工角色：不知道干啥，安排后端开发\n  - 一句slogan: 努力学习新技术，加油不做混分人\n- 队员\n  - 学号：221801121\n  - 成员姓名：黄炜\n  - 成员博客园地址：https://www.cnblogs.com/221801121hw\n  - 成员性格：随和\n  - 擅长的技术：Web前端\n  - 兴趣爱好：电影、游戏\n  - 希望的软工角色：前端、后端、测试、PM、测试\n  - 一句slogan: 学习新知识，争做新青年（阿巴阿巴阿巴。。。）\n- 队员\n  - 学号：221801237\n  - 成员姓名：黄伟为\n  - 成员博客园地址:https://www.cnblogs.com/z1205101977\n  - 成员性格：冷静\n  - 擅长的技术：前端\n  - 兴趣爱好：乒乓球\n  - 希望的软工角色：PM\n  - 一句slogan:一步一步实现目标\n\n \n\n## 4.团队的首次合照\n\n![img](https://img2020.cnblogs.com/blog/2334702/202103/2334702-20210327095025613-1242578072.jpg)\n\n \n\n \n\n## 5.团队绩效考核方案\n\n![img](https://img2020.cnblogs.com/blog/2334702/202103/2334702-20210327095035404-1050348029.png)\n\n \n\n \n\n## 6.团队的愿景\n\n \n\n> 221801101：\n>\n> 以前写代码都是一个人Solo，写出来的Demo只能在自己的手机上运行，也没有后端连不上网。这次想体验一波前后端分离的团队协作，结识几位后端大佬。希望能弄出个有模有样的小东西、有所收获吧。\n\n \n\n> 221801112：\n>\n> 首先，希望能够完成并做出一个相比以往有所进步的评分系统。我们的项目能够满足现阶段的一些需求和具有一定的实用性；希望大家都能够在项目进行的过程中学习的到自己想要学习的知识。最后，希望大家合作愉快。\n\n \n\n> 221801106：\n>\n> 希望可以设计一个简易实用的APP，来减少老师和助教统计学生软件工程实践所得分数的时间。希望团队成员可以互帮互助，共同进步，学习新的知识，锻炼自身项目经验。\n\n \n\n> 221801332：\n>\n> 希望团队通过本次实践以及互相的交流学习，了解该行业的工作模式，对已学的进行巩固，学习新的技术，扩展自己。\n\n \n\n> 221801103：\n>\n> 希望通过这次团队合作能认真学习相关技术，在实践中不断发现自己的不足和缺点，并克服之。认识自己想做什么，能做什么，更适合什么，学会和同学朋友们在完成任务的过程中交流沟通。同时也希望能结识更多新朋友，互相学习进步，开阔自己的视野。\n\n \n\n> 221801225：\n>\n> 在通过这次实践，锻炼自己社交能力，增加自己团队合作的经验，收获知识也收获友谊。\n\n \n\n> 221801305：\n>\n> 希望团队的每个人能够为了共同的目标而努力，各司其职，步步为营，遇到困难能够共同承担，互相帮助。虽然一开始大家都不是很熟悉，但是通过磨合希望团队间的关系会变得融洽，大家都能在这个项目中有所成长。\n\n \n\n> 221801121：\n>\n> 希望通过这个项目减轻老师和助教的负担，减少重复性的工作，希望在团队合作中学习新知识并学以致用，锻炼自己的能力。\n\n \n\n> 221801237：\n>\n> 希望通过这次项目能够了解到团队合作的整个流程，从中学习新知识并且掌握，圆满完成这个项目。',58,2,5,'团队作业',NULL,1),(23,'秃鸡队——团队作业一种子队伍选拔团队展示','# [秃鸡队——团队作业一种子队伍选拔团队展示](https://www.cnblogs.com/eightGroup/p/14584977.html)\n\n# 团队作业第一次\n\n\n\n”\n\n| 这个作业属于哪个课程？ | [2021春软件工程实践\\|S班（福州大学）](https://edu.cnblogs.com/campus/fzu/FZUSESPR21) |\n| ---------------------- | ------------------------------------------------------------ |\n| 这个作业的要求在哪里？ | [团队第一次作业](https://edu.cnblogs.com/campus/fzu/FZUSESPR21/homework/11847) |\n| 团队名称               | 字节乱动队                                                   |\n| 这个作业的目标         | 体验团队合作，检验知识掌握                                   |\n| 参考文献               | 《构建之法》，《Android第一行代码》                          |\n\n\n\n \n\n## 一、 团队名称\n\n- 名称：*字节乱动队*\n- 来源：民主投票\n\n## 二、团队项目描述\n\n- 对《软件工程实践》数次个人或团队作业过程中，助教，老师和团队成员互评的评分进行数据统计，展示。\n\n## 三、队员风采\n\n- 队长：\n  - 学号：221801101\n  - 成员姓名：王思皓\n  - 成员博客园地址:https://www.cnblogs.com/scott233\n  - 成员性格：闷骚，拖延症晚期\n  - 擅长的技术：Android，Kotlin\n  - 兴趣爱好：吃饭睡觉喝奶茶敲代码\n  - 希望的软工角色：写Android的\n  - 一句slogan: 有志者，事竟成\n- 队员：\n  - 学号：221801112\n  - 成员姓名：曹鑫\n  - 成员博客园地址:https://www.cnblogs.com/er-gou/#begin\n  - 成员性格：表里不一\n  - 擅长的技术：SpringMVC(了解)\n  - 兴趣爱好：吃喝玩乐。\n  - 希望的软工角色：后端\n  - 一句slogan: just do it\n- 队员：\n  - 学号：221801106\n  - 成员姓名：郑龙海\n  - 成员博客园地址：https://www.cnblogs.com/hector-1/\n  - 成员性格：性情平和\n  - 擅长的技术：JAVA\n  - 兴趣爱好：动漫，唱歌\n  - 希望的明星：周杰伦\n  - 希望的软工角色：前端 ，后端\n  - 一句slogan: 努力做好自己，活得开心点\n- 队员\n  - 学号：221801332\n  - 成员姓名：李达明\n  - 成员博客园地址:https://www.cnblogs.com/sblogs/\n  - 成员性格：乐观\n  - 擅长的技术：C++，Java\n  - 兴趣爱好：下棋，听相声\n  - 希望的软工角色：前端\n  - 一句slogan: 不负遇见\n- 队员\n  - 学号：221801103\n  - 成员姓名：牙举韬\n  - 成员博客园地址:https://www.cnblogs.com/xiaosili/\n  - 成员性格：和善\n  - 擅长的技术： java\n  - 兴趣爱好：电影、音乐\n  - 希望的软工角色：后端\n  - 一句slogan:天将降大任于斯人也，必先苦其心志，劳其筋骨，饿其体肤，空乏其身，行拂乱其所为也，所以动心忍性，增益其所不能。\n- 队员\n  - 学号：221801225\n  - 成员姓名：李进明\n  - 成员博客园地址:https://www.cnblogs.com/-225\n  - 成员性格：喜欢自由，比较懒散，不过我也是会认真起来的\n  - 擅长的技术：C语言\n  - 兴趣爱好：羽毛球、游戏、动漫、音乐\n  - 希望的软工角色：前端，以及力所能及的事\n  - 一句slogan: 总不能一事无成吧\n- 队员\n  - 学号：221801305\n  - 成员姓名：陈晓汉\n  - 成员博客园地址：https://www.cnblogs.com/cxhblog\n  - 成员性格：腼腆，不善表达\n  - 擅长的技术：无有所长，仅拿学分\n  - 兴趣爱好：电子竞技\n  - 希望的软工角色：不知道干啥，安排后端开发\n  - 一句slogan: 努力学习新技术，加油不做混分人\n- 队员\n  - 学号：221801121\n  - 成员姓名：黄炜\n  - 成员博客园地址：https://www.cnblogs.com/221801121hw\n  - 成员性格：随和\n  - 擅长的技术：Web前端\n  - 兴趣爱好：电影、游戏\n  - 希望的软工角色：前端、后端、测试、PM、测试\n  - 一句slogan: 学习新知识，争做新青年（阿巴阿巴阿巴。。。）\n- 队员\n  - 学号：221801237\n  - 成员姓名：黄伟为\n  - 成员博客园地址:https://www.cnblogs.com/z1205101977\n  - 成员性格：冷静\n  - 擅长的技术：前端\n  - 兴趣爱好：乒乓球\n  - 希望的软工角色：PM\n  - 一句slogan:一步一步实现目标\n\n \n\n## 4.团队的首次合照\n\n![img](https://img2020.cnblogs.com/blog/2334702/202103/2334702-20210327095025613-1242578072.jpg)\n\n \n\n \n\n## 5.团队绩效考核方案\n\n![img](https://img2020.cnblogs.com/blog/2334702/202103/2334702-20210327095035404-1050348029.png)\n\n \n\n \n\n## 6.团队的愿景\n\n \n\n> 221801101：\n>\n> 以前写代码都是一个人Solo，写出来的Demo只能在自己的手机上运行，也没有后端连不上网。这次想体验一波前后端分离的团队协作，结识几位后端大佬。希望能弄出个有模有样的小东西、有所收获吧。\n\n \n\n> 221801112：\n>\n> 首先，希望能够完成并做出一个相比以往有所进步的评分系统。我们的项目能够满足现阶段的一些需求和具有一定的实用性；希望大家都能够在项目进行的过程中学习的到自己想要学习的知识。最后，希望大家合作愉快。\n\n \n\n> 221801106：\n>\n> 希望可以设计一个简易实用的APP，来减少老师和助教统计学生软件工程实践所得分数的时间。希望团队成员可以互帮互助，共同进步，学习新的知识，锻炼自身项目经验。\n\n \n\n> 221801332：\n>\n> 希望团队通过本次实践以及互相的交流学习，了解该行业的工作模式，对已学的进行巩固，学习新的技术，扩展自己。\n\n \n\n> 221801103：\n>\n> 希望通过这次团队合作能认真学习相关技术，在实践中不断发现自己的不足和缺点，并克服之。认识自己想做什么，能做什么，更适合什么，学会和同学朋友们在完成任务的过程中交流沟通。同时也希望能结识更多新朋友，互相学习进步，开阔自己的视野。\n\n \n\n> 221801225：\n>\n> 在通过这次实践，锻炼自己社交能力，增加自己团队合作的经验，收获知识也收获友谊。\n\n \n\n> 221801305：\n>\n> 希望团队的每个人能够为了共同的目标而努力，各司其职，步步为营，遇到困难能够共同承担，互相帮助。虽然一开始大家都不是很熟悉，但是通过磨合希望团队间的关系会变得融洽，大家都能在这个项目中有所成长。\n\n \n\n> 221801121：\n>\n> 希望通过这个项目减轻老师和助教的负担，减少重复性的工作，希望在团队合作中学习新知识并学以致用，锻炼自己的能力。\n\n \n\n> 221801237：\n>\n> 希望通过这次项目能够了解到团队合作的整个流程，从中学习新知识并且掌握，圆满完成这个项目。',61,4,5,'团队作业',NULL,1),(24,'软工实践作业提交','# 字节乱动队团队作业三——需求分析\n\n\n| 这个作业属于哪个课程 | [2021春软件工程实践\\|S班](https://edu.cnblogs.com/campus/fzu/FZUSESPR21) |\n| -------------------- | ------------------------------------------------------------ |\n| 这个作业要求在哪里   | [团队作业三——需求分析](https://edu.cnblogs.com/campus/fzu/FZUSESPR21/homework/11897) |\n| 团队名称             | 字节乱动                                                     |\n| 这个作业的目标       | 完成需求分析与原型设计                                       |\n| 作业正文             | [正文](https://www.cnblogs.com/eightGroup/p/14666162.html)   |\n| 其他参考文献         | [如何写软件需求规格说明书](https://www.jianshu.com/p/f9bcf52f4321) |\n\n\n[toc]\n\n## 一、项目计划安排\n\n|           时间            |                   计划安排                   | 里程碑                                        |\n| :-----------------------: | :------------------------------------------: | :-------------------------------------------- |\n| 3月16日-3月23日（已完成） |         熟悉队友，了解大体的规划安排         | 完成前后端分配，完成选题报告                  |\n| 4月1日-4月10日（已完成）  |               进行界面原型设计               | 提交原型设计链接、原型设计答辩PPT             |\n| 4月1日-4月15日（已完成）  |                 进行需求分析                 | 提交需求规格说明书、提交需求分析报告PPT       |\n|      4月15日-4月20日      | 团队项目系统设计评审、团队项目数据库设计评审 | 完成数据库设计、系统整体设计                  |\n|      4月20日-5月1日       |  制定好编码规范，完成架构设计，编写测试用例  | 完成系统初步架构、完成测试用例的编写          |\n|      5月1日-5月11日       |   完成并发布Alpha版本，同步推进测试与修复    | 完成测试版本的代码编写、发布Alpha版本         |\n|      5月11日-5月20日      |      交接、界面的优化、服务端的功能测试      | 改善系统的可用性、修复bug、完成换组人员的交接 |\n|      5月20日-5月31日      |       完成并发布Beta版本编写使用说明书       | 完成项目的测试与修复、发布Beta版本            |\n|      6月1日-6月22日       |              答辩、交付用户使用              | 交付用户使用                                  |\n\n## 二、组员分工、组员工作量比例\n\n|   学号    |  姓名  |                 工作内容                 | 贡献度 |\n| :-------: | :----: | :--------------------------------------: | :----- |\n| 221801101 | 王思皓 |          界面原型设计、博客随笔          | 12     |\n| 221801103 | 牙举韬 |              需求规格说明书              | 10     |\n| 221801106 | 郑龙海 |             需求分析报告PPT              | 12     |\n| 221801112 |  曹鑫  |       界面原型设计,需求规格说明书        | 14     |\n| 221801121 |  黄炜  | 博客随笔，原型设计评审表，需求分析评审表 | 10     |\n| 221801225 | 李进明 |              需求规格说明书              | 10     |\n| 221801237 | 黄伟为 |            界面原型设计、答辩            | 10     |\n| 221801305 | 陈晓汉 |           界面原型设计答辩PPT            | 10     |\n| 221801332 | 李达明 |               界面原型设计               | 12     |\n\n## 三、需求分析\n\n### 3.1 用况图\n\n[![cfsAC8.png](https://z3.ax1x.com/2021/04/16/cfsAC8.png)](https://imgtu.com/i/cfsAC8)\n\n\n\n### 3.2 类图\n\n[![cfsVgg.png](https://z3.ax1x.com/2021/04/16/cfsVgg.png)](https://imgtu.com/i/cfsVgg)\n\n### 3.3 活动图\n\n##### 3.3.1 成绩管理活动图\n\n[![cfsF4f.png](https://z3.ax1x.com/2021/04/16/cfsF4f.png)](https://imgtu.com/i/cfsF4f)\n\n\n\n##### 3.3.2 助教评分活动图\n\n[![cfsE8S.png](https://z3.ax1x.com/2021/04/16/cfsE8S.png)\n\n### 3.4.功能模块\n\n#### 3.4.1 web端\n\n1.登陆注册界面\n\n学生登陆：学生登陆成功跳转学生界面\n\n教师登录：教师登录成功跳转教师管理界面\n\n助教登录：助教登录成功跳转助教管理界面\n\n\n\n2.助教界面\n\n①内容管理\n\n评分细则管理：助教可以在此处发布某次作业评分细则并添加本次细则对	应的评分项。也可对评分细则和评分项进行增删改查操作。\n\n②成绩管理\n\n成绩查询：通过特定条件筛选对成绩学生进行查询操作。\n\n博客评分：直接跳转到某同学某次作业（个人作业、结对作业、团队作业）	的博客，对博客内容评分。\n\n答辩评分：可根据实践课上各个团队的团队阶段性答辩来评分。\n\n博客列表：本班同学的博客列表，可跳转到本班同学各次作业的博客并进	行博客评分。\n\n③用户管理\n\n团队管理：为本班级添加新团队，对本班级团队进行查看、修改、删除和	添	加队员操作。\n\n④学生管理\n\n展示学生列表及学生相关信息，对班级学生进行查看、修改、删除和添加	（通过文件上传）操作，点击学生详细信息之后可以查看该学生所有作业。\n\n3.学生界面\n\n①成绩查询\n\n学生可以通过筛选来查看自己的某次作业和课堂答辩的成绩。\n\n②作业提交\n\n针对某次作业提交作业内容（通过编辑器或者上传的方式），提供博客	链	接。\n\n \n\n4.教师界面\n\n①内容管理\n\n成绩查询：学生可以通过筛选来查看自己的某次作业和课堂答辩的成绩。\n\n②用户管理\n\n团队管理：可查看班级所有团队详细信息。\n\n学生管理：展示学生列表及学生相关信息，对班级学生进行查看、修改、	删	除和添加（通过文件上传）操作，点击学生详细信息之后可以查看该学	生	所有作业。\n\n③助教管理\n\n对助教进行管理工作，包括添加助教、修改助教信息和删除助教等功能。\n\n#### 3.4.2 安卓端\n\n安卓端主要面向学生\n\n1.登录注册界面\n\n学生登录和注册。\n\n\n\n2.分数查看界面\n\n学生可查看学生本人每次作业分数，提供链接跳转到相应博客。\n\n\n\n3.评分任务界面\n\n①组间评分：某学生会被本小组分配答辩中小组互评的任务。\n\n②组内评分：学生可对小组中成员根据贡献度、完成度等因素对小组成员进行评分。\n\n\n\n4.个人中心界面\n\n①结对队友：通过此功能可以寻找结对作业队友。\n\n②我的团队：查看小组内成员信息。\n\n③退出登录：退出登录。\n\n④应用设置：应用设置。\n\n⑤反馈建议：学生为app提供反馈建议。\n\n### 四、需求规格说明书\n\n[点击下载spec(修订版)](https://github.com/FZUSESPR21/meeting-system-8/blob/main/blog/%E9%9C%80%E6%B1%82%E8%A7%84%E6%A0%BC%E8%AF%B4%E6%98%8E%E4%B9%A6-%E6%9C%80%E7%BB%88%E7%89%88-%E4%BF%AE%E8%AE%A2.pdf)\n\n[点击下载spec.docx(备用)](http://81.69.199.136/resources/spec.docx \"下载地址\")\n\n###  五、需求分析报告PPT\n\n[点击下载spec.pptx](http://81.69.199.136/resources/spec.pptx \"点击下载spec.pptx\")\n\n[点击下载spec(备用)](https://github.com/FZUSESPR21/meeting-system-8/blob/main/blog/%E9%9C%80%E6%B1%82%E8%A7%84%E5%88%99ppt.pdf)\n\n## 六、原型设计\n\n### 6.1 原型设计链接\n\nweb端：https://hirh8n.axshare.com\n\n安卓端：https://z58uhl.axshare.com/#id=rd4vja\n\n整合：https://wxdzch.axshare.com/#id=rd4vja\n\n密码：zjld666\n\n### 6.2 原型设计答辩PPT\n\n[点击下载prototype.pptx](http://81.69.199.136/resources/prototype.pptx \"下载链接\")\n\n[点击下载prototype(备用)](https://github.com/FZUSESPR21/meeting-system-8/blob/main/blog/%E5%AD%97%E8%8A%82%E4%B9%B1%E5%8A%A8-%E5%8E%9F%E5%9E%8B%E6%B1%87%E6%8A%A5.pdf)',53,1,32,'个人作业',NULL,1),(25,'字节乱动——团队作业一种子队伍选拔团队展示','不想做作业',43,1,33,'个人作业',NULL,1),(26,'特殊作业','1\n2\n3',43,1,35,'个人作业',NULL,1),(27,'词频统计','```\nint main() {\n\n\n}\n\n```',53,1,15,'个人作业',NULL,1),(28,'ldm的博客','#wda',155,1,10,'个人作业',NULL,1),(29,'ldm的博客','http://192.168.1.102/xss/example3.php?name=<sCri<script>pt>alert(\"hey!\")</scRi</script>pt>',155,1,35,'个人作业',NULL,1),(30,'ldm的博客','http://192.168.1.102/xss/example3.php?name=<img src=\'w.123\' onerror=\'alert(\"hey!\")\'>',155,1,32,'个人作业',NULL,0),(31,'测试作业(cxh 5-23)','',43,1,10,'个人作业',NULL,1),(32,'','',43,1,11,'个人作业',NULL,0),(33,'','',43,1,14,'个人作业',NULL,0),(34,'','',43,1,41,'个人作业',NULL,1),(35,'字节乱动——团队作业一种子队伍选拔团队展示','1\n2\n3\n4\n5\n6\n7\n8\n9',77,6,43,'结对作业',NULL,1),(36,'测试','| 这个作业属于哪个课程 | [2021春软件工程实践\\|S班](https://edu.cnblogs.com/campus/fzu/FZUSESPR21) [(福州大学)](https://edu.cnblogs.com/campus/fzu) |\n| :------------------- | :----------------------------------------------------------- |\n| 这个作业要求在哪里   | [软件评测](https://edu.cnblogs.com/campus/fzu/2021SpringSoftwareEngineeringPractice/homework/12003) |\n| 学号                 | 221801112                                                    |\n| 这个作业的目标       | 通过分析软件的好与坏来了解软件工程的原理                     |\n| 其他参考文献         | [如何评价微软的UI设计？](https://www.zhihu.com/question/50117613/answer/119997145?fileGuid=qk0PYOfe3cYJ6ha7)，[VOIDMalkuth\'s Blog](https://www.cnblogs.com/VOIDMalkuth/p/14634341.html) |\n\n\n\n[TOC]\n\n# 一、第一部分 调研，评测\n\nBug严重性星级规定:\n\n| 星级  |                 描述                 |\n| :---: | :----------------------------------: |\n| ★★★★★ | 致命性系统bug、严重影响用户影响的bug |\n| ★★★★☆ |     严重系统bug、影响数据库的bug     |\n| ★★★☆☆ |   数据不一致bug，影响用户体验的bug   |\n| ★★☆☆☆ |        一般影响用户体验的bug         |\n| ★☆☆☆☆ |        轻微影响用户体验的bug         |\n\n\n\n用户采访：\n\n我选择的是隔壁学校计算机相关专业罗同学，他在编写项目过程中常常使用这些软件的问答模块，聊天记录如下：\n![](https://img2020.cnblogs.com/blog/1938925/202105/1938925-20210521202904070-2030738802.png)\n\n\n## 1.1 CSDN问答\n\n### 1.1.1 体验\n\n- **软件介绍**：CSDN是面向IT技术人员交流的平台，提供博客发表分享，提问与回答，资源分享等服务。\n\n- **软件使用** ：\n\n  - 回答：我回答了一个问题，如下，（~~但是这个问题不是应该搜索就有现成的答案嘛~~）：\n\n    ![](https://img2020.cnblogs.com/blog/1938925/202105/1938925-20210521202935030-2139353599.png)\n\n\n\n  - 提问：根据自己曾经的经历，进行了提问。\n    ![](https://img2020.cnblogs.com/blog/1938925/202105/1938925-20210521202952577-1178301321.png)\n\n\n  - 点赞采纳：\n    ![](https://img2020.cnblogs.com/blog/1938925/202105/1938925-20210521203036694-1187202948.png)\n\n\n\n  - 推荐（等你来答）\n    ![](https://img2020.cnblogs.com/blog/1938925/202105/1938925-20210521203100835-2035604402.png)\n\n  - 排行榜（标签榜）\n    ![](https://img2020.cnblogs.com/blog/1938925/202105/1938925-20210521203132964-219680185.png)\n\n    \n\n- **优缺点分析:**通过这个产品确实解决了用户的很多问题，如当我的程序出现了一个异常，久久无法解决，我能够在csdn上面发现许多情景与我一致的人，通过他们的解决方案来解决我的问题。当我对某一个技术框架的搭建不熟悉时，我能够按照其中某一篇博客的步骤完成搭建。当我对老师课堂讲解的知识没有明白时，我能在这里找到许多精辟的讲解。之所以该软件能够解决我们的许多问题，我认为其中一个优点便是软件拥有庞大的数据量，才能迅速解决我的问题（~~当然菜鸡的问题也较为简单也是其中一个原因。~~），但是庞大的数据量，包含许多一字不易的文章，更有甚者，将原作者的意思断章取义发表出来，对学习者造成了误导与困扰。我曾经学习jwt与shiro 的整合，在博客园发现一篇文章后，连续点击了5,6次原文链接，终于学习到了原文。界面上，该软件风格一致，视觉上也不错，但是貌似我看的每一个博客都是目录在最下面,如下图，我需要往下滚动好几页才能看见目录：\n  ![](https://img2020.cnblogs.com/blog/1938925/202105/1938925-20210521203229983-1051810676.png)\n  ![](https://img2020.cnblogs.com/blog/1938925/202105/1938925-20210521203212277-2020921747.png)\n\n  我觉得目录对于一篇文章而言应该是开门见山的（个人觉得可以在左侧使用标签，使其可以展开和关闭）。软件在功能上很丰富，包含了博客，问答，直播，视频，资源下载等方面，但是其中资源的质量参差不齐，想要找到适合自己的比较困难。\n\n- **改进意见**:  通过文章引用次数，点赞等，优化其关键词，提升其被搜索引擎搜索到的概率。增大收费资源的审核力度，避免质量的参差不齐。\n\n- **【进阶】采访另一个用户:** 让 TA 也使用这个软件/服务， TA 能上手使用么？ 有什么明显的困难， 软件的开发团队为何没有意识到这些初始用户会碰到的困难？\n  （请将采访过程以图片和文字的方式记录下来，且要求采访对象为其他软工班级的学生；如果TA也要完成软件评测的作业，要求TA选择的测评对象和你的不一样）\n  记录请至少包含以下几点：\n  a. 采访对象的背景，为什么选择这个人采访？TA 的需求是什么？\n  b. 采访对象实际使用的产品栏目\n  c. 采访对象使用软件的过程中会遇到的问题和亮点\n  d. 采访对象觉得从用户体验的角度来说需要改进的地方有哪些？\n\n\n\n### 1.1.2 BUG\n\n####  1.1.2.1 问答搜索框bug\n\n​	问答模块搜索框输入内容过长时，点击搜索，未给出提示，并进入about:blank#blocked页面，或提示无法访问此网站。\n\n- **Bug发生时的测试环境**\n\n  - 操作系统：Windows 10 家庭中文版（20H2）。\n  - 浏览器： Google Chrome 89.0.4389.82（正式版本） （64 位）。\n  - 时间：2021/5/18 19:48\n  - 原因：搜索框输入过长的输入内容。\n\n- **Bug的可复现性及具体复现步骤**\n\n  - 可复现性：在满足输入过长的输入内容是必然发生。\n\n  - 复现步骤图：\n\n    - 1.输入大于100000个字符\n      ![](https://img2020.cnblogs.com/blog/1938925/202105/1938925-20210521203258887-1955547899.png)\n\n    - 2.点击搜索：\n      ![](https://img2020.cnblogs.com/blog/1938925/202105/1938925-20210521203316180-11184379.png)\n\n\n- **Bug具体情况描述**\n\n  - 1.输入框输入大量汉字时未给出提示并进入#blocked页面：\n    ![](https://img2020.cnblogs.com/blog/1938925/202105/1938925-20210521203345345-675421932.png)\n\n  - 2.搜索框输入大量英文字符时未给出提示并拒绝连接：\n    ![](https://img2020.cnblogs.com/blog/1938925/202105/1938925-20210521203422952-859952068.png)\n\n- **Bug分析**\n\n  - 对于无法访问，我认为是界面未对输入的字符进行限制，导致非法数据传至服务器，被服务器拒绝或导致服务器抛出异常。我认为此bug不对系统功能，安全性上造成影响，但是严重的影响了用户的体验。\n  - 预期与改进建议：我认为对于输入框的输入应该对字符长度进行限制并给出合理的提示，前端就要使用js等脚本语言对非法的输入进行判断。\n  - 星级：★★☆☆☆\n\n#### 1.1.2.2  对于提问回答的回复的bug\n\n​	对于提问回答回复点赞图标在点赞是图标本身不会发生变化。\n\n- **Bug发生时的测试环境**\n\n  - 操作系统：Windows 10 家庭中文版（20H2）。\n  - 浏览器： Google Chrome 89.0.4389.82（正式版本） （64 位）。\n  - 时间：2021/5/20 18:48\n  - 原因：对二级回复进行点赞和取消点赞。\n\n- **Bug的可复现性及具体复现步骤**\n\n  - 可复现性：必然发生\n\n  - 复现步骤图：\n\n    - 1.未点赞\n      ![](https://img2020.cnblogs.com/blog/1938925/202105/1938925-20210521203454420-1419610886.png)\n\n    - 2.点赞\n      ![](https://img2020.cnblogs.com/blog/1938925/202105/1938925-20210521203520434-641663434.png)\n\n\n- **Bug分析**\n\n  - 前端界面未对二级点赞图标做像一级点赞图标做一样的判断。\n  - 预期与改进建议：对二级点赞图标增加如一级点赞图标的判断。\n  - 星级：★★☆☆☆\n\n####  1.1.2.3  回复自己的回答并对该回复点赞的bug(安卓app)\n\n​	安卓app不允许对自己对自己的回答点赞，但是可以对自己回答的自己的回复点赞，并且重复点击点赞图标，赞的数量会异常增加。\n\n- **Bug发生时的测试环境**\n\n  - 操作系统：Android 11 \n  - app：CSDN\n  - 时间：2021/5/20 19:53\n  - 原因：对自己的回答的自己的回复重复点赞。\n\n- **Bug的可复现性及具体复现步骤**\n\n  - 可复现性：在持续重复点赞时，发生概率达到90%。\n\n  - 复现步骤图：\n\n    - 1.回答一个问题，并在该回答下给自己回复。\n      ![](https://img2020.cnblogs.com/blog/1938925/202105/1938925-20210521203601562-1465398961.png)\n\n    - 2.不断点击图标点赞与取消点赞\n      ![](https://img2020.cnblogs.com/blog/1938925/202105/1938925-20210521203541534-1163522055.png)\n\n- **Bug具体情况描述**\n\n  该用户自己给自己点了4个赞：\n  ![](https://img2020.cnblogs.com/blog/1938925/202105/1938925-20210521203638203-1743161476.png)\n\n- **Bug分析**\n\n  - 我重新进入该页面发现自己的4个赞消失了，我认为这是点赞客户端没有做好数据和数据库的一致性。\n  - 预期与改进建议：保证数据与服务器的一致性，或者避免快速重复的发起请求，像其他界面一样提示重复提交。\n  - 星级：★★★☆☆\n\n\n\n### 1.1.3 结论\n\n\n\n|      |     类别     |                             描述                             | 评分 （满分 10 分, 良好 6 分, 及格 4 分，聊胜于无 1 分, 很差 -3 分） |\n| :--: | :----------: | :----------------------------------------------------------: | :----------------------------------------------------------: |\n| 功能 |   核心功能   |              分析三个核心功能，功能设计和质量。              |                              8                               |\n|      |     细节     |                   有什么为用户考虑的细节?                    |  7(在回答提问附件给出如何给出高质量的回答与提问供用户学习)   |\n|      |   用户体验   | 当用户完成功能时，不干扰用户 (例如: 是否不断弹出不相关广告)。 |                6(登录时强制用户关注其公众号)                 |\n|      |   辅助功能   |                     一些辅助功能如皮肤等                     |                        7(版本的切换)                         |\n|      |  差异化功能  |         这个软件独特的功能. 它对用户的吸引力有多大?          |                              6                               |\n|      |  软件的效能  |               占用内存, 启动速度, 内存泄漏情况               |                              7                               |\n| 体验 | 软件的适应性 | 在联网/断网, 大小屏幕, 没有鼠标的情况下都可以顺畅操作. 和不同平台的软件能流畅协作 |                              6                               |\n|      |    成长性    |        记住用户的选择, 适应用户的特点，用户越用越方便        |                              7                               |\n|      | 用户有控制权 | 系统状态有反馈，等待时间要合适。关键操作有确认提示，有明确的错误信息。 让用户方便地从错误中恢复工作, 快捷操作键可调整。 |                              6                               |\n\n\n\n## 1.2 Stack Overflow\n\n### 1.2.1 体验\n\n- **软件介绍**：一个与代码相关的IT技术问答网站，该网站注重问题的质量，并且通过威望值（Reputation Point）和徽章（Badage）建立了一个有效激励参与者的评价体系。\n\n- **软件使用** ：\n\n  - 回答问题：\n  ![](https://img2020.cnblogs.com/blog/1938925/202105/1938925-20210521203702587-329000635.png)\n\n  - 提出问题:\n  ![](https://img2020.cnblogs.com/blog/1938925/202105/1938925-20210521203748502-690147090.png)\n\n\n  - tags 使用\n  ![](https://img2020.cnblogs.com/blog/1938925/202105/1938925-20210521203810098-1992090110.png)\n\n\n  - user使用\n  ![](https://img2020.cnblogs.com/blog/1938925/202105/1938925-20210521203821013-641493238.png)\n\n\n\n**改进意见**: 增加多语言专区，以适应不同的人群。\n\n### 1.2.2 BUG\n\n####  1.2.2.1 The following tags 输入框bug\n\n​	在该输入框输入较多的数字或者英文时，Questions tagged 会穿过其他元素。\n\n- **Bug发生时的测试环境**\n\n  - 操作系统：Windows 10 家庭中文版（20H2）。\n  - 浏览器： Google Chrome 89.0.4389.82（正式版本） （64 位）。\n  - 时间：2021/5/18 19:48\n  - 原因：输入框输入过长的输入内容。\n\n- **Bug的可复现性及具体复现步骤**\n\n  - 可复现性：在满足输入过长的输入内容是必然发生。\n\n  - 复现步骤图：\n\n    - 1.输入较多的数字或英文字符：\n    ![](https://img2020.cnblogs.com/blog/1938925/202105/1938925-20210521203927648-1626093926.png)\n\n    - 2.按下enter键：\n\n- **Bug具体情况描述**\n\n  - 输入的字符串穿过页面中的其他元素。\n    ![](https://img2020.cnblogs.com/blog/1938925/202105/1938925-20210521204106796-471773377.png)\n\n    \n\n- **Bug分析**\n\n  - 该bug对系统不会造成较大的危害，但是严重的影响了用户的体验。\n  - 预期与改进建议：对纯数字或英文字符的字符串进行隔断分行输出。\n  - 星级：★★☆☆☆\n\n### 1.2.3 结论\n\n|      |     类别     |                             描述                             | 评分 （满分 10 分, 良好 6 分, 及格 4 分，聊胜于无 1 分, 很差 -3 分） |\n| :--: | :----------: | :----------------------------------------------------------: | :----------------------------------------------------------: |\n| 功能 |   核心功能   |              分析三个核心功能，功能设计和质量。              |                              9                               |\n|      |     细节     |                   有什么为用户考虑的细节?                    |    9(提问时，会给出相似的问题，和提问的内容的改善等提升)     |\n|      |   用户体验   | 当用户完成功能时，不干扰用户 (例如: 是否不断弹出不相关广告)。 |                              10                              |\n|      |   辅助功能   |                     一些辅助功能如皮肤等                     |                              6                               |\n|      |  差异化功能  |         这个软件独特的功能. 它对用户的吸引力有多大?          |                       10（威武和勋章）                       |\n|      |  软件的效能  |               占用内存, 启动速度, 内存泄漏情况               |                              8                               |\n| 体验 | 软件的适应性 | 在联网/断网, 大小屏幕, 没有鼠标的情况下都可以顺畅操作. 和不同平台的软件能流畅协作 |                              5                               |\n|      |    成长性    |        记住用户的选择, 适应用户的特点，用户越用越方便        |                              7                               |\n|      | 用户有控制权 | 系统状态有反馈，等待时间要合适。关键操作有确认提示，有明确的错误信息。 让用户方便地从错误中恢复工作, 快捷操作键可调整。 |                              8                               |\n\n\n\n## 1.3 SegmentFault\n\n### 1.3.1 体验\n\n- **软件介绍**：SegmentFault是一个开发者社区，其旗下有问答平台（技术问题），专栏平台，活动平台，笔记等。\n\n- **软件使用** ：\n\n  - 回答：\n    ![](https://img2020.cnblogs.com/blog/1938925/202105/1938925-20210521204146115-1497961458.png)\n    ![](https://img2020.cnblogs.com/blog/1938925/202105/1938925-20210521204203468-1206329525.png)\n\n  - 提问（我将相同的问题放在了SegmentFalut上面，意外引起了大家的认真的回答和讨论，让我对该问答网站好感增加不少。）：\n    ![](https://img2020.cnblogs.com/blog/1938925/202105/1938925-20210521204221717-2037843925.png)\n\n\n  - 对别人多自己的回复进行点赞，编辑等  \n    ![](https://img2020.cnblogs.com/blog/1938925/202105/1938925-20210521204243559-1073464339.png)\n\n    ![](https://img2020.cnblogs.com/blog/1938925/202105/1938925-20210521204307949-552714603.png)\n\n    ![](https://img2020.cnblogs.com/blog/1938925/202105/1938925-20210521204318823-1014716489.png)\n\n\n    \n\n- **优缺点分析:** 思否的拥有更简洁的界面，更少的广告，更少的商业化气息，使用起来相比CSDN更简洁明了，不用担心进入某个页面需要开通会员。但是随之而来的问题，知否包含的数据量小，社区交流，问题回答没有CSDN那么及时。即使是在技术方面，其涉及的内容也较少，缺少原创的能够系统讲解知识的回答，博文等。同时，可能是效仿stackoverflow的原因，发出提问需要审核较长的时间。除此之外，复制文字也需要登录。显而易见，思否与stackoverflow的之间还是有不小的距离。\n\n  \n\n- **改进意见**:  改进审核制度，使得用户与用户之间的交流更加实时，让用户的问题能够更快的解决。鼓励博文原创与系统讲解知识，授人以鱼不如授人以渔，很多时候知其然还要知其所以然，系统的知识能够更好帮助提问者解决问题并举一反三。\n\n### 1.3.2 BUG\n\n####  1.3.2.1 问答收藏bug\n\n​	收藏一份问答时，不断点击收藏，收藏会不断增加\n\n- **Bug发生时的测试环境**\n\n  - 操作系统：Windows 10 家庭中文版（20H2）。\n  - 浏览器： Google Chrome 89.0.4389.82（正式版本） （64 位）。\n  - 时间：2021/5/18 19:48\n  - 原因：不断点击收藏\n\n- **Bug的可复现性及具体复现步骤**\n\n  - 可复现性：必然发生\n\n  - 复现步骤图：\n\n    - 1.进入一份问答的回答：\n      ![](https://img2020.cnblogs.com/blog/1938925/202105/1938925-20210521204342966-467204002.png)\n\n\n    - 2.点击踩一下，并查看其声望值记录，再回来：\n      ![](https://img2020.cnblogs.com/blog/1938925/202105/1938925-20210521204357144-1573607902.png)\n\n\n- **Bug具体情况描述**\n\n  - 收藏的数量会不断增加，但是实际上应该只能算一份收藏。\n    ![](https://img2020.cnblogs.com/blog/1938925/202105/1938925-20210521204427534-424409883.gif)\n\n    \n\n    \n\n- **Bug分析**\n\n  - 界面设计时，没有及时从服务器获取数据，以保证数据的一致性，对用户重复的操作没有进行判断与限制，这产生了严重的误导。严重的影响了用户的体验。\n  - 预期与改进建议：对用户频繁的重复操作进行限制，并给出相应的提示，及时从服务器获取数据。\n  - 星级：★★★☆☆\n\n\n\n### 1.3.3 结论\n\n|      |     类别     |                             描述                             | 评分 （满分 10 分, 良好 6 分, 及格 4 分，聊胜于无 1 分, 很差 -3 分） |\n| :--: | :----------: | :----------------------------------------------------------: | :----------------------------------------------------------: |\n| 功能 |   核心功能   |              分析三个核心功能，功能设计和质量。              |                              6                               |\n|      |     细节     |                   有什么为用户考虑的细节?                    |                              4                               |\n|      |   用户体验   | 当用户完成功能时，不干扰用户 (例如: 是否不断弹出不相关广告)。 |                              10                              |\n|      |   辅助功能   |                     一些辅助功能如皮肤等                     |                              6                               |\n|      |  差异化功能  |         这个软件独特的功能. 它对用户的吸引力有多大?          |                              6                               |\n|      |  软件的效能  |               占用内存, 启动速度, 内存泄漏情况               |                              6                               |\n| 体验 | 软件的适应性 | 在联网/断网, 大小屏幕, 没有鼠标的情况下都可以顺畅操作. 和不同平台的软件能流畅协作 |                              6                               |\n|      |    成长性    |        记住用户的选择, 适应用户的特点，用户越用越方便        |                              4                               |\n|      | 用户有控制权 | 系统状态有反馈，等待时间要合适。关键操作有确认提示，有明确的错误信息。 让用户方便地从错误中恢复工作, 快捷操作键可调整。 |                              6                               |\n\n# 二、第二部分 分析\n\n## 2.1 开发时间估计\n\n- 使用此服务的所有功能，估计这个软件/网站/服务做到这个程度大约需要多少时间(团队人数6人左右，计算机大学毕业生，并有专业UI支持)。\n\n  > ​	对于实现问答服务的所有功能（提问，回答，标签分类，点赞，收藏，关注，悬赏，文字编辑，邀请回答，多平台适配，问题分享，数据统计），在毕业生技术合格的情况下，完成该项目大约需要4-5个月时间。当然如果需要形成像so这样的完整的体系，这不仅仅是技术人员就可以做到的，还涉及到其他很多领域的知识。\n\n\n\n## 2.2 同类产品对比排名\n\n- 分析这个软件目前的优劣(和类似软件相比)，这个产品的质量在同类产品中估计名列第几\n\n  > 使用起来，CSDN拥有较多的板块和广告性能上不如SegmentFault 和  Stack Overflow，同时Stack Overflow 和SegmentFault有较为严格的回答提问体系比CSDN更加可靠，安全。对于用户的需求上面，CSDN 含有系统的博文板块，满足用户系统学习的需求，拥有更强的适应性。\n\n| [产品质量衡量](https://baike.baidu.com/item/%E4%BA%A7%E5%93%81%E8%B4%A8%E9%87%8F/2920642?fr=aladdin) | 比较                             |\n| ------------------------------------------------------------ | -------------------------------- |\n| 性能                                                         | Stack Overflow>SegmentFault>CSDN |\n| 可靠性                                                       | Stack Overflow>SegmentFault>CSDN |\n| 安全性                                                       | Stack Overflow>SegmentFault>CSDN |\n| 适应性                                                       | CSDN>SegmentFault>Stack Overflow |\n\n\n\n##  2.3 [软件工程方面的建议]\n\n- 从各方面的问题，推理出这个软件团队在软件工程方面可以提高的一个重要方面(具体建议)。\n\n  > 从CSDN和SegmentFault移动端与web端常常出现数据不同步的问题，在软件工程方面，该团队应该提高软件的可互操作性，即提高多个软件元素相互通信并协同完成任务的能力。\n\n## 2.4 [BUG存在的原因分析]\n\n- 你在第一部分发现的bug，为何软件团队不能在发布前修复？他们是不知道，还是有意不修复？你觉得是什么原因？\n\n  > 对于大部分团队，在有限的时间中，不可能做到十全十美，对于在一些特殊情况才出现的bug，我认为是测试造成，即使后来有反馈，但是没有造成严重的影响，团队也没有取修复。其次，像  Stack Overflow这样的外国网站，可能我们认为的bug是设计理论的偏差，导致软件团队认为没有必要修改。\n\n\n\n# 第三部分 建议和规划\n\n## 3.1 市场概况\n\n- 市场\n\n  > 根据 [**Evans Data Corporation**](https://evansdata.com/press/viewRelease.php?pressID=278)的数据，2019 年全球有 2640 万软件开发人员，预计到 2023 年，这一数字将增长到 2770 万和 2870 万。 而软件开发人员就是该类技术问答服务的核心用户，随着该群体的增加，问答服务必然拥有广袤的市场。在中国每年大约还有有600W大学毕业生。1/10 为计算机相关专业。\n  >\n  > | **年**   | **软件开发人员数量** |\n  > | -------- | -------------------- |\n  > | **2018** | **2，390万**         |\n  > | **2019** | **2，640万**         |\n  > | **2023** | **2，770万**         |\n  > | **2024** | **2，870万**         |\n  > | **2030** | **4500万**           |\n\n- 直接与间接用户\n\n  > 直接用户：软件开发人员，计算机相关专业学生，教师，人数在3000w左右。\n\n  > 潜在用户：其他领域教师，学生，和软件的深度使用用户仅国内就多于2000w。\n\n  \n\n## 3.2 市场现状\n\n- 目前市场上有什么样的产品?\n\n  > 目前市场上有功能丰富的，数据庞大的CSDN, 界面清晰的SegmentFault，和拥有高效完整的评价系统和荣誉系统的Stack Overflow。\n\n- 上述产品的定位、优势与劣势在哪里？\n\n  > CSDN：拥有庞大的用户量，内容，和丰富的功能，但是博客，问答，重复性较高，存在严重的复制情况，内容质量参差不齐。\n  >\n  > SegmentFault：用户清晰简洁的界面，和审核机制有效增加了问答的质量，但是其审核机制不够人性化，常常将网站的意愿强加与作者，评价体系也不够完善。\n  >\n  > Stack Overflow：拥有庞大的高质量的内容和资深的用户，但是对菜鸟不够友好，融入社区有一定的时间和难度。\n\n- 上述产品之间呈现什么样的关系，哪些为竞品关系？以及竞争中的各方态势如何？\n\n  > 上述产品之间在问答服务上均为竞品关系，CSDN利用专家团，庞大的用户来维持其问答的活跃度，SegmentFault模仿Stack Overflow利用其评价机制。Stack Overflow则是利用完善的评价和荣誉体系以及高质量的回答。在三者中CSDN和SegmentFault都与利用博客等系统的知识来促进问答，而Stack Overflow 虽然有tag info 等模块，但是不够丰富。\n\n## 3.3 市场与产品生态\n\n- 这个产品的**核心用户群是什么样的人**？典型用户是什么样的？学历，年龄，专业，爱好，收入，表面需求，潜在需求都是什么？\n\n  - 核心用户群：IT相关在校生，开发人员。\n  - 学历：本科以上\n  - 年龄：18到35岁之间\n  - 专业：计算机相关\n  - 收入：0k-100k /每月\n  - 表面需求：通过问答服务解决自己的问题\n  - 潜在需求：按各种场景：1. 资深人员，通过在平台发布回答，提升自己的影响力  2.技术小白，系统的学习到相关问题的知识。 3. 急于完成学科作业的学生，需要一份无误的答案。\n\n- 产品的用户群体之间是否存在一定的关系？是否有**利用其相互作用二次构成特定用户生态**的可能性？\n\n  用户群体之间常常师生关系，同专业的关系。利用相互作用二次构成特定用户生态，可以在某些场景下实现，如常常会有教师在发现一篇高质量的博文发布在某个平台时，会将该平台推荐给其学生，同学之间也会存在互相推荐的情况。如大学生像即将毕业的高中生推荐学习博文。这些都是可以利用的情景。\n\n- 产品的子产品，以及其他相关产品之间是否存在一定的关系？是否有**利用各个产品特性之间的相互关系二次构成产品生态**的可能性？\n\n  存在一种相互依赖，相互促进的关系。如博客模块，问答模块之间就存在相辅相成的关系，博客促进提问者系统学习，增加其问答的知识，问答又能增加各方知识的理解，从而形成良性发展的闭环，产生优质的内容。各个产品本质上都是知识的输入和输出，从系统知识，即时问答，未解决技术困难探索，知识输入和知识输出等产品特性来构成产品生态。\n\n  \n\n## 3.4 产品规划\n\n- 增加的功能：在标签榜为到达一定级别的用户提供新建标签的功能，并且完善标签榜，不仅仅利用采纳数第一的用户，综合考虑点赞数量，点踩数量。\n\n  - N(Need)\n\n    > 系统自定义的标签无法覆盖所有的领域，需要提供新建标签功能，让系统能通过用户的使用不断完善，从而增加用户的体验。\n\n  - A(Approach)\n\n    > 当用户进入标签榜时，利用用户的的等级或者勋章等来判断用户是否具有新增标签的权限，如果有则提供新增标签功能，没有提示不具有该权限。例如（思否当点击创建时）：\n    >![](https://img2020.cnblogs.com/blog/1938925/202105/1938925-20210521204622959-736122366.png)\n\n  - B(Benifit)\n\n    > 通过增加该功能，可以增加系统中标签的准确性，有利于对文章的搜索，归类。能够提示系统的性能和 用户的体验。\n\n  - C(Competitor)\n\n    > 目前 Stack Overflow和SegmentFault 都有此功能，我认为CSDN也需要增加此功能，这样能够完善标签库，增加软件的体验。\n\n  - D(Delivery)\n\n    > 增加功能后，可以给用户发送推广邮件，以此来宣传新功能。也可以在网站制作新功能指引，指导用户使用新功能。\n\n- 如果你是项目经理，可以招聘**6个人**，并且有**4个月**的时间，你认为应该如何配置角色(开发，测试，美工等等) 才能在第16周如期发布软件的改进版本，并取得预想中的成绩。\n\n  | 角色     | 人数 |\n  | -------- | ---- |\n  | 后端开发 | 2    |\n  | 前端开发 | 2    |\n  | 测试     | 1    |\n  | 美工     | 1    |\n\n  \n\n- 16周期每周详细规划：\n\n  | 周数 | 任务                                                         |\n  | ---- | ------------------------------------------------------------ |\n  | 1    | 需求分析，了解用户需求                                       |\n  | 2    | 数据库设计和改进                                             |\n  | 3    | 系统设计和改进                                               |\n  | 4    | 美工进行设计和项目框架搭建                                   |\n  | 5    | 美工进行设计和后端编写业务逻辑（授予用户相应的荣誉并实现授予和收回用户的新建标签权限） |\n  | 6    | 前端完成个人信息荣誉界面，和授予和收回用户新建标签权限       |\n  | 7    | 前后端联合测试                                               |\n  | 8    | 前端完成移动端相应的数据界面                                 |\n  | 9    | 前后端就移动端和web端进行联合测试                            |\n  | 10   | 后端完成新建标签功能，前端完成相应的界面                     |\n  | 11   | 进行测试                                                     |\n  | 12   | 后端完成按采纳，点赞，点踩综合的领域专家评选，前端完成相应的界面 |\n  | 13   | 前后端进行测试并得到alpha版本                                |\n  | 14   | 美工优化设计，前端优化界面，后端增强系统的并发性。           |\n  | 15   | 各端进行测试                                                 |\n  | 16   | 得到beta版本软件                                             |                    ',187,NULL,10,'个人作业',NULL,1),(37,'','## 欧雷瓦凯兹咕噢尼拿路偶都够哒！',43,1,32,'个人作业',NULL,0),(38,'啧啧啧的作业','# 啧啧啧的作业\n## 序号一\n## 序号二',187,NULL,11,'个人作业',NULL,0),(39,'啧啧啧的作业','# 啧啧啧的作业\n## 序号一\n## 序号二',187,NULL,41,'个人作业',NULL,1),(40,'','',53,1,41,'个人作业',NULL,0),(41,'12','123123',257,NULL,44,'个人作业',NULL,0),(42,'12','123123',257,NULL,44,'个人作业',NULL,0),(43,'12','12',43,1,46,'团队作业',NULL,0),(44,'ffff','#1\n# 2\n#3',43,1,44,'个人作业',NULL,0),(45,'12345','上山打老虎',82,2,46,'团队作业',NULL,1),(46,'我的团队作业','# 啊\n## 阿\n',43,1,47,'团队作业',NULL,1),(47,'1','@s ',43,1,48,'个人作业',NULL,0),(48,'7月-caoxin的作业','## 项目一\n## 项目二\n## 项目三\n## 项目四\n',225,NULL,49,'个人作业',NULL,1),(49,'7月-个人作业3','# 项目2\n# 项目3\n# 项目4',225,NULL,51,'个人作业',NULL,1),(50,'7月-测试团队--团队作业提交','# 团队作业\n## 项目一\n## 项目二',222,128,52,'团队作业',NULL,1),(51,'12','123e12',43,1,20,'团队作业',NULL,0),(52,'12','213',223,140,53,'结对作业',NULL,1),(53,'7月14个人作业提交','# 我的作业\n> 啦啦啦拉拉阿拉',281,154,54,'个人作业',NULL,1),(54,'7月14-发条结对作业','### 加班开心\n>啦啦啦\n\n|1   |2   |\n| ------------ | ------------ |\n|  1 |2   |\n|  1 |2   |\n',281,155,56,'结对作业',NULL,1),(56,'7月14-团队作业','# 发条的团队作业\n> 拉拉阿拉',281,154,55,'团队作业',NULL,1),(57,'hhhh','',43,1,42,'团队作业',NULL,0),(58,'字节乱动——团队作业一种子队伍选拔团队展示','131313',281,154,58,'团队作业','https://www.cnblogs.com/eightGroup/p/14584977.html',0),(59,'匡扶汉室队作业一','|||\n| :-- | :-- |\n| 这个作业属于哪个课程 |[2021春软件工程实践S班 (福州大学)](https://edu.cnblogs.com/campus/fzu/FZUSESPR21)|\n| 这个作业要求在哪里 | [软件工程实践总结&个人技术博客](https://edu.cnblogs.com/campus/fzu/FZUSESPR21/homework/12091) |\n| 这个作业的目标 | <写上具体方面> |\n| 其他参考文献 | .... |\n\n[toc]\n## 一、软件工程实践总结\n### 1.1 问题回顾\n\n+ 点此跳转到[《软工实践寒假作业（2/2）》](https://www.cnblogs.com/cxhblog/p/14465099.html)\n\n+ 回顾曾经提出的问题，发现有些尚存在疑问或没有新的看法，这些问题是**问题一、二、三**；对于已解决的**问题四、五**，前者是通过实践有了自己的理解，后者则源自助教的指点。\n\n**问题一：在[《IT行业的创新-创新的迷思（5-6）》](https://www.cnblogs.com/xinz/archive/2011/07/10/2102310.html)中，迷思之五部分有这样一句话：“70% 的创新者说, 他们最成功的创新, 是在他们的拿手领域之外发现的。”，虽然文章中举了些例子，但我对这个比例还是有疑问。**\n> + 按我个人的经验，一个外行人如何能在其他领域创新呢，在某领域创新难道不需要精通这些行业的知识吗？就算真的出于某些偶然的因素，他做到了，但这个比例也不应该是70%啊，难道大部分创新都是偶然？鉴于个人观点的片面性，我就这句话百度到了几篇相关文章博文，其中有赞同的，也有反对的。但并没有直接证据说明这句话的对错。\n>\n> + 我对这些看法作的总结如下:\n>\n>   支持:“当局者迷”，领域内的专家由于拘于熟悉的知识而欠缺新的思考，往往不知如何突破。而领域之外的执着的人却会因为一个想法而刨根问底，不懈追求，最终创造专家都想不出来的新东西。另一种支持的观点是这70%的创新中部分是商业模式的创新，不关乎核心技术，正如[《创新 - 王屋村的魔方们》](https://www.cnblogs.com/xinz/archive/2011/08/04/2128015.html)中二柱同学的做法。\n>\n>   反对: 创新应该基于对该领域的深刻理解与知识储备，就好比一个小学生他做不出高数题，但有的题目他可以蒙出答案。\n\n**问题二：创新的时机跟黄金点游戏有关联吗？**\n> + 我看了[《创新的时机 – 黄金点游戏》](https://www.cnblogs.com/xinz/archive/2011/08/08/2130505.html)这篇博文，博文中邹老师谈到了黄金点游戏以及对这个游戏的几点领悟，但是我觉得跟创新的时机没什么关系。关于时机，“只先一步”部分有这样一段话：“**那些成功的企业只是比大众的平均值先走了一小步（平均值 * 0.618）, 就是这一小步, 让大部分人看到了产品的“相对优势”从而接受产品。关于技术创新,  一些趋势（例如社会网络），大家早就看到了, 也有一些产品推出, 但是往往最后成功的产品成功在时机上。**”，“Technology  Hype Cycle”部分也提到：“**说到时机, 任何新技术都有一个自身发展的规律，Gartner 的Jackie  Fenn 写了一个很有意思的报告, 提到了Technology Hype Cycle。**”我对这两部分的理解总结为：新产品在合适的时机推出才能获取成功，此前这个产品可能经历了几个发展换代阶段。但我觉得创新是创造新产品，创新的时机肯定是领先于产品推出的时机，正如文中说的：“**做前沿研究的人, 可以早于其他人很多年提出新想法, 但是这些想法一般都是在“Innovator” 那个圈子里有影响,  这些想法要等若干年才能由成功的企业家看准时机推向大众市场。**”，所以我认为黄金点游戏是跟推出新产品的时机有关联而不是创新的时机。\n\n**问题三：软件创新的出路真的是“走进作坊”？**\n> + 邹老师在[《软件工程讲义 9 创新的出路 走进作坊》](https://www.cnblogs.com/xinz/archive/2011/12/31/2309002.html)中对于软件创新的出路提出了“走进作坊”的观点。原文中有这样一句话：“这些好的作坊, 都有这些核心特性: 从小事做起, 讲究质量, 信用, 对产品负责, 对工作自豪。”，我学识有限，对这篇文章笼统地理解为：创新的出路是作坊是因为好的作坊有匠人精神。感觉我的怀疑没什么依据，要说源头大概就是如原文中说的“哪里都有盗版, 哪里都有抄袭, 哪里都有竞争”，上网去搜索出路什么的大部分都是讲创新是出路，缺少实践的东西。只能说直觉告诉我走进作坊不错，但实际操作起来把它当做创新的出路真的可行吗，是不是大家一起“走进作坊”，我国软件业的创新就能搞起来了呢？\n\n**问题四：如何应对“主治医师模式”?**\n> + 我读了[《团队和流程》](https://www.cnblogs.com/xinz/archive/2011/10/07/2200511.html)这篇博文，里面谈到了几种团队模式和软件开发模式。原文中有这样一段话：‘主治医师模式的退化: 在一些学校里, 软件工程的团队模式往往退化为“一个学生干活, 其余学生跟着打酱油。”’，即将面临软件工程实践课的组队，由于能力、性格的不同难免会形成各种团队模式。如果有幸遇到这种模式，那么最佳的办法便是各司其职，带头的“医生”应该根据成员能力的不同分配合理的任务，其他成员所要做的便是好好配合“医生”，除自己负责的任务外，在其他与技术无关的任务方面尽量提高效率（如：撰写心得体会、计划安排，积极参与讨论、会议）。在这种技术水平相差较大的情况下，带队的“医生”承担较多的任务是不可避免的，能力较弱的应该避免“强出头”给团队带来不必要的麻烦，实在不会的问题应及时请教，当然，也要杜绝划水的现象，有余力的话主动承当一些任务。\n\n**问题五：什么是单元测试的自动化?**\n> + 读过[《单元测试&回归测试》](https://www.cnblogs.com/xinz/archive/2011/11/20/2255830.html)这篇博文，谈到了单元测试的自动化。原文是这样的:“另一个重要的措施是要把单元测试自动化，这样每个人都能很容易地运行它，并且可以使单元测试每天都运行。每个人都可以随时在自己的机器上运行。团队一般是在每日构建中运行单元测试的，这样每个单元测试的错误就能及时被发现并得到修改。”，单元测试的自动化顾名思义，就是单元测试能够自动运行，所以，像用Junit编写的需要主动运行的单元测试都不算自动化的单元测试，自动化可以针对你每次提交或者打包的时候，自动运行你写的单元测试，并生成结果。\n\n### 1.2 五个阶段的收获\n#### 1.2.1 需求\n\n+ 需求分析阶段我个人承担的任务比较少，主要是参与讨论用户需求，试用设计出的原型，以及原型答辩PPT的设计。\n\n+ 由于是前几次的团队作业，需求分析阶段提升的能力大概就是**团队协作及文档编写**能力。\n\n#### 1.2.2 设计\n\n+ 设计阶段我的任务是功能模块设计，由于我们的系统比较特殊，功能划分起来比较容易，因此任务主要还是在于文档编写。\n\n+ 设计阶段提升的能力大概还是**文档编写**能力。\n\n#### 1.2.3 测试\n\n+ 测试阶段我主要负责测试web端的功能，编写功能测试用例，录制自动化测试脚本以及部分功能的压力测试。\n\n+ 看似测试阶段我负责的东西比较多，其实大部分任务还是比较简单的。收获的话分为两方面，一部分是频繁的测试、及文档编写工作磨练了我的**耐性**，使我更加**细心**；一部分是学会了用Jmeter进行简单的并发测试，这个我在个人技术博客中会详细说明。\n\n#### 1.2.4 发布\n\n+ 这部分要说收获的话谈不上，主要是检查项目完成情况，需求调研，感受了一波项目结束的喜悦。\n\n### 1.3 理解与心得\n\n#### 1.3.1 个人项目\n\n+ 个人项目进行的时候还未返校，那时候很多概念知识才刚接触，觉得相当的麻烦。我自己不是一个足够自律自主的人，能够独立坚持并完成作业，我觉得真有种坚持就是胜利的感觉。\n\n#### 1.3.2 结对编程\n\n+ 我与结对队友只完成了结对作业一，由于两人都比较菜，秉着与其做个虚有其表的东西，不如不做的想法咕掉了结对作业二。两个人协作当时对我来说还是比较陌生的，我个人比较擅长自己解决问题，经历了结对的过程，我觉得比较重要的事情一个是沟通，双方都要对自己的工作及任务进展有清楚的认识，一个是自己能够承担工作固然重要，但更为重要的是信任队友，学会将一些工作交给队友完成。\n\n#### 1.3.3 团队项目\n\n+ 团队项目可以说是历时最长的一个项目了，团队项目中出现的问题也是最多的。我在团队中的角色算是半个“打酱油”的吧。\n我觉得团队项目，组长的工作是尤为重要的，作为团队的领导人，除了因人而异分配任务，对任务的进展还需要有一定的把控，不然很容易出现大部分成员划水，最后赶工做任务导致的问题密集发生现象；组员的话则是要积极主动，自己要有一定的规划，不能等着组长来调配自己；还有一点是沟通交流，埋头苦干固然重要，但是也应预防沟通不当，导致先前的工作付诸东流的惨状，即使没有问题，工作相关的成员也应该互相了解一下情况，特别是前后端之间的沟通。\n\n\n## 二、个人技术博客\n\n+ 点此跳转[《使用Jmeter进行并发测试》](https://www.cnblogs.com/cxhblog/p/14931988.html)\n\n+ **概述:**\n该技术是使用Jmeter模拟多用户并发请求的场景，并有具体的测试结果，主要用于系统的压力测试，学习该技术是为了给系统做压力测试，并且进行适当的调整，相关用例也可以作为自动化测试用例使用，该技术难点主要在于token的获取。',333,181,61,'团队作业','https://www.cnblogs.com/cxhblog/p/14930576.html',1),(60,'匡扶汉室队作业二','|||\n| :-- | :-- |\n| 这个作业属于哪个课程 |[2021春软件工程实践S班 (福州大学)](https://edu.cnblogs.com/campus/fzu/FZUSESPR21)|\n| 这个作业要求在哪里 | [软件工程实践总结&个人技术博客](https://edu.cnblogs.com/campus/fzu/FZUSESPR21/homework/12091) |\n| 这个作业的目标 | <写上具体方面> |\n| 其他参考文献 | .... |\n\n[toc]\n## 一、软件工程实践总结\n### 1.1 问题回顾\n\n+ 点此跳转到[《软工实践寒假作业（2/2）》](https://www.cnblogs.com/cxhblog/p/14465099.html)\n\n+ 回顾曾经提出的问题，发现有些尚存在疑问或没有新的看法，这些问题是**问题一、二、三**；对于已解决的**问题四、五**，前者是通过实践有了自己的理解，后者则源自助教的指点。\n\n**问题一：在[《IT行业的创新-创新的迷思（5-6）》](https://www.cnblogs.com/xinz/archive/2011/07/10/2102310.html)中，迷思之五部分有这样一句话：“70% 的创新者说, 他们最成功的创新, 是在他们的拿手领域之外发现的。”，虽然文章中举了些例子，但我对这个比例还是有疑问。**\n> + 按我个人的经验，一个外行人如何能在其他领域创新呢，在某领域创新难道不需要精通这些行业的知识吗？就算真的出于某些偶然的因素，他做到了，但这个比例也不应该是70%啊，难道大部分创新都是偶然？鉴于个人观点的片面性，我就这句话百度到了几篇相关文章博文，其中有赞同的，也有反对的。但并没有直接证据说明这句话的对错。\n>\n> + 我对这些看法作的总结如下:\n>\n>   支持:“当局者迷”，领域内的专家由于拘于熟悉的知识而欠缺新的思考，往往不知如何突破。而领域之外的执着的人却会因为一个想法而刨根问底，不懈追求，最终创造专家都想不出来的新东西。另一种支持的观点是这70%的创新中部分是商业模式的创新，不关乎核心技术，正如[《创新 - 王屋村的魔方们》](https://www.cnblogs.com/xinz/archive/2011/08/04/2128015.html)中二柱同学的做法。\n>\n>   反对: 创新应该基于对该领域的深刻理解与知识储备，就好比一个小学生他做不出高数题，但有的题目他可以蒙出答案。\n\n**问题二：创新的时机跟黄金点游戏有关联吗？**\n> + 我看了[《创新的时机 – 黄金点游戏》](https://www.cnblogs.com/xinz/archive/2011/08/08/2130505.html)这篇博文，博文中邹老师谈到了黄金点游戏以及对这个游戏的几点领悟，但是我觉得跟创新的时机没什么关系。关于时机，“只先一步”部分有这样一段话：“**那些成功的企业只是比大众的平均值先走了一小步（平均值 * 0.618）, 就是这一小步, 让大部分人看到了产品的“相对优势”从而接受产品。关于技术创新,  一些趋势（例如社会网络），大家早就看到了, 也有一些产品推出, 但是往往最后成功的产品成功在时机上。**”，“Technology  Hype Cycle”部分也提到：“**说到时机, 任何新技术都有一个自身发展的规律，Gartner 的Jackie  Fenn 写了一个很有意思的报告, 提到了Technology Hype Cycle。**”我对这两部分的理解总结为：新产品在合适的时机推出才能获取成功，此前这个产品可能经历了几个发展换代阶段。但我觉得创新是创造新产品，创新的时机肯定是领先于产品推出的时机，正如文中说的：“**做前沿研究的人, 可以早于其他人很多年提出新想法, 但是这些想法一般都是在“Innovator” 那个圈子里有影响,  这些想法要等若干年才能由成功的企业家看准时机推向大众市场。**”，所以我认为黄金点游戏是跟推出新产品的时机有关联而不是创新的时机。\n\n**问题三：软件创新的出路真的是“走进作坊”？**\n> + 邹老师在[《软件工程讲义 9 创新的出路 走进作坊》](https://www.cnblogs.com/xinz/archive/2011/12/31/2309002.html)中对于软件创新的出路提出了“走进作坊”的观点。原文中有这样一句话：“这些好的作坊, 都有这些核心特性: 从小事做起, 讲究质量, 信用, 对产品负责, 对工作自豪。”，我学识有限，对这篇文章笼统地理解为：创新的出路是作坊是因为好的作坊有匠人精神。感觉我的怀疑没什么依据，要说源头大概就是如原文中说的“哪里都有盗版, 哪里都有抄袭, 哪里都有竞争”，上网去搜索出路什么的大部分都是讲创新是出路，缺少实践的东西。只能说直觉告诉我走进作坊不错，但实际操作起来把它当做创新的出路真的可行吗，是不是大家一起“走进作坊”，我国软件业的创新就能搞起来了呢？\n\n**问题四：如何应对“主治医师模式”?**\n> + 我读了[《团队和流程》](https://www.cnblogs.com/xinz/archive/2011/10/07/2200511.html)这篇博文，里面谈到了几种团队模式和软件开发模式。原文中有这样一段话：‘主治医师模式的退化: 在一些学校里, 软件工程的团队模式往往退化为“一个学生干活, 其余学生跟着打酱油。”’，即将面临软件工程实践课的组队，由于能力、性格的不同难免会形成各种团队模式。如果有幸遇到这种模式，那么最佳的办法便是各司其职，带头的“医生”应该根据成员能力的不同分配合理的任务，其他成员所要做的便是好好配合“医生”，除自己负责的任务外，在其他与技术无关的任务方面尽量提高效率（如：撰写心得体会、计划安排，积极参与讨论、会议）。在这种技术水平相差较大的情况下，带队的“医生”承担较多的任务是不可避免的，能力较弱的应该避免“强出头”给团队带来不必要的麻烦，实在不会的问题应及时请教，当然，也要杜绝划水的现象，有余力的话主动承当一些任务。\n\n**问题五：什么是单元测试的自动化?**\n> + 读过[《单元测试&回归测试》](https://www.cnblogs.com/xinz/archive/2011/11/20/2255830.html)这篇博文，谈到了单元测试的自动化。原文是这样的:“另一个重要的措施是要把单元测试自动化，这样每个人都能很容易地运行它，并且可以使单元测试每天都运行。每个人都可以随时在自己的机器上运行。团队一般是在每日构建中运行单元测试的，这样每个单元测试的错误就能及时被发现并得到修改。”，单元测试的自动化顾名思义，就是单元测试能够自动运行，所以，像用Junit编写的需要主动运行的单元测试都不算自动化的单元测试，自动化可以针对你每次提交或者打包的时候，自动运行你写的单元测试，并生成结果。\n\n### 1.2 五个阶段的收获\n#### 1.2.1 需求\n\n+ 需求分析阶段我个人承担的任务比较少，主要是参与讨论用户需求，试用设计出的原型，以及原型答辩PPT的设计。\n\n+ 由于是前几次的团队作业，需求分析阶段提升的能力大概就是**团队协作及文档编写**能力。\n\n#### 1.2.2 设计\n\n+ 设计阶段我的任务是功能模块设计，由于我们的系统比较特殊，功能划分起来比较容易，因此任务主要还是在于文档编写。\n\n+ 设计阶段提升的能力大概还是**文档编写**能力。\n\n#### 1.2.3 测试\n\n+ 测试阶段我主要负责测试web端的功能，编写功能测试用例，录制自动化测试脚本以及部分功能的压力测试。\n\n+ 看似测试阶段我负责的东西比较多，其实大部分任务还是比较简单的。收获的话分为两方面，一部分是频繁的测试、及文档编写工作磨练了我的**耐性**，使我更加**细心**；一部分是学会了用Jmeter进行简单的并发测试，这个我在个人技术博客中会详细说明。\n\n#### 1.2.4 发布\n\n+ 这部分要说收获的话谈不上，主要是检查项目完成情况，需求调研，感受了一波项目结束的喜悦。\n\n### 1.3 理解与心得\n\n#### 1.3.1 个人项目\n\n+ 个人项目进行的时候还未返校，那时候很多概念知识才刚接触，觉得相当的麻烦。我自己不是一个足够自律自主的人，能够独立坚持并完成作业，我觉得真有种坚持就是胜利的感觉。\n\n#### 1.3.2 结对编程\n\n+ 我与结对队友只完成了结对作业一，由于两人都比较菜，秉着与其做个虚有其表的东西，不如不做的想法咕掉了结对作业二。两个人协作当时对我来说还是比较陌生的，我个人比较擅长自己解决问题，经历了结对的过程，我觉得比较重要的事情一个是沟通，双方都要对自己的工作及任务进展有清楚的认识，一个是自己能够承担工作固然重要，但更为重要的是信任队友，学会将一些工作交给队友完成。\n\n#### 1.3.3 团队项目\n\n+ 团队项目可以说是历时最长的一个项目了，团队项目中出现的问题也是最多的。我在团队中的角色算是半个“打酱油”的吧。\n我觉得团队项目，组长的工作是尤为重要的，作为团队的领导人，除了因人而异分配任务，对任务的进展还需要有一定的把控，不然很容易出现大部分成员划水，最后赶工做任务导致的问题密集发生现象；组员的话则是要积极主动，自己要有一定的规划，不能等着组长来调配自己；还有一点是沟通交流，埋头苦干固然重要，但是也应预防沟通不当，导致先前的工作付诸东流的惨状，即使没有问题，工作相关的成员也应该互相了解一下情况，特别是前后端之间的沟通。\n\n\n## 二、个人技术博客\n\n+ 点此跳转[《使用Jmeter进行并发测试》](https://www.cnblogs.com/cxhblog/p/14931988.html)\n\n+ **概述:**\n该技术是使用Jmeter模拟多用户并发请求的场景，并有具体的测试结果，主要用于系统的压力测试，学习该技术是为了给系统做压力测试，并且进行适当的调整，相关用例也可以作为自动化测试用例使用，该技术难点主要在于token的获取。',333,181,66,'团队作业','https://www.cnblogs.com/cxhblog/p/14930576.html',0),(61,'匡扶汉室队作业三','|||\n| :-- | :-- |\n| 这个作业属于哪个课程 |[2021春软件工程实践S班 (福州大学)](https://edu.cnblogs.com/campus/fzu/FZUSESPR21)|\n| 这个作业要求在哪里 | [软件工程实践总结&个人技术博客](https://edu.cnblogs.com/campus/fzu/FZUSESPR21/homework/12091) |\n| 这个作业的目标 | <写上具体方面> |\n| 其他参考文献 | .... |\n\n[toc]\n## 一、软件工程实践总结\n### 1.1 问题回顾\n\n+ 点此跳转到[《软工实践寒假作业（2/2）》](https://www.cnblogs.com/cxhblog/p/14465099.html)\n\n+ 回顾曾经提出的问题，发现有些尚存在疑问或没有新的看法，这些问题是**问题一、二、三**；对于已解决的**问题四、五**，前者是通过实践有了自己的理解，后者则源自助教的指点。\n\n**问题一：在[《IT行业的创新-创新的迷思（5-6）》](https://www.cnblogs.com/xinz/archive/2011/07/10/2102310.html)中，迷思之五部分有这样一句话：“70% 的创新者说, 他们最成功的创新, 是在他们的拿手领域之外发现的。”，虽然文章中举了些例子，但我对这个比例还是有疑问。**\n> + 按我个人的经验，一个外行人如何能在其他领域创新呢，在某领域创新难道不需要精通这些行业的知识吗？就算真的出于某些偶然的因素，他做到了，但这个比例也不应该是70%啊，难道大部分创新都是偶然？鉴于个人观点的片面性，我就这句话百度到了几篇相关文章博文，其中有赞同的，也有反对的。但并没有直接证据说明这句话的对错。\n>\n> + 我对这些看法作的总结如下:\n>\n>   支持:“当局者迷”，领域内的专家由于拘于熟悉的知识而欠缺新的思考，往往不知如何突破。而领域之外的执着的人却会因为一个想法而刨根问底，不懈追求，最终创造专家都想不出来的新东西。另一种支持的观点是这70%的创新中部分是商业模式的创新，不关乎核心技术，正如[《创新 - 王屋村的魔方们》](https://www.cnblogs.com/xinz/archive/2011/08/04/2128015.html)中二柱同学的做法。\n>\n>   反对: 创新应该基于对该领域的深刻理解与知识储备，就好比一个小学生他做不出高数题，但有的题目他可以蒙出答案。\n\n**问题二：创新的时机跟黄金点游戏有关联吗？**\n> + 我看了[《创新的时机 – 黄金点游戏》](https://www.cnblogs.com/xinz/archive/2011/08/08/2130505.html)这篇博文，博文中邹老师谈到了黄金点游戏以及对这个游戏的几点领悟，但是我觉得跟创新的时机没什么关系。关于时机，“只先一步”部分有这样一段话：“**那些成功的企业只是比大众的平均值先走了一小步（平均值 * 0.618）, 就是这一小步, 让大部分人看到了产品的“相对优势”从而接受产品。关于技术创新,  一些趋势（例如社会网络），大家早就看到了, 也有一些产品推出, 但是往往最后成功的产品成功在时机上。**”，“Technology  Hype Cycle”部分也提到：“**说到时机, 任何新技术都有一个自身发展的规律，Gartner 的Jackie  Fenn 写了一个很有意思的报告, 提到了Technology Hype Cycle。**”我对这两部分的理解总结为：新产品在合适的时机推出才能获取成功，此前这个产品可能经历了几个发展换代阶段。但我觉得创新是创造新产品，创新的时机肯定是领先于产品推出的时机，正如文中说的：“**做前沿研究的人, 可以早于其他人很多年提出新想法, 但是这些想法一般都是在“Innovator” 那个圈子里有影响,  这些想法要等若干年才能由成功的企业家看准时机推向大众市场。**”，所以我认为黄金点游戏是跟推出新产品的时机有关联而不是创新的时机。\n\n**问题三：软件创新的出路真的是“走进作坊”？**\n> + 邹老师在[《软件工程讲义 9 创新的出路 走进作坊》](https://www.cnblogs.com/xinz/archive/2011/12/31/2309002.html)中对于软件创新的出路提出了“走进作坊”的观点。原文中有这样一句话：“这些好的作坊, 都有这些核心特性: 从小事做起, 讲究质量, 信用, 对产品负责, 对工作自豪。”，我学识有限，对这篇文章笼统地理解为：创新的出路是作坊是因为好的作坊有匠人精神。感觉我的怀疑没什么依据，要说源头大概就是如原文中说的“哪里都有盗版, 哪里都有抄袭, 哪里都有竞争”，上网去搜索出路什么的大部分都是讲创新是出路，缺少实践的东西。只能说直觉告诉我走进作坊不错，但实际操作起来把它当做创新的出路真的可行吗，是不是大家一起“走进作坊”，我国软件业的创新就能搞起来了呢？\n\n**问题四：如何应对“主治医师模式”?**\n> + 我读了[《团队和流程》](https://www.cnblogs.com/xinz/archive/2011/10/07/2200511.html)这篇博文，里面谈到了几种团队模式和软件开发模式。原文中有这样一段话：‘主治医师模式的退化: 在一些学校里, 软件工程的团队模式往往退化为“一个学生干活, 其余学生跟着打酱油。”’，即将面临软件工程实践课的组队，由于能力、性格的不同难免会形成各种团队模式。如果有幸遇到这种模式，那么最佳的办法便是各司其职，带头的“医生”应该根据成员能力的不同分配合理的任务，其他成员所要做的便是好好配合“医生”，除自己负责的任务外，在其他与技术无关的任务方面尽量提高效率（如：撰写心得体会、计划安排，积极参与讨论、会议）。在这种技术水平相差较大的情况下，带队的“医生”承担较多的任务是不可避免的，能力较弱的应该避免“强出头”给团队带来不必要的麻烦，实在不会的问题应及时请教，当然，也要杜绝划水的现象，有余力的话主动承当一些任务。\n\n**问题五：什么是单元测试的自动化?**\n> + 读过[《单元测试&回归测试》](https://www.cnblogs.com/xinz/archive/2011/11/20/2255830.html)这篇博文，谈到了单元测试的自动化。原文是这样的:“另一个重要的措施是要把单元测试自动化，这样每个人都能很容易地运行它，并且可以使单元测试每天都运行。每个人都可以随时在自己的机器上运行。团队一般是在每日构建中运行单元测试的，这样每个单元测试的错误就能及时被发现并得到修改。”，单元测试的自动化顾名思义，就是单元测试能够自动运行，所以，像用Junit编写的需要主动运行的单元测试都不算自动化的单元测试，自动化可以针对你每次提交或者打包的时候，自动运行你写的单元测试，并生成结果。\n\n### 1.2 五个阶段的收获\n#### 1.2.1 需求\n\n+ 需求分析阶段我个人承担的任务比较少，主要是参与讨论用户需求，试用设计出的原型，以及原型答辩PPT的设计。\n\n+ 由于是前几次的团队作业，需求分析阶段提升的能力大概就是**团队协作及文档编写**能力。\n\n#### 1.2.2 设计\n\n+ 设计阶段我的任务是功能模块设计，由于我们的系统比较特殊，功能划分起来比较容易，因此任务主要还是在于文档编写。\n\n+ 设计阶段提升的能力大概还是**文档编写**能力。\n\n#### 1.2.3 测试\n\n+ 测试阶段我主要负责测试web端的功能，编写功能测试用例，录制自动化测试脚本以及部分功能的压力测试。\n\n+ 看似测试阶段我负责的东西比较多，其实大部分任务还是比较简单的。收获的话分为两方面，一部分是频繁的测试、及文档编写工作磨练了我的**耐性**，使我更加**细心**；一部分是学会了用Jmeter进行简单的并发测试，这个我在个人技术博客中会详细说明。\n\n#### 1.2.4 发布\n\n+ 这部分要说收获的话谈不上，主要是检查项目完成情况，需求调研，感受了一波项目结束的喜悦。\n\n### 1.3 理解与心得\n\n#### 1.3.1 个人项目\n\n+ 个人项目进行的时候还未返校，那时候很多概念知识才刚接触，觉得相当的麻烦。我自己不是一个足够自律自主的人，能够独立坚持并完成作业，我觉得真有种坚持就是胜利的感觉。\n\n#### 1.3.2 结对编程\n\n+ 我与结对队友只完成了结对作业一，由于两人都比较菜，秉着与其做个虚有其表的东西，不如不做的想法咕掉了结对作业二。两个人协作当时对我来说还是比较陌生的，我个人比较擅长自己解决问题，经历了结对的过程，我觉得比较重要的事情一个是沟通，双方都要对自己的工作及任务进展有清楚的认识，一个是自己能够承担工作固然重要，但更为重要的是信任队友，学会将一些工作交给队友完成。\n\n#### 1.3.3 团队项目\n\n+ 团队项目可以说是历时最长的一个项目了，团队项目中出现的问题也是最多的。我在团队中的角色算是半个“打酱油”的吧。\n我觉得团队项目，组长的工作是尤为重要的，作为团队的领导人，除了因人而异分配任务，对任务的进展还需要有一定的把控，不然很容易出现大部分成员划水，最后赶工做任务导致的问题密集发生现象；组员的话则是要积极主动，自己要有一定的规划，不能等着组长来调配自己；还有一点是沟通交流，埋头苦干固然重要，但是也应预防沟通不当，导致先前的工作付诸东流的惨状，即使没有问题，工作相关的成员也应该互相了解一下情况，特别是前后端之间的沟通。\n\n\n## 二、个人技术博客\n\n+ 点此跳转[《使用Jmeter进行并发测试》](https://www.cnblogs.com/cxhblog/p/14931988.html)\n\n+ **概述:**\n# 该技术是使用Jmeter模拟多用户并发请求的场景，并有具体的测试结果，主要用于系统的压力测试，学习该技术是为了给系统做压力测试，并且进行适当的调整，相关用例也可以作为自动化测试用例使用，该技术难点主要在于token的获取。',333,181,70,'团队作业','https://www.cnblogs.com/cxhblog/p/14930576.html',0),(62,'张辽的个人作业','|||\n| :-- | :-- |\n| 这个作业属于哪个课程 |[2021春软件工程实践S班 (福州大学)](https://edu.cnblogs.com/campus/fzu/FZUSESPR21)|\n| 这个作业要求在哪里 | [软件工程实践总结&个人技术博客](https://edu.cnblogs.com/campus/fzu/FZUSESPR21/homework/12091) |\n| 这个作业的目标 | <写上具体方面> |\n| 其他参考文献 | .... |\n\n[toc]\n## 一、软件工程实践总结\n### 1.1 问题回顾\n\n+ 点此跳转到[《软工实践寒假作业（2/2）》](https://www.cnblogs.com/cxhblog/p/14465099.html)\n\n+ 回顾曾经提出的问题，发现有些尚存在疑问或没有新的看法，这些问题是**问题一、二、三**；对于已解决的**问题四、五**，前者是通过实践有了自己的理解，后者则源自助教的指点。\n\n**问题一：在[《IT行业的创新-创新的迷思（5-6）》](https://www.cnblogs.com/xinz/archive/2011/07/10/2102310.html)中，迷思之五部分有这样一句话：“70% 的创新者说, 他们最成功的创新, 是在他们的拿手领域之外发现的。”，虽然文章中举了些例子，但我对这个比例还是有疑问。**\n> + 按我个人的经验，一个外行人如何能在其他领域创新呢，在某领域创新难道不需要精通这些行业的知识吗？就算真的出于某些偶然的因素，他做到了，但这个比例也不应该是70%啊，难道大部分创新都是偶然？鉴于个人观点的片面性，我就这句话百度到了几篇相关文章博文，其中有赞同的，也有反对的。但并没有直接证据说明这句话的对错。\n>\n> + 我对这些看法作的总结如下:\n>\n>   支持:“当局者迷”，领域内的专家由于拘于熟悉的知识而欠缺新的思考，往往不知如何突破。而领域之外的执着的人却会因为一个想法而刨根问底，不懈追求，最终创造专家都想不出来的新东西。另一种支持的观点是这70%的创新中部分是商业模式的创新，不关乎核心技术，正如[《创新 - 王屋村的魔方们》](https://www.cnblogs.com/xinz/archive/2011/08/04/2128015.html)中二柱同学的做法。\n>\n>   反对: 创新应该基于对该领域的深刻理解与知识储备，就好比一个小学生他做不出高数题，但有的题目他可以蒙出答案。\n\n**问题二：创新的时机跟黄金点游戏有关联吗？**\n> + 我看了[《创新的时机 – 黄金点游戏》](https://www.cnblogs.com/xinz/archive/2011/08/08/2130505.html)这篇博文，博文中邹老师谈到了黄金点游戏以及对这个游戏的几点领悟，但是我觉得跟创新的时机没什么关系。关于时机，“只先一步”部分有这样一段话：“**那些成功的企业只是比大众的平均值先走了一小步（平均值 * 0.618）, 就是这一小步, 让大部分人看到了产品的“相对优势”从而接受产品。关于技术创新,  一些趋势（例如社会网络），大家早就看到了, 也有一些产品推出, 但是往往最后成功的产品成功在时机上。**”，“Technology  Hype Cycle”部分也提到：“**说到时机, 任何新技术都有一个自身发展的规律，Gartner 的Jackie  Fenn 写了一个很有意思的报告, 提到了Technology Hype Cycle。**”我对这两部分的理解总结为：新产品在合适的时机推出才能获取成功，此前这个产品可能经历了几个发展换代阶段。但我觉得创新是创造新产品，创新的时机肯定是领先于产品推出的时机，正如文中说的：“**做前沿研究的人, 可以早于其他人很多年提出新想法, 但是这些想法一般都是在“Innovator” 那个圈子里有影响,  这些想法要等若干年才能由成功的企业家看准时机推向大众市场。**”，所以我认为黄金点游戏是跟推出新产品的时机有关联而不是创新的时机。\n\n**问题三：软件创新的出路真的是“走进作坊”？**\n> + 邹老师在[《软件工程讲义 9 创新的出路 走进作坊》](https://www.cnblogs.com/xinz/archive/2011/12/31/2309002.html)中对于软件创新的出路提出了“走进作坊”的观点。原文中有这样一句话：“这些好的作坊, 都有这些核心特性: 从小事做起, 讲究质量, 信用, 对产品负责, 对工作自豪。”，我学识有限，对这篇文章笼统地理解为：创新的出路是作坊是因为好的作坊有匠人精神。感觉我的怀疑没什么依据，要说源头大概就是如原文中说的“哪里都有盗版, 哪里都有抄袭, 哪里都有竞争”，上网去搜索出路什么的大部分都是讲创新是出路，缺少实践的东西。只能说直觉告诉我走进作坊不错，但实际操作起来把它当做创新的出路真的可行吗，是不是大家一起“走进作坊”，我国软件业的创新就能搞起来了呢？\n\n**问题四：如何应对“主治医师模式”?**\n> + 我读了[《团队和流程》](https://www.cnblogs.com/xinz/archive/2011/10/07/2200511.html)这篇博文，里面谈到了几种团队模式和软件开发模式。原文中有这样一段话：‘主治医师模式的退化: 在一些学校里, 软件工程的团队模式往往退化为“一个学生干活, 其余学生跟着打酱油。”’，即将面临软件工程实践课的组队，由于能力、性格的不同难免会形成各种团队模式。如果有幸遇到这种模式，那么最佳的办法便是各司其职，带头的“医生”应该根据成员能力的不同分配合理的任务，其他成员所要做的便是好好配合“医生”，除自己负责的任务外，在其他与技术无关的任务方面尽量提高效率（如：撰写心得体会、计划安排，积极参与讨论、会议）。在这种技术水平相差较大的情况下，带队的“医生”承担较多的任务是不可避免的，能力较弱的应该避免“强出头”给团队带来不必要的麻烦，实在不会的问题应及时请教，当然，也要杜绝划水的现象，有余力的话主动承当一些任务。\n\n**问题五：什么是单元测试的自动化?**\n> + 读过[《单元测试&回归测试》](https://www.cnblogs.com/xinz/archive/2011/11/20/2255830.html)这篇博文，谈到了单元测试的自动化。原文是这样的:“另一个重要的措施是要把单元测试自动化，这样每个人都能很容易地运行它，并且可以使单元测试每天都运行。每个人都可以随时在自己的机器上运行。团队一般是在每日构建中运行单元测试的，这样每个单元测试的错误就能及时被发现并得到修改。”，单元测试的自动化顾名思义，就是单元测试能够自动运行，所以，像用Junit编写的需要主动运行的单元测试都不算自动化的单元测试，自动化可以针对你每次提交或者打包的时候，自动运行你写的单元测试，并生成结果。\n\n### 1.2 五个阶段的收获\n#### 1.2.1 需求\n\n+ 需求分析阶段我个人承担的任务比较少，主要是参与讨论用户需求，试用设计出的原型，以及原型答辩PPT的设计。\n\n+ 由于是前几次的团队作业，需求分析阶段提升的能力大概就是**团队协作及文档编写**能力。\n\n#### 1.2.2 设计\n\n+ 设计阶段我的任务是功能模块设计，由于我们的系统比较特殊，功能划分起来比较容易，因此任务主要还是在于文档编写。\n\n+ 设计阶段提升的能力大概还是**文档编写**能力。\n\n#### 1.2.3 测试\n\n+ 测试阶段我主要负责测试web端的功能，编写功能测试用例，录制自动化测试脚本以及部分功能的压力测试。\n\n+ 看似测试阶段我负责的东西比较多，其实大部分任务还是比较简单的。收获的话分为两方面，一部分是频繁的测试、及文档编写工作磨练了我的**耐性**，使我更加**细心**；一部分是学会了用Jmeter进行简单的并发测试，这个我在个人技术博客中会详细说明。\n\n#### 1.2.4 发布\n\n+ 这部分要说收获的话谈不上，主要是检查项目完成情况，需求调研，感受了一波项目结束的喜悦。\n\n### 1.3 理解与心得\n\n#### 1.3.1 个人项目\n\n+ 个人项目进行的时候还未返校，那时候很多概念知识才刚接触，觉得相当的麻烦。我自己不是一个足够自律自主的人，能够独立坚持并完成作业，我觉得真有种坚持就是胜利的感觉。\n\n#### 1.3.2 结对编程\n\n+ 我与结对队友只完成了结对作业一，由于两人都比较菜，秉着与其做个虚有其表的东西，不如不做的想法咕掉了结对作业二。两个人协作当时对我来说还是比较陌生的，我个人比较擅长自己解决问题，经历了结对的过程，我觉得比较重要的事情一个是沟通，双方都要对自己的工作及任务进展有清楚的认识，一个是自己能够承担工作固然重要，但更为重要的是信任队友，学会将一些工作交给队友完成。\n\n#### 1.3.3 团队项目\n\n+ 团队项目可以说是历时最长的一个项目了，团队项目中出现的问题也是最多的。我在团队中的角色算是半个“打酱油”的吧。\n我觉得团队项目，组长的工作是尤为重要的，作为团队的领导人，除了因人而异分配任务，对任务的进展还需要有一定的把控，不然很容易出现大部分成员划水，最后赶工做任务导致的问题密集发生现象；组员的话则是要积极主动，自己要有一定的规划，不能等着组长来调配自己；还有一点是沟通交流，埋头苦干固然重要，但是也应预防沟通不当，导致先前的工作付诸东流的惨状，即使没有问题，工作相关的成员也应该互相了解一下情况，特别是前后端之间的沟通。\n\n\n## 二、个人技术博客\n\n+ 点此跳转[《使用Jmeter进行并发测试》](https://www.cnblogs.com/cxhblog/p/14931988.html)\n\n+ **概述:**\n# 该技术是使用Jmeter模拟多用户并发请求的场景，并有具体的测试结果，主要用于系统的压力测试，学习该技术是为了给系统做压力测试，并且进行适当的调整，相关用例也可以作为自动化测试用例使用，该技术难点主要在于token的获取。',333,181,63,'个人作业','https://www.cnblogs.com/cxhblog/p/14930576.html',1),(63,'张辽的个人作业','|||\n| :-- | :-- |\n| 这个作业属于哪个课程 |[2021春软件工程实践S班 (福州大学)](https://edu.cnblogs.com/campus/fzu/FZUSESPR21)|\n| 这个作业要求在哪里 | [软件工程实践总结&个人技术博客](https://edu.cnblogs.com/campus/fzu/FZUSESPR21/homework/12091) |\n| 这个作业的目标 | <写上具体方面> |\n| 其他参考文献 | .... |\n\n[toc]\n## 一、软件工程实践总结\n### 1.1 问题回顾\n\n+ 点此跳转到[《软工实践寒假作业（2/2）》](https://www.cnblogs.com/cxhblog/p/14465099.html)\n\n+ 回顾曾经提出的问题，发现有些尚存在疑问或没有新的看法，这些问题是**问题一、二、三**；对于已解决的**问题四、五**，前者是通过实践有了自己的理解，后者则源自助教的指点。\n\n**问题一：在[《IT行业的创新-创新的迷思（5-6）》](https://www.cnblogs.com/xinz/archive/2011/07/10/2102310.html)中，迷思之五部分有这样一句话：“70% 的创新者说, 他们最成功的创新, 是在他们的拿手领域之外发现的。”，虽然文章中举了些例子，但我对这个比例还是有疑问。**\n> + 按我个人的经验，一个外行人如何能在其他领域创新呢，在某领域创新难道不需要精通这些行业的知识吗？就算真的出于某些偶然的因素，他做到了，但这个比例也不应该是70%啊，难道大部分创新都是偶然？鉴于个人观点的片面性，我就这句话百度到了几篇相关文章博文，其中有赞同的，也有反对的。但并没有直接证据说明这句话的对错。\n>\n> + 我对这些看法作的总结如下:\n>\n>   支持:“当局者迷”，领域内的专家由于拘于熟悉的知识而欠缺新的思考，往往不知如何突破。而领域之外的执着的人却会因为一个想法而刨根问底，不懈追求，最终创造专家都想不出来的新东西。另一种支持的观点是这70%的创新中部分是商业模式的创新，不关乎核心技术，正如[《创新 - 王屋村的魔方们》](https://www.cnblogs.com/xinz/archive/2011/08/04/2128015.html)中二柱同学的做法。\n>\n>   反对: 创新应该基于对该领域的深刻理解与知识储备，就好比一个小学生他做不出高数题，但有的题目他可以蒙出答案。\n\n**问题二：创新的时机跟黄金点游戏有关联吗？**\n> + 我看了[《创新的时机 – 黄金点游戏》](https://www.cnblogs.com/xinz/archive/2011/08/08/2130505.html)这篇博文，博文中邹老师谈到了黄金点游戏以及对这个游戏的几点领悟，但是我觉得跟创新的时机没什么关系。关于时机，“只先一步”部分有这样一段话：“**那些成功的企业只是比大众的平均值先走了一小步（平均值 * 0.618）, 就是这一小步, 让大部分人看到了产品的“相对优势”从而接受产品。关于技术创新,  一些趋势（例如社会网络），大家早就看到了, 也有一些产品推出, 但是往往最后成功的产品成功在时机上。**”，“Technology  Hype Cycle”部分也提到：“**说到时机, 任何新技术都有一个自身发展的规律，Gartner 的Jackie  Fenn 写了一个很有意思的报告, 提到了Technology Hype Cycle。**”我对这两部分的理解总结为：新产品在合适的时机推出才能获取成功，此前这个产品可能经历了几个发展换代阶段。但我觉得创新是创造新产品，创新的时机肯定是领先于产品推出的时机，正如文中说的：“**做前沿研究的人, 可以早于其他人很多年提出新想法, 但是这些想法一般都是在“Innovator” 那个圈子里有影响,  这些想法要等若干年才能由成功的企业家看准时机推向大众市场。**”，所以我认为黄金点游戏是跟推出新产品的时机有关联而不是创新的时机。\n\n**问题三：软件创新的出路真的是“走进作坊”？**\n> + 邹老师在[《软件工程讲义 9 创新的出路 走进作坊》](https://www.cnblogs.com/xinz/archive/2011/12/31/2309002.html)中对于软件创新的出路提出了“走进作坊”的观点。原文中有这样一句话：“这些好的作坊, 都有这些核心特性: 从小事做起, 讲究质量, 信用, 对产品负责, 对工作自豪。”，我学识有限，对这篇文章笼统地理解为：创新的出路是作坊是因为好的作坊有匠人精神。感觉我的怀疑没什么依据，要说源头大概就是如原文中说的“哪里都有盗版, 哪里都有抄袭, 哪里都有竞争”，上网去搜索出路什么的大部分都是讲创新是出路，缺少实践的东西。只能说直觉告诉我走进作坊不错，但实际操作起来把它当做创新的出路真的可行吗，是不是大家一起“走进作坊”，我国软件业的创新就能搞起来了呢？\n\n**问题四：如何应对“主治医师模式”?**\n> + 我读了[《团队和流程》](https://www.cnblogs.com/xinz/archive/2011/10/07/2200511.html)这篇博文，里面谈到了几种团队模式和软件开发模式。原文中有这样一段话：‘主治医师模式的退化: 在一些学校里, 软件工程的团队模式往往退化为“一个学生干活, 其余学生跟着打酱油。”’，即将面临软件工程实践课的组队，由于能力、性格的不同难免会形成各种团队模式。如果有幸遇到这种模式，那么最佳的办法便是各司其职，带头的“医生”应该根据成员能力的不同分配合理的任务，其他成员所要做的便是好好配合“医生”，除自己负责的任务外，在其他与技术无关的任务方面尽量提高效率（如：撰写心得体会、计划安排，积极参与讨论、会议）。在这种技术水平相差较大的情况下，带队的“医生”承担较多的任务是不可避免的，能力较弱的应该避免“强出头”给团队带来不必要的麻烦，实在不会的问题应及时请教，当然，也要杜绝划水的现象，有余力的话主动承当一些任务。\n\n**问题五：什么是单元测试的自动化?**\n> + 读过[《单元测试&回归测试》](https://www.cnblogs.com/xinz/archive/2011/11/20/2255830.html)这篇博文，谈到了单元测试的自动化。原文是这样的:“另一个重要的措施是要把单元测试自动化，这样每个人都能很容易地运行它，并且可以使单元测试每天都运行。每个人都可以随时在自己的机器上运行。团队一般是在每日构建中运行单元测试的，这样每个单元测试的错误就能及时被发现并得到修改。”，单元测试的自动化顾名思义，就是单元测试能够自动运行，所以，像用Junit编写的需要主动运行的单元测试都不算自动化的单元测试，自动化可以针对你每次提交或者打包的时候，自动运行你写的单元测试，并生成结果。\n\n### 1.2 五个阶段的收获\n#### 1.2.1 需求\n\n+ 需求分析阶段我个人承担的任务比较少，主要是参与讨论用户需求，试用设计出的原型，以及原型答辩PPT的设计。\n\n+ 由于是前几次的团队作业，需求分析阶段提升的能力大概就是**团队协作及文档编写**能力。\n\n#### 1.2.2 设计\n\n+ 设计阶段我的任务是功能模块设计，由于我们的系统比较特殊，功能划分起来比较容易，因此任务主要还是在于文档编写。\n\n+ 设计阶段提升的能力大概还是**文档编写**能力。\n\n#### 1.2.3 测试\n\n+ 测试阶段我主要负责测试web端的功能，编写功能测试用例，录制自动化测试脚本以及部分功能的压力测试。\n\n+ 看似测试阶段我负责的东西比较多，其实大部分任务还是比较简单的。收获的话分为两方面，一部分是频繁的测试、及文档编写工作磨练了我的**耐性**，使我更加**细心**；一部分是学会了用Jmeter进行简单的并发测试，这个我在个人技术博客中会详细说明。\n\n#### 1.2.4 发布\n\n+ 这部分要说收获的话谈不上，主要是检查项目完成情况，需求调研，感受了一波项目结束的喜悦。\n\n### 1.3 理解与心得\n\n#### 1.3.1 个人项目\n\n+ 个人项目进行的时候还未返校，那时候很多概念知识才刚接触，觉得相当的麻烦。我自己不是一个足够自律自主的人，能够独立坚持并完成作业，我觉得真有种坚持就是胜利的感觉。\n\n#### 1.3.2 结对编程\n\n+ 我与结对队友只完成了结对作业一，由于两人都比较菜，秉着与其做个虚有其表的东西，不如不做的想法咕掉了结对作业二。两个人协作当时对我来说还是比较陌生的，我个人比较擅长自己解决问题，经历了结对的过程，我觉得比较重要的事情一个是沟通，双方都要对自己的工作及任务进展有清楚的认识，一个是自己能够承担工作固然重要，但更为重要的是信任队友，学会将一些工作交给队友完成。\n\n#### 1.3.3 团队项目\n\n+ 团队项目可以说是历时最长的一个项目了，团队项目中出现的问题也是最多的。我在团队中的角色算是半个“打酱油”的吧。\n我觉得团队项目，组长的工作是尤为重要的，作为团队的领导人，除了因人而异分配任务，对任务的进展还需要有一定的把控，不然很容易出现大部分成员划水，最后赶工做任务导致的问题密集发生现象；组员的话则是要积极主动，自己要有一定的规划，不能等着组长来调配自己；还有一点是沟通交流，埋头苦干固然重要，但是也应预防沟通不当，导致先前的工作付诸东流的惨状，即使没有问题，工作相关的成员也应该互相了解一下情况，特别是前后端之间的沟通。\n\n\n## 二、个人技术博客\n\n+ 点此跳转[《使用Jmeter进行并发测试》](https://www.cnblogs.com/cxhblog/p/14931988.html)\n\n+ **概述:**\n# 该技术是使用Jmeter模拟多用户并发请求的场景，并有具体的测试结果，主要用于系统的压力测试，学习该技术是为了给系统做压力测试，并且进行适当的调整，相关用例也可以作为自动化测试用例使用，该技术难点主要在于token的获取。',333,181,65,'个人作业','https://www.cnblogs.com/cxhblog/p/14930576.html',1),(64,'曹丕的个人作业','|作业的基本信息||\n|:--|:--:|\n|这个作业属于哪个课程|[班级的链接](https://edu.cnblogs.com/campus/fzu/FZUSESPR21/)|\n|这个作业要求在哪里|[作业要求的链接](https://edu.cnblogs.com/campus/fzu/FZUSESPR21/homework/11673)|\n|这个作业的目标|熟悉掌握markdown语法，学习绘制思维导图，学习博客园的美化，撰写博客并为下学期的软件工程实践做准备。|\n|其他参考文献|[Markdown教程](https://www.runoob.com/markdown/md-tutorial.html)|\n\n[toc]\n## 1、回首过去\n### 1.1 为什么选择软件工程这个专业\n  + 当初也没有考虑这么多，要说理由大概有三点:一是软件工程分数合适，二是感觉现在这个时代正需要这种人才，\n  三就是程序员的收入还不错。选择这个专业很大程度上是有冲动的因素，高中时候数学之类理科逻辑的东西就不\n  太好。\n### 1.2 对软件工程这个专业的期待和想象\n  + 过去的都忘记了，大概就是感觉学了以后计算机能玩的很6，搞一些高大尚的软件项目什么的。现在的话还是希望\n    自己能成为一名合格的程序员，我对这个职业还是挺向往的，虽然现实往往和想象的不太一样。\n### 1.3 曾经的计划或准备\n  + 没有什么计划和准备啥的，挺惭愧的。当初是抱着好好学和尝试的心态来的这个专业，但是学下来真的是一言难尽。\n\n## 2、个人简历\n### 2.1 个人展示部分\n> + **姓名**: 陈晓汉\n> + **头像:**\n> <a href=\"https://images.cnblogs.com/cnblogs_com/cxhblog/1925157/o_210130022509d9b441ce9c434728b23a46eb668c1349.png\">\n  <img src=\"https://images.cnblogs.com/cnblogs_com/cxhblog/1925157/o_210130022509d9b441ce9c434728b23a46eb668c1349.png\" style=\"width=100px;height:100px;\">\n  </a>\n> + **兴趣爱好:** 电子竞技\n> + **特长:** ~~划水算不算？~~\n### 2.2 但前值\n> + **成果和获奖经历:** 空空如也...\n> + **专业水平：**\n按修习过的课程衡量的话。掌握的编程语言有C、C++、Java、SQL、C#、XML、HTML、CSS和PHP。  \n技术框架就Yii 2.0。会使用的开发软件有Dev-C++、Elipse Java Oxygen和Visual Studio。累计代码量没\n有统计过，估计很少。\n> + **项目经历：**空空如也...\n\n## 3、展望未来\n### 3.1 阅读《构建之法》后提出的问题\n> + 在第1章概论中有提到\"计算机理论的进展会帮助软件工程(例如对程序正确性的分析)\"，但以我目前学到的知识并不是很理解。\n> + 在第2章个人技术和流程中，单元测试若可以集成到自动测试框架中，还有必要自己写单元测试吗？\n> + 在第4章中提到了代码规范，如何能保证一个人的代码风格是良好的，能够被普遍接受呢？\n\n### 3.2 未来的职业规划\n> + 实诚地讲，还没想好。照搬大一时候的职业规划书，内容大概如下：\n> + 大三后利用假期找一些小型的公司工作实践，在实践中发现问题，提高自己，了解最新的行业发展动态，\n>   学习最新的技术。毕业后，积极投放简历，利用几年工作实践的时间熟练掌握软件编程，积累大量软件编\n    程经验，学习企业管理知识，关注最新的行业发展动态新技术的应用，为以后的发展做好准备。工作五年\n    后，尝试和一些志同道合的朋友合作创业，以自己的成熟技术和良好的信誉为核心竞争力，在同行中拥有\n    自己的优势，积累经验，拓展自己的客户群。\n### 3.3 对软件工程实践的理解和期望\n> + 在这门课程我希望能够学习Java语言，提高自己的编程水平，增强自主学习能力及团队协作能力。鉴于我是\n    个菜鸡，希望老师助教多多包涵，多多指导。\n## 4、思维导图和学习路线\n### 思维导图\n![思维导图](https://images.cnblogs.com/cnblogs_com/cxhblog/1925157/o_210207163030Java.png)\n### 学习路线\n![学习路线](https://images.cnblogs.com/cnblogs_com/cxhblog/1925157/o_210207163052Java%20.png)',335,181,63,'个人作业','https://www.cnblogs.com/cxhblog/p/14386801.html',1),(65,'曹丕的个人作业','|作业的基本信息||\n|:--|:--:|\n|这个作业属于哪个课程|[班级的链接](https://edu.cnblogs.com/campus/fzu/FZUSESPR21/)|\n|这个作业要求在哪里|[作业要求的链接](https://edu.cnblogs.com/campus/fzu/FZUSESPR21/homework/11673)|\n|这个作业的目标|熟悉掌握markdown语法，学习绘制思维导图，学习博客园的美化，撰写博客并为下学期的软件工程实践做准备。|\n|其他参考文献|[Markdown教程](https://www.runoob.com/markdown/md-tutorial.html)|\n\n[toc]\n## 1、回首过去\n### 1.1 为什么选择软件工程这个专业\n  + 当初也没有考虑这么多，要说理由大概有三点:一是软件工程分数合适，二是感觉现在这个时代正需要这种人才，\n  三就是程序员的收入还不错。选择这个专业很大程度上是有冲动的因素，高中时候数学之类理科逻辑的东西就不\n  太好。\n### 1.2 对软件工程这个专业的期待和想象\n  + 过去的都忘记了，大概就是感觉学了以后计算机能玩的很6，搞一些高大尚的软件项目什么的。现在的话还是希望\n    自己能成为一名合格的程序员，我对这个职业还是挺向往的，虽然现实往往和想象的不太一样。\n### 1.3 曾经的计划或准备\n  + 没有什么计划和准备啥的，挺惭愧的。当初是抱着好好学和尝试的心态来的这个专业，但是学下来真的是一言难尽。\n\n## 2、个人简历\n### 2.1 个人展示部分\n> + **姓名**: 陈晓汉\n> + **头像:**\n> <a href=\"https://images.cnblogs.com/cnblogs_com/cxhblog/1925157/o_210130022509d9b441ce9c434728b23a46eb668c1349.png\">\n  <img src=\"https://images.cnblogs.com/cnblogs_com/cxhblog/1925157/o_210130022509d9b441ce9c434728b23a46eb668c1349.png\" style=\"width=100px;height:100px;\">\n  </a>\n> + **兴趣爱好:** 电子竞技\n> + **特长:** ~~划水算不算？~~\n### 2.2 但前值\n> + **成果和获奖经历:** 空空如也...\n> + **专业水平：**\n按修习过的课程衡量的话。掌握的编程语言有C、C++、Java、SQL、C#、XML、HTML、CSS和PHP。  \n技术框架就Yii 2.0。会使用的开发软件有Dev-C++、Elipse Java Oxygen和Visual Studio。累计代码量没\n有统计过，估计很少。\n> + **项目经历：**空空如也...\n\n## 3、展望未来\n### 3.1 阅读《构建之法》后提出的问题\n> + 在第1章概论中有提到\"计算机理论的进展会帮助软件工程(例如对程序正确性的分析)\"，但以我目前学到的知识并不是很理解。\n> + 在第2章个人技术和流程中，单元测试若可以集成到自动测试框架中，还有必要自己写单元测试吗？\n> + 在第4章中提到了代码规范，如何能保证一个人的代码风格是良好的，能够被普遍接受呢？\n\n### 3.2 未来的职业规划\n> + 实诚地讲，还没想好。照搬大一时候的职业规划书，内容大概如下：\n> + 大三后利用假期找一些小型的公司工作实践，在实践中发现问题，提高自己，了解最新的行业发展动态，\n>   学习最新的技术。毕业后，积极投放简历，利用几年工作实践的时间熟练掌握软件编程，积累大量软件编\n    程经验，学习企业管理知识，关注最新的行业发展动态新技术的应用，为以后的发展做好准备。工作五年\n    后，尝试和一些志同道合的朋友合作创业，以自己的成熟技术和良好的信誉为核心竞争力，在同行中拥有\n    自己的优势，积累经验，拓展自己的客户群。\n### 3.3 对软件工程实践的理解和期望\n> + 在这门课程我希望能够学习Java语言，提高自己的编程水平，增强自主学习能力及团队协作能力。鉴于我是\n    个菜鸡，希望老师助教多多包涵，多多指导。\n## 4、思维导图和学习路线\n### 思维导图\n![思维导图](https://images.cnblogs.com/cnblogs_com/cxhblog/1925157/o_210207163030Java.png)\n### 学习路线\n![学习路线](https://images.cnblogs.com/cnblogs_com/cxhblog/1925157/o_210207163052Java%20.png)',335,181,65,'个人作业','https://www.cnblogs.com/cxhblog/p/14386801.html',1),(66,'甄姬的个人作业','|作业的基本信息||\n|:--|:--:|\n|这个作业属于哪个课程|[班级的链接](https://edu.cnblogs.com/campus/fzu/FZUSESPR21/)|\n|这个作业要求在哪里|[作业要求的链接](https://edu.cnblogs.com/campus/fzu/FZUSESPR21/homework/11673)|\n|这个作业的目标|熟悉掌握markdown语法，学习绘制思维导图，学习博客园的美化，撰写博客并为下学期的软件工程实践做准备。|\n|其他参考文献|[Markdown教程](https://www.runoob.com/markdown/md-tutorial.html)|\n\n[toc]\n## 1、回首过去\n### 1.1 为什么选择软件工程这个专业\n  + 当初也没有考虑这么多，要说理由大概有三点:一是软件工程分数合适，二是感觉现在这个时代正需要这种人才，\n  三就是程序员的收入还不错。选择这个专业很大程度上是有冲动的因素，高中时候数学之类理科逻辑的东西就不\n  太好。\n### 1.2 对软件工程这个专业的期待和想象\n  + 过去的都忘记了，大概就是感觉学了以后计算机能玩的很6，搞一些高大尚的软件项目什么的。现在的话还是希望\n    自己能成为一名合格的程序员，我对这个职业还是挺向往的，虽然现实往往和想象的不太一样。\n### 1.3 曾经的计划或准备\n  + 没有什么计划和准备啥的，挺惭愧的。当初是抱着好好学和尝试的心态来的这个专业，但是学下来真的是一言难尽。\n\n## 2、个人简历\n### 2.1 个人展示部分\n> + **姓名**: 陈晓汉\n> + **头像:**\n> <a href=\"https://images.cnblogs.com/cnblogs_com/cxhblog/1925157/o_210130022509d9b441ce9c434728b23a46eb668c1349.png\">\n  <img src=\"https://images.cnblogs.com/cnblogs_com/cxhblog/1925157/o_210130022509d9b441ce9c434728b23a46eb668c1349.png\" style=\"width=100px;height:100px;\">\n  </a>\n> + **兴趣爱好:** 电子竞技\n> + **特长:** ~~划水算不算？~~\n### 2.2 但前值\n> + **成果和获奖经历:** 空空如也...\n> + **专业水平：**\n按修习过的课程衡量的话。掌握的编程语言有C、C++、Java、SQL、C#、XML、HTML、CSS和PHP。  \n技术框架就Yii 2.0。会使用的开发软件有Dev-C++、Elipse Java Oxygen和Visual Studio。累计代码量没\n有统计过，估计很少。\n> + **项目经历：**空空如也...\n\n## 3、展望未来\n### 3.1 阅读《构建之法》后提出的问题\n> + 在第1章概论中有提到\"计算机理论的进展会帮助软件工程(例如对程序正确性的分析)\"，但以我目前学到的知识并不是很理解。\n> + 在第2章个人技术和流程中，单元测试若可以集成到自动测试框架中，还有必要自己写单元测试吗？\n> + 在第4章中提到了代码规范，如何能保证一个人的代码风格是良好的，能够被普遍接受呢？\n\n### 3.2 未来的职业规划\n> + 实诚地讲，还没想好。照搬大一时候的职业规划书，内容大概如下：\n> + 大三后利用假期找一些小型的公司工作实践，在实践中发现问题，提高自己，了解最新的行业发展动态，\n>   学习最新的技术。毕业后，积极投放简历，利用几年工作实践的时间熟练掌握软件编程，积累大量软件编\n    程经验，学习企业管理知识，关注最新的行业发展动态新技术的应用，为以后的发展做好准备。工作五年\n    后，尝试和一些志同道合的朋友合作创业，以自己的成熟技术和良好的信誉为核心竞争力，在同行中拥有\n    自己的优势，积累经验，拓展自己的客户群。\n### 3.3 对软件工程实践的理解和期望\n> + 在这门课程我希望能够学习Java语言，提高自己的编程水平，增强自主学习能力及团队协作能力。鉴于我是\n    个菜鸡，希望老师助教多多包涵，多多指导。\n## 4、思维导图和学习路线\n### 思维导图\n![思维导图](https://images.cnblogs.com/cnblogs_com/cxhblog/1925157/o_210207163030Java.png)\n### 学习路线\n![学习路线](https://images.cnblogs.com/cnblogs_com/cxhblog/1925157/o_210207163052Java%20.png)',337,181,63,'个人作业','https://www.cnblogs.com/cxhblog/p/14386801.html',1),(67,'甄姬的个人作业','|作业的基本信息||\n|:--|:--:|\n|这个作业属于哪个课程|[班级的链接](https://edu.cnblogs.com/campus/fzu/FZUSESPR21/)|\n|这个作业要求在哪里|[作业要求的链接](https://edu.cnblogs.com/campus/fzu/FZUSESPR21/homework/11673)|\n|这个作业的目标|熟悉掌握markdown语法，学习绘制思维导图，学习博客园的美化，撰写博客并为下学期的软件工程实践做准备。|\n|其他参考文献|[Markdown教程](https://www.runoob.com/markdown/md-tutorial.html)|\n\n[toc]\n## 1、回首过去\n### 1.1 为什么选择软件工程这个专业\n  + 当初也没有考虑这么多，要说理由大概有三点:一是软件工程分数合适，二是感觉现在这个时代正需要这种人才，\n  三就是程序员的收入还不错。选择这个专业很大程度上是有冲动的因素，高中时候数学之类理科逻辑的东西就不\n  太好。\n### 1.2 对软件工程这个专业的期待和想象\n  + 过去的都忘记了，大概就是感觉学了以后计算机能玩的很6，搞一些高大尚的软件项目什么的。现在的话还是希望\n    自己能成为一名合格的程序员，我对这个职业还是挺向往的，虽然现实往往和想象的不太一样。\n### 1.3 曾经的计划或准备\n  + 没有什么计划和准备啥的，挺惭愧的。当初是抱着好好学和尝试的心态来的这个专业，但是学下来真的是一言难尽。\n\n## 2、个人简历\n### 2.1 个人展示部分\n> + **姓名**: 陈晓汉\n> + **头像:**\n> <a href=\"https://images.cnblogs.com/cnblogs_com/cxhblog/1925157/o_210130022509d9b441ce9c434728b23a46eb668c1349.png\">\n  <img src=\"https://images.cnblogs.com/cnblogs_com/cxhblog/1925157/o_210130022509d9b441ce9c434728b23a46eb668c1349.png\" style=\"width=100px;height:100px;\">\n  </a>\n> + **兴趣爱好:** 电子竞技\n> + **特长:** ~~划水算不算？~~\n### 2.2 但前值\n> + **成果和获奖经历:** 空空如也...\n> + **专业水平：**\n按修习过的课程衡量的话。掌握的编程语言有C、C++、Java、SQL、C#、XML、HTML、CSS和PHP。  \n技术框架就Yii 2.0。会使用的开发软件有Dev-C++、Elipse Java Oxygen和Visual Studio。累计代码量没\n有统计过，估计很少。\n> + **项目经历：**空空如也...\n\n## 3、展望未来\n### 3.1 阅读《构建之法》后提出的问题\n> + 在第1章概论中有提到\"计算机理论的进展会帮助软件工程(例如对程序正确性的分析)\"，但以我目前学到的知识并不是很理解。\n> + 在第2章个人技术和流程中，单元测试若可以集成到自动测试框架中，还有必要自己写单元测试吗？\n> + 在第4章中提到了代码规范，如何能保证一个人的代码风格是良好的，能够被普遍接受呢？\n\n### 3.2 未来的职业规划\n> + 实诚地讲，还没想好。照搬大一时候的职业规划书，内容大概如下：\n> + 大三后利用假期找一些小型的公司工作实践，在实践中发现问题，提高自己，了解最新的行业发展动态，\n>   学习最新的技术。毕业后，积极投放简历，利用几年工作实践的时间熟练掌握软件编程，积累大量软件编\n    程经验，学习企业管理知识，关注最新的行业发展动态新技术的应用，为以后的发展做好准备。工作五年\n    后，尝试和一些志同道合的朋友合作创业，以自己的成熟技术和良好的信誉为核心竞争力，在同行中拥有\n    自己的优势，积累经验，拓展自己的客户群。\n### 3.3 对软件工程实践的理解和期望\n> + 在这门课程我希望能够学习Java语言，提高自己的编程水平，增强自主学习能力及团队协作能力。鉴于我是\n    个菜鸡，希望老师助教多多包涵，多多指导。\n## 4、思维导图和学习路线\n### 思维导图\n![思维导图](https://images.cnblogs.com/cnblogs_com/cxhblog/1925157/o_210207163030Java.png)\n### 学习路线\n![学习路线](https://images.cnblogs.com/cnblogs_com/cxhblog/1925157/o_210207163052Java%20.png)',337,181,65,'个人作业','https://www.cnblogs.com/cxhblog/p/14386801.html',1),(68,'孙策的个人作业','##辣鸡，劳资不做了！！！！！',339,181,63,'个人作业','https://www.cnblogs.com/cxhblog/p/14386801.html',1),(69,'孙策的个人作业','##没想到吧，我还是不做',339,181,65,'个人作业','https://www.cnblogs.com/cxhblog/p/14386801.html',1),(70,'孙权的个人作业','##哥哥不做作业，我也不做',341,181,63,'个人作业','https://www.cnblogs.com/cxhblog/p/14386801.html',1),(71,'孙权的个人作业','##向哥哥学习，(｡･∀･)ﾉﾞ嗨起来',341,181,65,'个人作业','https://www.cnblogs.com/cxhblog/p/14386801.html',1),(72,'许周队的结对作业','|作业的基本信息||\n|:--|:--:|\n|这个作业属于哪个课程|[班级的链接](https://edu.cnblogs.com/campus/fzu/FZUSESPR21/)|\n|这个作业要求在哪里|[作业要求的链接](https://edu.cnblogs.com/campus/fzu/FZUSESPR21/homework/11787)|\n|结对学号|221801305 & 221801323|\n|这个作业的目标|结对合作，阅读《构建之法》，学习使用原型工具，针对“顶会热词统计”进行网页原型设计。|\n|其他参考文献|[《效能分析》](https://www.cnblogs.com/xinz/archive/2011/11/20/2255809.html)、[《需求分析》](https://www.cnblogs.com/xinz/archive/2010/12/01/1893323.html)、[Axure中文网](https://www.axure.com.cn/axure/course/)|\n[toc]\n## 一、PSP表格和效能分析\n| PSP阶段 | 预估耗时（分钟）| 实际耗时（分钟）|\n|:--|:--:|:--:|\n| 计划 |||\n| • 估计这个任务需要多少时间|10|5|\n| 开发|||\n| • 需求分析 (包括学习新技术)|360|300|\n| • 具体设计|300|600|\n| • 测试|10|10|\n| 报告|||\n| • 计算工作量|10|10|\n| • 事后总结, 并提出过程改进计划|20|10|\n| 合计 |710|935|\n\n### 效能分析\n+ 实际比预计的时间要多不少，原先以为学习使用原型工具耗费的时间会比较多，结果由于使用得不熟练，很多东西没有实际操作过，具体实现的时长远远高出预计。\n+ 最初不知道各自干什么，就只是在学习原型工具的使用，或者摸鱼。经过连麦沟通，分工之后效率有所提升。\n\n## 二、原型地址\n+ [点此跳转](https://2ho82d.axshare.com)，加载可能有点费时，请喝杯水耐心等待。\n\n## 三、原型介绍\n> **登录注册界面**\n\n![登录注册](https://images.cnblogs.com/cnblogs_com/cxhblog/1945942/o_2103111541101.png)\n![登录注册](https://images.cnblogs.com/cnblogs_com/cxqblog23333/1929308/o_210311163716%E6%B3%A8%E5%86%8C.jpg)\n+ 通过动态面板实现登录注册页面的切换。\n***\n> **首页**\n\n![首页](https://images.cnblogs.com/cnblogs_com/cxhblog/1945942/o_2103111541222.png)\n+ 用户可以在这里对个人仓库中的文章进行查询、增加、删除操作，同时也可以自己手动增加文章。\n+ 搜索框下面的是热词中的top10，点击标热词后在左边会显示对应文章列表。\n+ 用户点击文章列表可对文章进行操作。\n+ 增删改操作都有通过单元格初步实现互动效果。\n***\n![增加](https://images.cnblogs.com/cnblogs_com/cxqblog23333/1929308/o_210311165148%E5%A2%9E%E5%8A%A0.png)\n+ 通过动态面板分了三页,点击右上角新增论文时将动态面板状态设置为state2。\n***\n![日历](https://images.cnblogs.com/cnblogs_com/cxqblog23333/1929308/o_210311165153%E6%97%A5%E5%8E%86.jpg)\n+ 新增页面中点击日历图表将弹出使用单元格实现的简版日历，可以选择日期，将选中日期作为时间的值。\n***\n![删除](https://images.cnblogs.com/cnblogs_com/cxqblog23333/1929308/o_210311170146%E5%88%A0%E9%99%A4.jpg)\n+ 点击删除将删除当前论文单元。\n***\n![更新](https://images.cnblogs.com/cnblogs_com/cxqblog23333/1929308/o_210311170345%E6%9B%B4%E6%96%B0.jpg)\n+ 点击更新是将动态面板状态设置为state3，同时通过标记获取同一单元论文信息，点击提交后取消标记。\n***\n> **论文分析页**\n\n![论文分析页](https://images.cnblogs.com/cnblogs_com/cxqblog23333/1929308/o_210311171130%E5%88%86%E6%9E%90.jpg)\n![论文分析页](https://images.cnblogs.com/cnblogs_com/cxhblog/1945942/o_2103111541384.png)\n+ 通过点击右上角下拉列表来选择年份，之后将数据的值传递给左面条形的文本，条形根据文本大小变化尺寸，点击任意年份都会有个尺寸变化的动画，且等待2秒后自动切换下一年份，最后停留在2021年的数据上\n***\n> **获取论文页**\n\n![获取论文页](https://images.cnblogs.com/cnblogs_com/cxhblog/1945942/o_2103111541313.png)\n+ 用户在搜索框中输入必要信息后，网站返回与之对应的论文列表，用户可根据需要将其添加到个人仓库中。\n***\n> **个人信息页**\n\n![个人信息页](https://images.cnblogs.com/cnblogs_com/cxhblog/1945942/o_2103111541485.png)\n+ 该页面分为两个部分，用户可以在左边修改个人信息，在右边可以查看自己从个人仓库中收藏的论文。 \n***\n## 四、困难解决\n### 筱白同学认为的困难\n> **1、原型工具不会用**\n+ 解决策略: 直接在[Axure中文网](https://www.axure.com.cn/axure/course/)看教程，但是发现效率太低了，于是转而去B站看视频，效率高了但是看不完。所以最后还是**不**怎么**会用**原型工具。\n> **2、沟通效率低**\n+ 解决策略: 前面都是用qq消息交流的，发现缺乏有效监督，而且不能及时发现结决问题。最后通过qq电话，共享屏幕的方式交流，成功**解决**问题。\n\n> **3、项目进展缓慢**\n+ 解决策略: 之前花了很大功夫在学工具的使用，但动起手来还是做不到不熟练。本来想一个人画原型，一个人在旁指导纠正，但最后还是通过分工**稍微提高**了项目进展。\n\n### 陈修庆同学遇到的困难\n> **1 对于论文的增删改这一块，因为想要实现一定的交互性而不是简单的贴几张图，于是遇到了一定的困难**\n+ 解决策略：通过对中继器的学习实现了各种交互，感觉还挺生动的。首先中继器需要设置样式，每项加载时设置文本为各行的内容。增加行时需要设置中间变量等于各个原件文字。删除则相对简单些，直接删除当前即可。而更新需要设置文本为当前要更新的行的内容，标记当前行，之后提交的时候进行更新行操作，设置各个值最后取消标记。\n> **2 关于简易日历**\n+ 解决策略：百度。然后通过中继器做出了个可以选择日期的简易日历。\n> **3 关于动态排名图**\n+ 关于这一点并没有得到解决。本来是通过百度了解了动态排名图的做法，最后发现不知道怎么从外部获取中继器内存储的数据，于是只能强行把值输入给各个文本，最后也只实现了条形变长的动画，而没有实现条形根据排名的上下位移。并且设置每个按钮点完以后都会等待2000ms，设置触发事件目标为下一个按钮，事件为单机时。结果上虽然实现了动画的循环但是却停不下来。最后是取消循环，不管点哪个，按顺序进行到最后一个按钮动画之后就停下来。\n\n## 五、NABCD模型\n### 5.1、需求\n\n> **爬取**\n+ 可以通过输入单个论文题目或批量导入论文列表的形式来爬取论文的摘要、关键词、原文链接。\n> **操作**\n+ 1、可对论文列表进行增删改。\n+ 2、支持对论文列表进行查询（输入论文题目|基于论文编号、关键词等信息的模糊查询）。\n+ 3、若在论文列表中不存在所要检索的论文，就根据输入的查询语句到网站爬取并返回论文的摘要、关键词、原文链接。\n> **分析**\n+ 1、从已爬取论文列表提取top10个热门领域或热门研究方向。\n+ 2、可通过关键词图谱之类的形式直观查看，点击某个关键词可展现相关的论文。\n+ 3、以动图的形式呈现多年间计算机视觉三大顶会的热词的热度走势对比。\n\n### 5.2、做法▲\n\n+ 开发一个web项目专门用于爬取、操作、分析论文。\n\n+ 程序通过python对论文网站进行数据爬取。\n\n+ 根据用户的需求提供相应的功能，如关键词图谱、热词走势动图等可视化操作界面。\n\n+ 用户可以根据需要对库中的论文进行收藏，方便下次查看。\n\n### 5.3、好处\n\n+ 平台设计简单，界面简洁，用户使用起来不会有困难。\n\n+ 功能专一，用户在平台上可以专心搞论文(局限于对计算机视觉领域感兴趣的用户)。\n\n+ 免费使用，且使用方便，为苦于在各个网站上查找论文的大学生提供了便捷的通道。\n\n### 5.4、竞争▲\n> 优势\n\n+ 市场上论文爬取的软件还是很少的，领先有时候就是优势。\n\n+ 相对于一些功能齐全的论文网站，功能简单专一，有利于产品的开发和维护。\n\n> 劣势\n\n+ 技术不足，水平有限，不利于长期的发展。\n\n+ 相比于一些同学做出来的原型，过于简陋，对用户没有吸引力。\n\n### 5.5、交付&数据\n\n+ 产品对一些大学生而言还是十分实用的，因此市场广阔。\n\n+ 可以先小范围推广获取用户体验，如本班同学，根据反馈对产品进行改进。产品相对成熟后，可以通过公众号、校园宣讲、发传单、好友转发等方式进一步将产品推广出去，成功的话可以获得一定的知名度，从而吸引更多用户使用。\n\n## 六、原型工具的使用\n\n+ 采用 Axure RP 9 这款原型工具。\n\n## 七、结对过程，队友评价\n### 结对过程\n![结对过程](https://images.cnblogs.com/cnblogs_com/cxhblog/1945942/o_210311162235%E7%BB%93%E5%AF%B9.png)\n### 第一次结对感受\n+ **陈修庆：**一个人做的话总想着偷懒，结对作业有人看着，而且也不好意思拖累别人，所以会比较有积极性。\n两个人一起做的话有什么看漏的可以及时发现，一起学习新技术并且立刻开始使用还算有意思。\n+ **陈晓汉：**第一次结对感觉两个人做项目要比一个人难，需要必要的沟通交流来实现某些规划，而且需要互相汇报进度，一些任务分工和同步的处理没有采用适当的方法，导致了任务进展不能稳步推进。可能刚开始对彼此了解比较少，处于磨合阶段尚不适应。\n\n### 评价\n+ **陈晓汉:**cxq同学前期很多时候都在划水，没有好好学原型工具，于是后面对原型工具的使用不太熟练。但是他对待自己负责的部分还是挺认真的，有些地方比较难但他经过不断努力的学习最后还是实现了。虽然他态度有时候不端正，但是完成必要的任务时还是十分负责的。\n\n+ **陈修庆:**感觉对方在学习原型这一块花了太多时间。本来我是想稍微学一下就开始边做边学的，可是晓汉学了一整天都没开始，而且一问才知道一直在看官网的教程，所以推荐了b站的视频。\n实际开始的时候还是需要依靠视频教学和百度才能解决问题的。分工还算明确，也都做了自己该做的，返校后可以加强交流。彼此都不算优秀，还需共勉。\n',322,213,68,'结对作业','https://www.cnblogs.com/cxhblog/p/14501788.html',1),(73,'许周队的结对作业','|作业的基本信息||\n|:--|:--:|\n|这个作业属于哪个课程|[班级的链接](https://edu.cnblogs.com/campus/fzu/FZUSESPR21/)|\n|这个作业要求在哪里|[作业要求的链接](https://edu.cnblogs.com/campus/fzu/FZUSESPR21/homework/11787)|\n|结对学号|221801305 & 221801323|\n|这个作业的目标|结对合作，阅读《构建之法》，学习使用原型工具，针对“顶会热词统计”进行网页原型设计。|\n|其他参考文献|[《效能分析》](https://www.cnblogs.com/xinz/archive/2011/11/20/2255809.html)、[《需求分析》](https://www.cnblogs.com/xinz/archive/2010/12/01/1893323.html)、[Axure中文网](https://www.axure.com.cn/axure/course/)|\n[toc]\n## 一、PSP表格和效能分析\n| PSP阶段 | 预估耗时（分钟）| 实际耗时（分钟）|\n|:--|:--:|:--:|\n| 计划 |||\n| • 估计这个任务需要多少时间|10|5|\n| 开发|||\n| • 需求分析 (包括学习新技术)|360|300|\n| • 具体设计|300|600|\n| • 测试|10|10|\n| 报告|||\n| • 计算工作量|10|10|\n| • 事后总结, 并提出过程改进计划|20|10|\n| 合计 |710|935|\n\n### 效能分析\n+ 实际比预计的时间要多不少，原先以为学习使用原型工具耗费的时间会比较多，结果由于使用得不熟练，很多东西没有实际操作过，具体实现的时长远远高出预计。\n+ 最初不知道各自干什么，就只是在学习原型工具的使用，或者摸鱼。经过连麦沟通，分工之后效率有所提升。\n\n## 二、原型地址\n+ [点此跳转](https://2ho82d.axshare.com)，加载可能有点费时，请喝杯水耐心等待。\n\n## 三、原型介绍\n> **登录注册界面**\n\n![登录注册](https://images.cnblogs.com/cnblogs_com/cxhblog/1945942/o_2103111541101.png)\n![登录注册](https://images.cnblogs.com/cnblogs_com/cxqblog23333/1929308/o_210311163716%E6%B3%A8%E5%86%8C.jpg)\n+ 通过动态面板实现登录注册页面的切换。\n***\n> **首页**\n\n![首页](https://images.cnblogs.com/cnblogs_com/cxhblog/1945942/o_2103111541222.png)\n+ 用户可以在这里对个人仓库中的文章进行查询、增加、删除操作，同时也可以自己手动增加文章。\n+ 搜索框下面的是热词中的top10，点击标热词后在左边会显示对应文章列表。\n+ 用户点击文章列表可对文章进行操作。\n+ 增删改操作都有通过单元格初步实现互动效果。\n***\n![增加](https://images.cnblogs.com/cnblogs_com/cxqblog23333/1929308/o_210311165148%E5%A2%9E%E5%8A%A0.png)\n+ 通过动态面板分了三页,点击右上角新增论文时将动态面板状态设置为state2。\n***\n![日历](https://images.cnblogs.com/cnblogs_com/cxqblog23333/1929308/o_210311165153%E6%97%A5%E5%8E%86.jpg)\n+ 新增页面中点击日历图表将弹出使用单元格实现的简版日历，可以选择日期，将选中日期作为时间的值。\n***\n![删除](https://images.cnblogs.com/cnblogs_com/cxqblog23333/1929308/o_210311170146%E5%88%A0%E9%99%A4.jpg)\n+ 点击删除将删除当前论文单元。\n***\n![更新](https://images.cnblogs.com/cnblogs_com/cxqblog23333/1929308/o_210311170345%E6%9B%B4%E6%96%B0.jpg)\n+ 点击更新是将动态面板状态设置为state3，同时通过标记获取同一单元论文信息，点击提交后取消标记。\n***\n> **论文分析页**\n\n![论文分析页](https://images.cnblogs.com/cnblogs_com/cxqblog23333/1929308/o_210311171130%E5%88%86%E6%9E%90.jpg)\n![论文分析页](https://images.cnblogs.com/cnblogs_com/cxhblog/1945942/o_2103111541384.png)\n+ 通过点击右上角下拉列表来选择年份，之后将数据的值传递给左面条形的文本，条形根据文本大小变化尺寸，点击任意年份都会有个尺寸变化的动画，且等待2秒后自动切换下一年份，最后停留在2021年的数据上\n***\n> **获取论文页**\n\n![获取论文页](https://images.cnblogs.com/cnblogs_com/cxhblog/1945942/o_2103111541313.png)\n+ 用户在搜索框中输入必要信息后，网站返回与之对应的论文列表，用户可根据需要将其添加到个人仓库中。\n***\n> **个人信息页**\n\n![个人信息页](https://images.cnblogs.com/cnblogs_com/cxhblog/1945942/o_2103111541485.png)\n+ 该页面分为两个部分，用户可以在左边修改个人信息，在右边可以查看自己从个人仓库中收藏的论文。 \n***\n## 四、困难解决\n### 筱白同学认为的困难\n> **1、原型工具不会用**\n+ 解决策略: 直接在[Axure中文网](https://www.axure.com.cn/axure/course/)看教程，但是发现效率太低了，于是转而去B站看视频，效率高了但是看不完。所以最后还是**不**怎么**会用**原型工具。\n> **2、沟通效率低**\n+ 解决策略: 前面都是用qq消息交流的，发现缺乏有效监督，而且不能及时发现结决问题。最后通过qq电话，共享屏幕的方式交流，成功**解决**问题。\n\n> **3、项目进展缓慢**\n+ 解决策略: 之前花了很大功夫在学工具的使用，但动起手来还是做不到不熟练。本来想一个人画原型，一个人在旁指导纠正，但最后还是通过分工**稍微提高**了项目进展。\n\n### 陈修庆同学遇到的困难\n> **1 对于论文的增删改这一块，因为想要实现一定的交互性而不是简单的贴几张图，于是遇到了一定的困难**\n+ 解决策略：通过对中继器的学习实现了各种交互，感觉还挺生动的。首先中继器需要设置样式，每项加载时设置文本为各行的内容。增加行时需要设置中间变量等于各个原件文字。删除则相对简单些，直接删除当前即可。而更新需要设置文本为当前要更新的行的内容，标记当前行，之后提交的时候进行更新行操作，设置各个值最后取消标记。\n> **2 关于简易日历**\n+ 解决策略：百度。然后通过中继器做出了个可以选择日期的简易日历。\n> **3 关于动态排名图**\n+ 关于这一点并没有得到解决。本来是通过百度了解了动态排名图的做法，最后发现不知道怎么从外部获取中继器内存储的数据，于是只能强行把值输入给各个文本，最后也只实现了条形变长的动画，而没有实现条形根据排名的上下位移。并且设置每个按钮点完以后都会等待2000ms，设置触发事件目标为下一个按钮，事件为单机时。结果上虽然实现了动画的循环但是却停不下来。最后是取消循环，不管点哪个，按顺序进行到最后一个按钮动画之后就停下来。\n\n## 五、NABCD模型\n### 5.1、需求\n\n> **爬取**\n+ 可以通过输入单个论文题目或批量导入论文列表的形式来爬取论文的摘要、关键词、原文链接。\n> **操作**\n+ 1、可对论文列表进行增删改。\n+ 2、支持对论文列表进行查询（输入论文题目|基于论文编号、关键词等信息的模糊查询）。\n+ 3、若在论文列表中不存在所要检索的论文，就根据输入的查询语句到网站爬取并返回论文的摘要、关键词、原文链接。\n> **分析**\n+ 1、从已爬取论文列表提取top10个热门领域或热门研究方向。\n+ 2、可通过关键词图谱之类的形式直观查看，点击某个关键词可展现相关的论文。\n+ 3、以动图的形式呈现多年间计算机视觉三大顶会的热词的热度走势对比。\n\n### 5.2、做法▲\n\n+ 开发一个web项目专门用于爬取、操作、分析论文。\n\n+ 程序通过python对论文网站进行数据爬取。\n\n+ 根据用户的需求提供相应的功能，如关键词图谱、热词走势动图等可视化操作界面。\n\n+ 用户可以根据需要对库中的论文进行收藏，方便下次查看。\n\n### 5.3、好处\n\n+ 平台设计简单，界面简洁，用户使用起来不会有困难。\n\n+ 功能专一，用户在平台上可以专心搞论文(局限于对计算机视觉领域感兴趣的用户)。\n\n+ 免费使用，且使用方便，为苦于在各个网站上查找论文的大学生提供了便捷的通道。\n\n### 5.4、竞争▲\n> 优势\n\n+ 市场上论文爬取的软件还是很少的，领先有时候就是优势。\n\n+ 相对于一些功能齐全的论文网站，功能简单专一，有利于产品的开发和维护。\n\n> 劣势\n\n+ 技术不足，水平有限，不利于长期的发展。\n\n+ 相比于一些同学做出来的原型，过于简陋，对用户没有吸引力。\n\n### 5.5、交付&数据\n\n+ 产品对一些大学生而言还是十分实用的，因此市场广阔。\n\n+ 可以先小范围推广获取用户体验，如本班同学，根据反馈对产品进行改进。产品相对成熟后，可以通过公众号、校园宣讲、发传单、好友转发等方式进一步将产品推广出去，成功的话可以获得一定的知名度，从而吸引更多用户使用。\n\n## 六、原型工具的使用\n\n+ 采用 Axure RP 9 这款原型工具。\n\n## 七、结对过程，队友评价\n### 结对过程\n![结对过程](https://images.cnblogs.com/cnblogs_com/cxhblog/1945942/o_210311162235%E7%BB%93%E5%AF%B9.png)\n### 第一次结对感受\n+ **陈修庆：**一个人做的话总想着偷懒，结对作业有人看着，而且也不好意思拖累别人，所以会比较有积极性。\n两个人一起做的话有什么看漏的可以及时发现，一起学习新技术并且立刻开始使用还算有意思。\n+ **陈晓汉：**第一次结对感觉两个人做项目要比一个人难，需要必要的沟通交流来实现某些规划，而且需要互相汇报进度，一些任务分工和同步的处理没有采用适当的方法，导致了任务进展不能稳步推进。可能刚开始对彼此了解比较少，处于磨合阶段尚不适应。\n\n### 评价\n+ **陈晓汉:**cxq同学前期很多时候都在划水，没有好好学原型工具，于是后面对原型工具的使用不太熟练。但是他对待自己负责的部分还是挺认真的，有些地方比较难但他经过不断努力的学习最后还是实现了。虽然他态度有时候不端正，但是完成必要的任务时还是十分负责的。\n\n+ **陈修庆:**感觉对方在学习原型这一块花了太多时间。本来我是想稍微学一下就开始边做边学的，可是晓汉学了一整天都没开始，而且一问才知道一直在看官网的教程，所以推荐了b站的视频。\n实际开始的时候还是需要依靠视频教学和百度才能解决问题的。分工还算明确，也都做了自己该做的，返校后可以加强交流。彼此都不算优秀，还需共勉。\n',322,213,69,'结对作业','https://www.cnblogs.com/cxhblog/p/14501788.html',1),(74,'典甘队的结对作业','## 啥，又布置作业啦，来不及了，不做了吧',323,214,68,'结对作业','https://www.cnblogs.com/cxhblog/p/14501788.html',1),(75,'典甘队的结对作业','## 啥，又布置作业啦，上次都没做，这个也不做了吧',323,214,69,'结对作业','https://www.cnblogs.com/cxhblog/p/14501788.html',1),(76,'吕韦队的结对作业','## 我的貂蝉，在哪里！！！！\n## 彻底疯狂！！！！',324,215,68,'结对作业','https://www.cnblogs.com/cxhblog/p/14501788.html',1),(77,'吕韦队的结对作业','## 我的貂蝉，在哪里！！！！\n## 彻底疯狂！！！！\n## 就提交三份结对吧，吃饭了',324,215,69,'结对作业','https://www.cnblogs.com/cxhblog/p/14501788.html',1),(78,'团队test2','# 团队第二次作业github编程实战\n\n\n| 这个作业属于哪个课程 | [2021春软件工程实践\\|S班](https://edu.cnblogs.com/campus/fzu/FZUSESPR21) |\n| -------------------- | ------------------------------------------------------------ |\n| 这个作业要求在哪里   | [团队第二次作业github编程实战](https://edu.cnblogs.com/campus/fzu/FZUSESPR21/homework/11885) |\n| 这个作业的目标       | 开发会议网站 |\n\n\n[toc]\n## 第一部分\n### 项目地址 \n\n项目github地址：\n项目部署的在线地址：\n\n### 组员职责分工：',303,178,61,'团队作业','https://www.cnblogs.com/eightGroup/p/14999229.html',1),(79,'个人1','# 字节乱动--团队作业六——随机组队感想\n| 这个作业属于哪个课程 | [2021春软件工程实践\\|S班](https://edu.cnblogs.com/campus/fzu/FZUSESPR21) |\n| -------------------- | ------------------------------------------------------------ |\n| 这个作业要求在哪里   | [团队作业六——beta冲刺+事后诸葛亮](https://edu.cnblogs.com/campus/fzu/FZUSESPR21/homework/12068) |\n| 团队名称             | 字节乱动                                                     |\n| 这个作业的目标       | 记录项目Beta冲刺                                             |\n| 其他参考文献         | 无                                                           |\n| 汇总博客             | [beta冲刺+事后诸葛亮博客汇总](https://www.cnblogs.com/eightGroup/p/14864972.html) |\n\n[toc]\n### 部分组员互不熟识，你是如何参与团队交流的\n\n首先是先认识组长，能与组长进行沟通，同时认识了后端组长曹鑫（经常是由他带领我们对任务进行分配），之后是认识了前端的达明同学，在他的帮助下进行前端代码编写，之后就在对接接口的时候又认识了龙海和举韬同学，几乎是按照进度的流程来与团队进行交流的，同时还经常一起聚在某个活动室，在活动室中进行alpha冲刺，进行交流（大部分都是我请教问题）\n',303,178,63,'个人作业','https://www.cnblogs.com/eightGroup/p/14999229.html',1),(80,'个人2','# 字节乱动--团队作业六——随机组队感想\n| 这个作业属于哪个课程 | [2021春软件工程实践\\|S班](https://edu.cnblogs.com/campus/fzu/FZUSESPR21) |\n| -------------------- | ------------------------------------------------------------ |\n| 这个作业要求在哪里   | [团队作业六——beta冲刺+事后诸葛亮](https://edu.cnblogs.com/campus/fzu/FZUSESPR21/homework/12068) |\n| 团队名称             | 字节乱动                                                     |\n| 这个作业的目标       | 记录项目Beta冲刺                                             |\n| 其他参考文献         | 无                                                           |\n| 汇总博客             | [beta冲刺+事后诸葛亮博客汇总](https://www.cnblogs.com/eightGroup/p/14864972.html) |\n\n[toc]\n### 部分组员互不熟识，你是如何参与团队交流的\n\n首先是先认识组长，能与组长进行沟通，同时认识了后端组长曹鑫（经常是由他带领我们对任务进行分配），之后是认识了前端的达明同学，在他的帮助下进行前端代码编写，之后就在对接接口的时候又认识了龙海和举韬同学，几乎是按照进度的流程来与团队进行交流的，同时还经常一起聚在某个活动室，在活动室中进行alpha冲刺，进行交流（大部分都是我请教问题）\n',303,178,65,'个人作业','https://www.cnblogs.com/eightGroup/p/14999229.html',1),(81,'结对test','# 字节乱动--团队作业六:凡事预则立\n\n| 这个作业属于哪个课程 | [2021春软件工程实践\\|S班](https://edu.cnblogs.com/campus/fzu/FZUSESPR21) |\n| -------------------- | ------------------------------------------------------------ |\n| 这个作业要求在哪里   | [团队作业六——beta冲刺+事后诸葛亮](https://edu.cnblogs.com/campus/fzu/FZUSESPR21/homework/12068) |\n| 团队名称             | 字节乱动                                                     |\n| 这个作业的目标       | 记录beta冲刺                                                 |\n| 其他参考文献         | 无                                                           |\n| 汇总博客             | [beta冲刺+事后诸葛亮博客汇总](https://www.cnblogs.com/eightGroup/p/14864972.html) |\n\n[toc]\n\n## 下一阶段需要改进完善和新增的功能\n\n\n\n- 安卓端的工作分为权限和数据隔离、组间评分模块的改进和注册功能的修复这三部分\n\n- web端方面主要包括删改细则、团队管理的新增团队和所有团队功能，以及助教模块发布细则和评分功能的完善这几部分\n\n- 主要的工作还是改进完善模块，还有一些提示信息也没有给出来，比如新建班级，成功与否，没有给出判断，在作业细则发布时，没有明确的限制输入的该作业占总分比，导致计算得到的成绩为几百分等等\n\n- web端：大体上一致，但是很多方面还需要改进，比如新建班级，成功与否，没有给出判断，在作业细则发布时，没有明确的限制输入的该作业占总分比，导致计算得到的成绩为几百分。没有我们离目标已经很近了（虽然剩下的路很艰辛），如果历史重来，我们会选择重新把更多的精力放在测试上，宁愿，把一个个功能完成好，能够在处理各种情况，也不要完成了许多功能，但是也制造了许多bug。\n\n  \n\n\n\n## 需要改进的团队分工\n\n在团队分工方面，在alpha冲刺之前的项目设计与规划中就已经把所有的模块进行了分配，由于是随机组队没有成员换入换出所以beta冲刺对团队总体分工不做改变\n\n当然考虑到有些组员已经提前完成了beta冲刺中安排的模块，所以已经结束工作的组员就会去修一下已知的bug，还有页面提示信息的编写，一些模块的完善。\n\n另一方面，组员们都一致认为测试时间、测试计划在Alpha阶段都是远远不够满足要求的，我们在beta阶段要求每个组员更多的参与测试，开发要尽量做好接口的完善、测试，测试人员会把Alpha阶段没有完全完成的压力测试与功能测试尽快做完。\n\n\n',303,194,69,'结对作业','https://www.cnblogs.com/eightGroup/p/14999229.html',1),(82,'team4-7月19团队作业1','#team4-7月19团队作业1\n# 字节乱动队团队作业三——需求分析\n\n\n| 这个作业属于哪个课程 | [2021春软件工程实践\\|S班](https://edu.cnblogs.com/campus/fzu/FZUSESPR21) |\n| -------------------- | ------------------------------------------------------------ |\n| 这个作业要求在哪里   | [团队作业三——需求分析](https://edu.cnblogs.com/campus/fzu/FZUSESPR21/homework/11897) |\n| 团队名称             | 字节乱动                                                     |\n| 这个作业的目标       | 完成需求分析与原型设计                                       |\n| 作业正文             | [正文](https://www.cnblogs.com/eightGroup/p/14666162.html)   |\n| 其他参考文献         | [如何写软件需求规格说明书](https://www.jianshu.com/p/f9bcf52f4321) |\n\n\n[toc]\n\n## 一、项目计划安排\n\n|           时间            |                   计划安排                   | 里程碑                                        |\n| :-----------------------: | :------------------------------------------: | :-------------------------------------------- |\n| 3月16日-3月23日（已完成） |         熟悉队友，了解大体的规划安排         | 完成前后端分配，完成选题报告                  |\n| 4月1日-4月10日（已完成）  |               进行界面原型设计               | 提交原型设计链接、原型设计答辩PPT             |\n| 4月1日-4月15日（已完成）  |                 进行需求分析                 | 提交需求规格说明书、提交需求分析报告PPT       |\n|      4月15日-4月20日      | 团队项目系统设计评审、团队项目数据库设计评审 | 完成数据库设计、系统整体设计                  |\n|      4月20日-5月1日       |  制定好编码规范，完成架构设计，编写测试用例  | 完成系统初步架构、完成测试用例的编写          |\n|      5月1日-5月11日       |   完成并发布Alpha版本，同步推进测试与修复    | 完成测试版本的代码编写、发布Alpha版本         |\n|      5月11日-5月20日      |      交接、界面的优化、服务端的功能测试      | 改善系统的可用性、修复bug、完成换组人员的交接 |\n|      5月20日-5月31日      |       完成并发布Beta版本编写使用说明书       | 完成项目的测试与修复、发布Beta版本            |\n|      6月1日-6月22日       |              答辩、交付用户使用              | 交付用户使用                                  |\n\n## 二、组员分工、组员工作量比例\n\n|   学号    |  姓名  |                 工作内容                 | 贡献度 |\n| :-------: | :----: | :--------------------------------------: | :----- |\n| 221801101 | 王思皓 |          界面原型设计、博客随笔          | 12     |\n| 221801103 | 牙举韬 |              需求规格说明书              | 10     |\n| 221801106 | 郑龙海 |             需求分析报告PPT              | 12     |\n| 221801112 |  曹鑫  |       界面原型设计,需求规格说明书        | 14     |\n| 221801121 |  黄炜  | 博客随笔，原型设计评审表，需求分析评审表 | 10     |\n| 221801225 | 李进明 |              需求规格说明书              | 10     |\n| 221801237 | 黄伟为 |            界面原型设计、答辩            | 10     |\n| 221801305 | 陈晓汉 |           界面原型设计答辩PPT            | 10     |\n| 221801332 | 李达明 |               界面原型设计               | 12     |\n\n## 三、需求分析\n\n### 3.1 用况图\n\n[![cfsAC8.png](https://z3.ax1x.com/2021/04/16/cfsAC8.png)](https://imgtu.com/i/cfsAC8)\n\n\n\n### 3.2 类图\n\n[![cfsVgg.png](https://z3.ax1x.com/2021/04/16/cfsVgg.png)](https://imgtu.com/i/cfsVgg)\n\n### 3.3 活动图\n\n##### 3.3.1 成绩管理活动图\n\n[![cfsF4f.png](https://z3.ax1x.com/2021/04/16/cfsF4f.png)](https://imgtu.com/i/cfsF4f)\n\n\n\n##### 3.3.2 助教评分活动图\n\n[![cfsE8S.png](https://z3.ax1x.com/2021/04/16/cfsE8S.png)\n\n### 3.4.功能模块\n\n#### 3.4.1 web端\n\n1.登陆注册界面\n\n学生登陆：学生登陆成功跳转学生界面\n\n教师登录：教师登录成功跳转教师管理界面\n\n助教登录：助教登录成功跳转助教管理界面\n\n\n\n2.助教界面\n\n①内容管理\n\n评分细则管理：助教可以在此处发布某次作业评分细则并添加本次细则对	应的评分项。也可对评分细则和评分项进行增删改查操作。\n\n②成绩管理\n\n成绩查询：通过特定条件筛选对成绩学生进行查询操作。\n\n博客评分：直接跳转到某同学某次作业（个人作业、结对作业、团队作业）	的博客，对博客内容评分。\n\n答辩评分：可根据实践课上各个团队的团队阶段性答辩来评分。\n\n博客列表：本班同学的博客列表，可跳转到本班同学各次作业的博客并进	行博客评分。\n\n③用户管理\n\n团队管理：为本班级添加新团队，对本班级团队进行查看、修改、删除和	添	加队员操作。\n\n④学生管理\n\n展示学生列表及学生相关信息，对班级学生进行查看、修改、删除和添加	（通过文件上传）操作，点击学生详细信息之后可以查看该学生所有作业。\n\n3.学生界面\n\n①成绩查询\n\n学生可以通过筛选来查看自己的某次作业和课堂答辩的成绩。\n\n②作业提交\n\n针对某次作业提交作业内容（通过编辑器或者上传的方式），提供博客	链	接。\n\n \n\n4.教师界面\n\n①内容管理\n\n成绩查询：学生可以通过筛选来查看自己的某次作业和课堂答辩的成绩。\n\n②用户管理\n\n团队管理：可查看班级所有团队详细信息。\n\n学生管理：展示学生列表及学生相关信息，对班级学生进行查看、修改、	删	除和添加（通过文件上传）操作，点击学生详细信息之后可以查看该学	生	所有作业。\n\n③助教管理\n\n对助教进行管理工作，包括添加助教、修改助教信息和删除助教等功能。\n\n#### 3.4.2 安卓端\n\n安卓端主要面向学生\n\n1.登录注册界面\n\n学生登录和注册。\n\n\n\n2.分数查看界面\n\n学生可查看学生本人每次作业分数，提供链接跳转到相应博客。\n\n\n\n3.评分任务界面\n\n①组间评分：某学生会被本小组分配答辩中小组互评的任务。\n\n②组内评分：学生可对小组中成员根据贡献度、完成度等因素对小组成员进行评分。\n\n\n\n4.个人中心界面\n\n①结对队友：通过此功能可以寻找结对作业队友。\n\n②我的团队：查看小组内成员信息。\n\n③退出登录：退出登录。\n\n④应用设置：应用设置。\n\n⑤反馈建议：学生为app提供反馈建议。\n\n### 四、需求规格说明书\n\n[点击下载spec(修订版)](https://github.com/FZUSESPR21/meeting-system-8/blob/main/blog/%E9%9C%80%E6%B1%82%E8%A7%84%E6%A0%BC%E8%AF%B4%E6%98%8E%E4%B9%A6-%E6%9C%80%E7%BB%88%E7%89%88-%E4%BF%AE%E8%AE%A2.pdf)\n\n[点击下载spec.docx(备用)](http://81.69.199.136/resources/spec.docx \"下载地址\")\n\n###  五、需求分析报告PPT\n\n[点击下载spec.pptx](http://81.69.199.136/resources/spec.pptx \"点击下载spec.pptx\")\n\n[点击下载spec(备用)](https://github.com/FZUSESPR21/meeting-system-8/blob/main/blog/%E9%9C%80%E6%B1%82%E8%A7%84%E5%88%99ppt.pdf)\n\n## 六、原型设计\n\n### 6.1 原型设计链接\n\nweb端：https://hirh8n.axshare.com\n\n安卓端：https://z58uhl.axshare.com/#id=rd4vja\n\n整合：https://wxdzch.axshare.com/#id=rd4vja\n\n密码：zjld666\n\n### 6.2 原型设计答辩PPT\n\n[点击下载prototype.pptx](http://81.69.199.136/resources/prototype.pptx \"下载链接\")\n\n[点击下载prototype(备用)](https://github.com/FZUSESPR21/meeting-system-8/blob/main/blog/%E5%AD%97%E8%8A%82%E4%B9%B1%E5%8A%A8-%E5%8E%9F%E5%9E%8B%E6%B1%87%E6%8A%A5.pdf)',323,180,61,'团队作业','https://www.cnblogs.com/',1),(83,'team4-7月19团队作业2','#team4-7月19团队作业2\n# 字节乱动队团队作业三——需求分析\n\n\n| 这个作业属于哪个课程 | [2021春软件工程实践\\|S班](https://edu.cnblogs.com/campus/fzu/FZUSESPR21) |\n| -------------------- | ------------------------------------------------------------ |\n| 这个作业要求在哪里   | [团队作业三——需求分析](https://edu.cnblogs.com/campus/fzu/FZUSESPR21/homework/11897) |\n| 团队名称             | 字节乱动                                                     |\n| 这个作业的目标       | 完成需求分析与原型设计                                       |\n| 作业正文             | [正文](https://www.cnblogs.com/eightGroup/p/14666162.html)   |\n| 其他参考文献         | [如何写软件需求规格说明书](https://www.jianshu.com/p/f9bcf52f4321) |\n\n\n[toc]\n\n## 一、项目计划安排\n\n|           时间            |                   计划安排                   | 里程碑                                        |\n| :-----------------------: | :------------------------------------------: | :-------------------------------------------- |\n| 3月16日-3月23日（已完成） |         熟悉队友，了解大体的规划安排         | 完成前后端分配，完成选题报告                  |\n| 4月1日-4月10日（已完成）  |               进行界面原型设计               | 提交原型设计链接、原型设计答辩PPT             |\n| 4月1日-4月15日（已完成）  |                 进行需求分析                 | 提交需求规格说明书、提交需求分析报告PPT       |\n|      4月15日-4月20日      | 团队项目系统设计评审、团队项目数据库设计评审 | 完成数据库设计、系统整体设计                  |\n|      4月20日-5月1日       |  制定好编码规范，完成架构设计，编写测试用例  | 完成系统初步架构、完成测试用例的编写          |\n|      5月1日-5月11日       |   完成并发布Alpha版本，同步推进测试与修复    | 完成测试版本的代码编写、发布Alpha版本         |\n|      5月11日-5月20日      |      交接、界面的优化、服务端的功能测试      | 改善系统的可用性、修复bug、完成换组人员的交接 |\n|      5月20日-5月31日      |       完成并发布Beta版本编写使用说明书       | 完成项目的测试与修复、发布Beta版本            |\n|      6月1日-6月22日       |              答辩、交付用户使用              | 交付用户使用                                  |\n\n## 二、组员分工、组员工作量比例\n\n|   学号    |  姓名  |                 工作内容                 | 贡献度 |\n| :-------: | :----: | :--------------------------------------: | :----- |\n| 221801101 | 王思皓 |          界面原型设计、博客随笔          | 12     |\n| 221801103 | 牙举韬 |              需求规格说明书              | 10     |\n| 221801106 | 郑龙海 |             需求分析报告PPT              | 12     |\n| 221801112 |  曹鑫  |       界面原型设计,需求规格说明书        | 14     |\n| 221801121 |  黄炜  | 博客随笔，原型设计评审表，需求分析评审表 | 10     |\n| 221801225 | 李进明 |              需求规格说明书              | 10     |\n| 221801237 | 黄伟为 |            界面原型设计、答辩            | 10     |\n| 221801305 | 陈晓汉 |           界面原型设计答辩PPT            | 10     |\n| 221801332 | 李达明 |               界面原型设计               | 12     |\n\n## 三、需求分析\n\n### 3.1 用况图\n\n[![cfsAC8.png](https://z3.ax1x.com/2021/04/16/cfsAC8.png)](https://imgtu.com/i/cfsAC8)\n\n\n\n### 3.2 类图\n\n[![cfsVgg.png](https://z3.ax1x.com/2021/04/16/cfsVgg.png)](https://imgtu.com/i/cfsVgg)\n\n### 3.3 活动图\n\n##### 3.3.1 成绩管理活动图\n\n[![cfsF4f.png](https://z3.ax1x.com/2021/04/16/cfsF4f.png)](https://imgtu.com/i/cfsF4f)\n\n\n\n##### 3.3.2 助教评分活动图\n\n[![cfsE8S.png](https://z3.ax1x.com/2021/04/16/cfsE8S.png)\n\n### 3.4.功能模块\n\n#### 3.4.1 web端\n\n1.登陆注册界面\n\n学生登陆：学生登陆成功跳转学生界面\n\n教师登录：教师登录成功跳转教师管理界面\n\n助教登录：助教登录成功跳转助教管理界面\n\n\n\n2.助教界面\n\n①内容管理\n\n评分细则管理：助教可以在此处发布某次作业评分细则并添加本次细则对	应的评分项。也可对评分细则和评分项进行增删改查操作。\n\n②成绩管理\n\n成绩查询：通过特定条件筛选对成绩学生进行查询操作。\n\n博客评分：直接跳转到某同学某次作业（个人作业、结对作业、团队作业）	的博客，对博客内容评分。\n\n答辩评分：可根据实践课上各个团队的团队阶段性答辩来评分。\n\n博客列表：本班同学的博客列表，可跳转到本班同学各次作业的博客并进	行博客评分。\n\n③用户管理\n\n团队管理：为本班级添加新团队，对本班级团队进行查看、修改、删除和	添	加队员操作。\n\n④学生管理\n\n展示学生列表及学生相关信息，对班级学生进行查看、修改、删除和添加	（通过文件上传）操作，点击学生详细信息之后可以查看该学生所有作业。\n\n3.学生界面\n\n①成绩查询\n\n学生可以通过筛选来查看自己的某次作业和课堂答辩的成绩。\n\n②作业提交\n\n针对某次作业提交作业内容（通过编辑器或者上传的方式），提供博客	链	接。\n\n \n\n4.教师界面\n\n①内容管理\n\n成绩查询：学生可以通过筛选来查看自己的某次作业和课堂答辩的成绩。\n\n②用户管理\n\n团队管理：可查看班级所有团队详细信息。\n\n学生管理：展示学生列表及学生相关信息，对班级学生进行查看、修改、	删	除和添加（通过文件上传）操作，点击学生详细信息之后可以查看该学	生	所有作业。\n\n③助教管理\n\n对助教进行管理工作，包括添加助教、修改助教信息和删除助教等功能。\n\n#### 3.4.2 安卓端\n\n安卓端主要面向学生\n\n1.登录注册界面\n\n学生登录和注册。\n\n\n\n2.分数查看界面\n\n学生可查看学生本人每次作业分数，提供链接跳转到相应博客。\n\n\n\n3.评分任务界面\n\n①组间评分：某学生会被本小组分配答辩中小组互评的任务。\n\n②组内评分：学生可对小组中成员根据贡献度、完成度等因素对小组成员进行评分。\n\n\n\n4.个人中心界面\n\n①结对队友：通过此功能可以寻找结对作业队友。\n\n②我的团队：查看小组内成员信息。\n\n③退出登录：退出登录。\n\n④应用设置：应用设置。\n\n⑤反馈建议：学生为app提供反馈建议。\n\n### 四、需求规格说明书\n\n[点击下载spec(修订版)](https://github.com/FZUSESPR21/meeting-system-8/blob/main/blog/%E9%9C%80%E6%B1%82%E8%A7%84%E6%A0%BC%E8%AF%B4%E6%98%8E%E4%B9%A6-%E6%9C%80%E7%BB%88%E7%89%88-%E4%BF%AE%E8%AE%A2.pdf)\n\n[点击下载spec.docx(备用)](http://81.69.199.136/resources/spec.docx \"下载地址\")\n\n###  五、需求分析报告PPT\n\n[点击下载spec.pptx](http://81.69.199.136/resources/spec.pptx \"点击下载spec.pptx\")\n\n[点击下载spec(备用)](https://github.com/FZUSESPR21/meeting-system-8/blob/main/blog/%E9%9C%80%E6%B1%82%E8%A7%84%E5%88%99ppt.pdf)\n\n## 六、原型设计\n\n### 6.1 原型设计链接\n\nweb端：https://hirh8n.axshare.com\n\n安卓端：https://z58uhl.axshare.com/#id=rd4vja\n\n整合：https://wxdzch.axshare.com/#id=rd4vja\n\n密码：zjld666\n\n### 6.2 原型设计答辩PPT\n\n[点击下载prototype.pptx](http://81.69.199.136/resources/prototype.pptx \"下载链接\")\n\n[点击下载prototype(备用)](https://github.com/FZUSESPR21/meeting-system-8/blob/main/blog/%E5%AD%97%E8%8A%82%E4%B9%B1%E5%8A%A8-%E5%8E%9F%E5%9E%8B%E6%B1%87%E6%8A%A5.pdf)',323,180,66,'团队作业','https://www.cnblogs.com/',0),(84,'team4-7月19团队作业3','#team4-7月19团队作业3\n# 字节乱动队团队作业三——需求分析\n\n\n| 这个作业属于哪个课程 | [2021春软件工程实践\\|S班](https://edu.cnblogs.com/campus/fzu/FZUSESPR21) |\n| -------------------- | ------------------------------------------------------------ |\n| 这个作业要求在哪里   | [团队作业三——需求分析](https://edu.cnblogs.com/campus/fzu/FZUSESPR21/homework/11897) |\n| 团队名称             | 字节乱动                                                     |\n| 这个作业的目标       | 完成需求分析与原型设计                                       |\n| 作业正文             | [正文](https://www.cnblogs.com/eightGroup/p/14666162.html)   |\n| 其他参考文献         | [如何写软件需求规格说明书](https://www.jianshu.com/p/f9bcf52f4321) |\n\n\n[toc]\n\n## 一、项目计划安排\n\n|           时间            |                   计划安排                   | 里程碑                                        |\n| :-----------------------: | :------------------------------------------: | :-------------------------------------------- |\n| 3月16日-3月23日（已完成） |         熟悉队友，了解大体的规划安排         | 完成前后端分配，完成选题报告                  |\n| 4月1日-4月10日（已完成）  |               进行界面原型设计               | 提交原型设计链接、原型设计答辩PPT             |\n| 4月1日-4月15日（已完成）  |                 进行需求分析                 | 提交需求规格说明书、提交需求分析报告PPT       |\n|      4月15日-4月20日      | 团队项目系统设计评审、团队项目数据库设计评审 | 完成数据库设计、系统整体设计                  |\n|      4月20日-5月1日       |  制定好编码规范，完成架构设计，编写测试用例  | 完成系统初步架构、完成测试用例的编写          |\n|      5月1日-5月11日       |   完成并发布Alpha版本，同步推进测试与修复    | 完成测试版本的代码编写、发布Alpha版本         |\n|      5月11日-5月20日      |      交接、界面的优化、服务端的功能测试      | 改善系统的可用性、修复bug、完成换组人员的交接 |\n|      5月20日-5月31日      |       完成并发布Beta版本编写使用说明书       | 完成项目的测试与修复、发布Beta版本            |\n|      6月1日-6月22日       |              答辩、交付用户使用              | 交付用户使用                                  |\n\n## 二、组员分工、组员工作量比例\n\n|   学号    |  姓名  |                 工作内容                 | 贡献度 |\n| :-------: | :----: | :--------------------------------------: | :----- |\n| 221801101 | 王思皓 |          界面原型设计、博客随笔          | 12     |\n| 221801103 | 牙举韬 |              需求规格说明书              | 10     |\n| 221801106 | 郑龙海 |             需求分析报告PPT              | 12     |\n| 221801112 |  曹鑫  |       界面原型设计,需求规格说明书        | 14     |\n| 221801121 |  黄炜  | 博客随笔，原型设计评审表，需求分析评审表 | 10     |\n| 221801225 | 李进明 |              需求规格说明书              | 10     |\n| 221801237 | 黄伟为 |            界面原型设计、答辩            | 10     |\n| 221801305 | 陈晓汉 |           界面原型设计答辩PPT            | 10     |\n| 221801332 | 李达明 |               界面原型设计               | 12     |\n\n## 三、需求分析\n\n### 3.1 用况图\n\n[![cfsAC8.png](https://z3.ax1x.com/2021/04/16/cfsAC8.png)](https://imgtu.com/i/cfsAC8)\n\n\n\n### 3.2 类图\n\n[![cfsVgg.png](https://z3.ax1x.com/2021/04/16/cfsVgg.png)](https://imgtu.com/i/cfsVgg)\n\n### 3.3 活动图\n\n##### 3.3.1 成绩管理活动图\n\n[![cfsF4f.png](https://z3.ax1x.com/2021/04/16/cfsF4f.png)](https://imgtu.com/i/cfsF4f)\n\n\n\n##### 3.3.2 助教评分活动图\n\n[![cfsE8S.png](https://z3.ax1x.com/2021/04/16/cfsE8S.png)\n\n### 3.4.功能模块\n\n#### 3.4.1 web端\n\n1.登陆注册界面\n\n学生登陆：学生登陆成功跳转学生界面\n\n教师登录：教师登录成功跳转教师管理界面\n\n助教登录：助教登录成功跳转助教管理界面\n\n\n\n2.助教界面\n\n①内容管理\n\n评分细则管理：助教可以在此处发布某次作业评分细则并添加本次细则对	应的评分项。也可对评分细则和评分项进行增删改查操作。\n\n②成绩管理\n\n成绩查询：通过特定条件筛选对成绩学生进行查询操作。\n\n博客评分：直接跳转到某同学某次作业（个人作业、结对作业、团队作业）	的博客，对博客内容评分。\n\n答辩评分：可根据实践课上各个团队的团队阶段性答辩来评分。\n\n博客列表：本班同学的博客列表，可跳转到本班同学各次作业的博客并进	行博客评分。\n\n③用户管理\n\n团队管理：为本班级添加新团队，对本班级团队进行查看、修改、删除和	添	加队员操作。\n\n④学生管理\n\n展示学生列表及学生相关信息，对班级学生进行查看、修改、删除和添加	（通过文件上传）操作，点击学生详细信息之后可以查看该学生所有作业。\n\n3.学生界面\n\n①成绩查询\n\n学生可以通过筛选来查看自己的某次作业和课堂答辩的成绩。\n\n②作业提交\n\n针对某次作业提交作业内容（通过编辑器或者上传的方式），提供博客	链	接。\n\n \n\n4.教师界面\n\n①内容管理\n\n成绩查询：学生可以通过筛选来查看自己的某次作业和课堂答辩的成绩。\n\n②用户管理\n\n团队管理：可查看班级所有团队详细信息。\n\n学生管理：展示学生列表及学生相关信息，对班级学生进行查看、修改、	删	除和添加（通过文件上传）操作，点击学生详细信息之后可以查看该学	生	所有作业。\n\n③助教管理\n\n对助教进行管理工作，包括添加助教、修改助教信息和删除助教等功能。\n\n#### 3.4.2 安卓端\n\n安卓端主要面向学生\n\n1.登录注册界面\n\n学生登录和注册。\n\n\n\n2.分数查看界面\n\n学生可查看学生本人每次作业分数，提供链接跳转到相应博客。\n\n\n\n3.评分任务界面\n\n①组间评分：某学生会被本小组分配答辩中小组互评的任务。\n\n②组内评分：学生可对小组中成员根据贡献度、完成度等因素对小组成员进行评分。\n\n\n\n4.个人中心界面\n\n①结对队友：通过此功能可以寻找结对作业队友。\n\n②我的团队：查看小组内成员信息。\n\n③退出登录：退出登录。\n\n④应用设置：应用设置。\n\n⑤反馈建议：学生为app提供反馈建议。\n\n### 四、需求规格说明书\n\n[点击下载spec(修订版)](https://github.com/FZUSESPR21/meeting-system-8/blob/main/blog/%E9%9C%80%E6%B1%82%E8%A7%84%E6%A0%BC%E8%AF%B4%E6%98%8E%E4%B9%A6-%E6%9C%80%E7%BB%88%E7%89%88-%E4%BF%AE%E8%AE%A2.pdf)\n\n[点击下载spec.docx(备用)](http://81.69.199.136/resources/spec.docx \"下载地址\")\n\n###  五、需求分析报告PPT\n\n[点击下载spec.pptx](http://81.69.199.136/resources/spec.pptx \"点击下载spec.pptx\")\n\n[点击下载spec(备用)](https://github.com/FZUSESPR21/meeting-system-8/blob/main/blog/%E9%9C%80%E6%B1%82%E8%A7%84%E5%88%99ppt.pdf)\n\n## 六、原型设计\n\n### 6.1 原型设计链接\n\nweb端：https://hirh8n.axshare.com\n\n安卓端：https://z58uhl.axshare.com/#id=rd4vja\n\n整合：https://wxdzch.axshare.com/#id=rd4vja\n\n密码：zjld666\n\n### 6.2 原型设计答辩PPT\n\n[点击下载prototype.pptx](http://81.69.199.136/resources/prototype.pptx \"下载链接\")\n\n[点击下载prototype(备用)](https://github.com/FZUSESPR21/meeting-system-8/blob/main/blog/%E5%AD%97%E8%8A%82%E4%B9%B1%E5%8A%A8-%E5%8E%9F%E5%9E%8B%E6%B1%87%E6%8A%A5.pdf)',323,180,70,'团队作业','https://www.cnblogs.com/',0),(85,'222001131-7月19团队作业3','#222001131 7月19个人作业1\n# 字节乱动队团队作业三——需求分析\n\n\n| 这个作业属于哪个课程 | [2021春软件工程实践\\|S班](https://edu.cnblogs.com/campus/fzu/FZUSESPR21) |\n| -------------------- | ------------------------------------------------------------ |\n| 这个作业要求在哪里   | [团队作业三——需求分析](https://edu.cnblogs.com/campus/fzu/FZUSESPR21/homework/11897) |\n| 团队名称             | 字节乱动                                                     |\n| 这个作业的目标       | 完成需求分析与原型设计                                       |\n| 作业正文             | [正文](https://www.cnblogs.com/eightGroup/p/14666162.html)   |\n| 其他参考文献         | [如何写软件需求规格说明书](https://www.jianshu.com/p/f9bcf52f4321) |\n\n\n[toc]\n\n## 一、项目计划安排\n\n|           时间            |                   计划安排                   | 里程碑                                        |\n| :-----------------------: | :------------------------------------------: | :-------------------------------------------- |\n| 3月16日-3月23日（已完成） |         熟悉队友，了解大体的规划安排         | 完成前后端分配，完成选题报告                  |\n| 4月1日-4月10日（已完成）  |               进行界面原型设计               | 提交原型设计链接、原型设计答辩PPT             |\n| 4月1日-4月15日（已完成）  |                 进行需求分析                 | 提交需求规格说明书、提交需求分析报告PPT       |\n|      4月15日-4月20日      | 团队项目系统设计评审、团队项目数据库设计评审 | 完成数据库设计、系统整体设计                  |\n|      4月20日-5月1日       |  制定好编码规范，完成架构设计，编写测试用例  | 完成系统初步架构、完成测试用例的编写          |\n|      5月1日-5月11日       |   完成并发布Alpha版本，同步推进测试与修复    | 完成测试版本的代码编写、发布Alpha版本         |\n|      5月11日-5月20日      |      交接、界面的优化、服务端的功能测试      | 改善系统的可用性、修复bug、完成换组人员的交接 |\n|      5月20日-5月31日      |       完成并发布Beta版本编写使用说明书       | 完成项目的测试与修复、发布Beta版本            |\n|      6月1日-6月22日       |              答辩、交付用户使用              | 交付用户使用                                  |\n\n## 二、组员分工、组员工作量比例\n\n|   学号    |  姓名  |                 工作内容                 | 贡献度 |\n| :-------: | :----: | :--------------------------------------: | :----- |\n| 221801101 | 王思皓 |          界面原型设计、博客随笔          | 12     |\n| 221801103 | 牙举韬 |              需求规格说明书              | 10     |\n| 221801106 | 郑龙海 |             需求分析报告PPT              | 12     |\n| 221801112 |  曹鑫  |       界面原型设计,需求规格说明书        | 14     |\n| 221801121 |  黄炜  | 博客随笔，原型设计评审表，需求分析评审表 | 10     |\n| 221801225 | 李进明 |              需求规格说明书              | 10     |\n| 221801237 | 黄伟为 |            界面原型设计、答辩            | 10     |\n| 221801305 | 陈晓汉 |           界面原型设计答辩PPT            | 10     |\n| 221801332 | 李达明 |               界面原型设计               | 12     |\n\n## 三、需求分析\n\n### 3.1 用况图\n\n[![cfsAC8.png](https://z3.ax1x.com/2021/04/16/cfsAC8.png)](https://imgtu.com/i/cfsAC8)\n\n\n\n### 3.2 类图\n\n[![cfsVgg.png](https://z3.ax1x.com/2021/04/16/cfsVgg.png)](https://imgtu.com/i/cfsVgg)\n\n### 3.3 活动图\n\n##### 3.3.1 成绩管理活动图\n\n[![cfsF4f.png](https://z3.ax1x.com/2021/04/16/cfsF4f.png)](https://imgtu.com/i/cfsF4f)\n\n\n\n##### 3.3.2 助教评分活动图\n\n[![cfsE8S.png](https://z3.ax1x.com/2021/04/16/cfsE8S.png)\n\n### 3.4.功能模块\n\n#### 3.4.1 web端\n\n1.登陆注册界面\n\n学生登陆：学生登陆成功跳转学生界面\n\n教师登录：教师登录成功跳转教师管理界面\n\n助教登录：助教登录成功跳转助教管理界面\n\n\n\n2.助教界面\n\n①内容管理\n\n评分细则管理：助教可以在此处发布某次作业评分细则并添加本次细则对	应的评分项。也可对评分细则和评分项进行增删改查操作。\n\n②成绩管理\n\n成绩查询：通过特定条件筛选对成绩学生进行查询操作。\n\n博客评分：直接跳转到某同学某次作业（个人作业、结对作业、团队作业）	的博客，对博客内容评分。\n\n答辩评分：可根据实践课上各个团队的团队阶段性答辩来评分。\n\n博客列表：本班同学的博客列表，可跳转到本班同学各次作业的博客并进	行博客评分。\n\n③用户管理\n\n团队管理：为本班级添加新团队，对本班级团队进行查看、修改、删除和	添	加队员操作。\n\n④学生管理\n\n展示学生列表及学生相关信息，对班级学生进行查看、修改、删除和添加	（通过文件上传）操作，点击学生详细信息之后可以查看该学生所有作业。\n\n3.学生界面\n\n①成绩查询\n\n学生可以通过筛选来查看自己的某次作业和课堂答辩的成绩。\n\n②作业提交\n\n针对某次作业提交作业内容（通过编辑器或者上传的方式），提供博客	链	接。\n\n \n\n4.教师界面\n\n①内容管理\n\n成绩查询：学生可以通过筛选来查看自己的某次作业和课堂答辩的成绩。\n\n②用户管理\n\n团队管理：可查看班级所有团队详细信息。\n\n学生管理：展示学生列表及学生相关信息，对班级学生进行查看、修改、	删	除和添加（通过文件上传）操作，点击学生详细信息之后可以查看该学	生	所有作业。\n\n③助教管理\n\n对助教进行管理工作，包括添加助教、修改助教信息和删除助教等功能。\n\n#### 3.4.2 安卓端\n\n安卓端主要面向学生\n\n1.登录注册界面\n\n学生登录和注册。\n\n\n\n2.分数查看界面\n\n学生可查看学生本人每次作业分数，提供链接跳转到相应博客。\n\n\n\n3.评分任务界面\n\n①组间评分：某学生会被本小组分配答辩中小组互评的任务。\n\n②组内评分：学生可对小组中成员根据贡献度、完成度等因素对小组成员进行评分。\n\n\n\n4.个人中心界面\n\n①结对队友：通过此功能可以寻找结对作业队友。\n\n②我的团队：查看小组内成员信息。\n\n③退出登录：退出登录。\n\n④应用设置：应用设置。\n\n⑤反馈建议：学生为app提供反馈建议。\n\n### 四、需求规格说明书\n\n[点击下载spec(修订版)](https://github.com/FZUSESPR21/meeting-system-8/blob/main/blog/%E9%9C%80%E6%B1%82%E8%A7%84%E6%A0%BC%E8%AF%B4%E6%98%8E%E4%B9%A6-%E6%9C%80%E7%BB%88%E7%89%88-%E4%BF%AE%E8%AE%A2.pdf)\n\n[点击下载spec.docx(备用)](http://81.69.199.136/resources/spec.docx \"下载地址\")\n\n###  五、需求分析报告PPT\n\n[点击下载spec.pptx](http://81.69.199.136/resources/spec.pptx \"点击下载spec.pptx\")\n\n[点击下载spec(备用)](https://github.com/FZUSESPR21/meeting-system-8/blob/main/blog/%E9%9C%80%E6%B1%82%E8%A7%84%E5%88%99ppt.pdf)\n\n## 六、原型设计\n\n### 6.1 原型设计链接\n\nweb端：https://hirh8n.axshare.com\n\n安卓端：https://z58uhl.axshare.com/#id=rd4vja\n\n整合：https://wxdzch.axshare.com/#id=rd4vja\n\n密码：zjld666\n\n### 6.2 原型设计答辩PPT\n\n[点击下载prototype.pptx](http://81.69.199.136/resources/prototype.pptx \"下载链接\")\n\n[点击下载prototype(备用)](https://github.com/FZUSESPR21/meeting-system-8/blob/main/blog/%E5%AD%97%E8%8A%82%E4%B9%B1%E5%8A%A8-%E5%8E%9F%E5%9E%8B%E6%B1%87%E6%8A%A5.pdf)',323,180,63,'个人作业','https://www.cnblogs.com/',1),(86,'222001131-7月19个人作业2','#222001131 7月19个人作业2\n# 字节乱动队团队作业三——需求分析\n\n\n| 这个作业属于哪个课程 | [2021春软件工程实践\\|S班](https://edu.cnblogs.com/campus/fzu/FZUSESPR21) |\n| -------------------- | ------------------------------------------------------------ |\n| 这个作业要求在哪里   | [团队作业三——需求分析](https://edu.cnblogs.com/campus/fzu/FZUSESPR21/homework/11897) |\n| 团队名称             | 字节乱动                                                     |\n| 这个作业的目标       | 完成需求分析与原型设计                                       |\n| 作业正文             | [正文](https://www.cnblogs.com/eightGroup/p/14666162.html)   |\n| 其他参考文献         | [如何写软件需求规格说明书](https://www.jianshu.com/p/f9bcf52f4321) |\n\n\n[toc]\n\n## 一、项目计划安排\n\n|           时间            |                   计划安排                   | 里程碑                                        |\n| :-----------------------: | :------------------------------------------: | :-------------------------------------------- |\n| 3月16日-3月23日（已完成） |         熟悉队友，了解大体的规划安排         | 完成前后端分配，完成选题报告                  |\n| 4月1日-4月10日（已完成）  |               进行界面原型设计               | 提交原型设计链接、原型设计答辩PPT             |\n| 4月1日-4月15日（已完成）  |                 进行需求分析                 | 提交需求规格说明书、提交需求分析报告PPT       |\n|      4月15日-4月20日      | 团队项目系统设计评审、团队项目数据库设计评审 | 完成数据库设计、系统整体设计                  |\n|      4月20日-5月1日       |  制定好编码规范，完成架构设计，编写测试用例  | 完成系统初步架构、完成测试用例的编写          |\n|      5月1日-5月11日       |   完成并发布Alpha版本，同步推进测试与修复    | 完成测试版本的代码编写、发布Alpha版本         |\n|      5月11日-5月20日      |      交接、界面的优化、服务端的功能测试      | 改善系统的可用性、修复bug、完成换组人员的交接 |\n|      5月20日-5月31日      |       完成并发布Beta版本编写使用说明书       | 完成项目的测试与修复、发布Beta版本            |\n|      6月1日-6月22日       |              答辩、交付用户使用              | 交付用户使用                                  |\n\n## 二、组员分工、组员工作量比例\n\n|   学号    |  姓名  |                 工作内容                 | 贡献度 |\n| :-------: | :----: | :--------------------------------------: | :----- |\n| 221801101 | 王思皓 |          界面原型设计、博客随笔          | 12     |\n| 221801103 | 牙举韬 |              需求规格说明书              | 10     |\n| 221801106 | 郑龙海 |             需求分析报告PPT              | 12     |\n| 221801112 |  曹鑫  |       界面原型设计,需求规格说明书        | 14     |\n| 221801121 |  黄炜  | 博客随笔，原型设计评审表，需求分析评审表 | 10     |\n| 221801225 | 李进明 |              需求规格说明书              | 10     |\n| 221801237 | 黄伟为 |            界面原型设计、答辩            | 10     |\n| 221801305 | 陈晓汉 |           界面原型设计答辩PPT            | 10     |\n| 221801332 | 李达明 |               界面原型设计               | 12     |\n\n## 三、需求分析\n\n### 3.1 用况图\n\n[![cfsAC8.png](https://z3.ax1x.com/2021/04/16/cfsAC8.png)](https://imgtu.com/i/cfsAC8)\n\n\n\n### 3.2 类图\n\n[![cfsVgg.png](https://z3.ax1x.com/2021/04/16/cfsVgg.png)](https://imgtu.com/i/cfsVgg)\n\n### 3.3 活动图\n\n##### 3.3.1 成绩管理活动图\n\n[![cfsF4f.png](https://z3.ax1x.com/2021/04/16/cfsF4f.png)](https://imgtu.com/i/cfsF4f)\n\n\n\n##### 3.3.2 助教评分活动图\n\n[![cfsE8S.png](https://z3.ax1x.com/2021/04/16/cfsE8S.png)\n\n### 3.4.功能模块\n\n#### 3.4.1 web端\n\n1.登陆注册界面\n\n学生登陆：学生登陆成功跳转学生界面\n\n教师登录：教师登录成功跳转教师管理界面\n\n助教登录：助教登录成功跳转助教管理界面\n\n\n\n2.助教界面\n\n①内容管理\n\n评分细则管理：助教可以在此处发布某次作业评分细则并添加本次细则对	应的评分项。也可对评分细则和评分项进行增删改查操作。\n\n②成绩管理\n\n成绩查询：通过特定条件筛选对成绩学生进行查询操作。\n\n博客评分：直接跳转到某同学某次作业（个人作业、结对作业、团队作业）	的博客，对博客内容评分。\n\n答辩评分：可根据实践课上各个团队的团队阶段性答辩来评分。\n\n博客列表：本班同学的博客列表，可跳转到本班同学各次作业的博客并进	行博客评分。\n\n③用户管理\n\n团队管理：为本班级添加新团队，对本班级团队进行查看、修改、删除和	添	加队员操作。\n\n④学生管理\n\n展示学生列表及学生相关信息，对班级学生进行查看、修改、删除和添加	（通过文件上传）操作，点击学生详细信息之后可以查看该学生所有作业。\n\n3.学生界面\n\n①成绩查询\n\n学生可以通过筛选来查看自己的某次作业和课堂答辩的成绩。\n\n②作业提交\n\n针对某次作业提交作业内容（通过编辑器或者上传的方式），提供博客	链	接。\n\n \n\n4.教师界面\n\n①内容管理\n\n成绩查询：学生可以通过筛选来查看自己的某次作业和课堂答辩的成绩。\n\n②用户管理\n\n团队管理：可查看班级所有团队详细信息。\n\n学生管理：展示学生列表及学生相关信息，对班级学生进行查看、修改、	删	除和添加（通过文件上传）操作，点击学生详细信息之后可以查看该学	生	所有作业。\n\n③助教管理\n\n对助教进行管理工作，包括添加助教、修改助教信息和删除助教等功能。\n\n#### 3.4.2 安卓端\n\n安卓端主要面向学生\n\n1.登录注册界面\n\n学生登录和注册。\n\n\n\n2.分数查看界面\n\n学生可查看学生本人每次作业分数，提供链接跳转到相应博客。\n\n\n\n3.评分任务界面\n\n①组间评分：某学生会被本小组分配答辩中小组互评的任务。\n\n②组内评分：学生可对小组中成员根据贡献度、完成度等因素对小组成员进行评分。\n\n\n\n4.个人中心界面\n\n①结对队友：通过此功能可以寻找结对作业队友。\n\n②我的团队：查看小组内成员信息。\n\n③退出登录：退出登录。\n\n④应用设置：应用设置。\n\n⑤反馈建议：学生为app提供反馈建议。\n\n### 四、需求规格说明书\n\n[点击下载spec(修订版)](https://github.com/FZUSESPR21/meeting-system-8/blob/main/blog/%E9%9C%80%E6%B1%82%E8%A7%84%E6%A0%BC%E8%AF%B4%E6%98%8E%E4%B9%A6-%E6%9C%80%E7%BB%88%E7%89%88-%E4%BF%AE%E8%AE%A2.pdf)\n\n[点击下载spec.docx(备用)](http://81.69.199.136/resources/spec.docx \"下载地址\")\n\n###  五、需求分析报告PPT\n\n[点击下载spec.pptx](http://81.69.199.136/resources/spec.pptx \"点击下载spec.pptx\")\n\n[点击下载spec(备用)](https://github.com/FZUSESPR21/meeting-system-8/blob/main/blog/%E9%9C%80%E6%B1%82%E8%A7%84%E5%88%99ppt.pdf)\n\n## 六、原型设计\n\n### 6.1 原型设计链接\n\nweb端：https://hirh8n.axshare.com\n\n安卓端：https://z58uhl.axshare.com/#id=rd4vja\n\n整合：https://wxdzch.axshare.com/#id=rd4vja\n\n密码：zjld666\n\n### 6.2 原型设计答辩PPT\n\n[点击下载prototype.pptx](http://81.69.199.136/resources/prototype.pptx \"下载链接\")\n\n[点击下载prototype(备用)](https://github.com/FZUSESPR21/meeting-system-8/blob/main/blog/%E5%AD%97%E8%8A%82%E4%B9%B1%E5%8A%A8-%E5%8E%9F%E5%9E%8B%E6%B1%87%E6%8A%A5.pdf)',323,180,65,'个人作业','https://www.cnblogs.com/',1),(87,'222001132 7月19-个人作业','#222001132 7月19-个人作业\n# 字节乱动队团队作业三——需求分析\n\n\n| 这个作业属于哪个课程 | [2021春软件工程实践\\|S班](https://edu.cnblogs.com/campus/fzu/FZUSESPR21) |\n| -------------------- | ------------------------------------------------------------ |\n| 这个作业要求在哪里   | [团队作业三——需求分析](https://edu.cnblogs.com/campus/fzu/FZUSESPR21/homework/11897) |\n| 团队名称             | 字节乱动                                                     |\n| 这个作业的目标       | 完成需求分析与原型设计                                       |\n| 作业正文             | [正文](https://www.cnblogs.com/eightGroup/p/14666162.html)   |\n| 其他参考文献         | [如何写软件需求规格说明书](https://www.jianshu.com/p/f9bcf52f4321) |\n\n\n[toc]\n\n## 一、项目计划安排\n\n|           时间            |                   计划安排                   | 里程碑                                        |\n| :-----------------------: | :------------------------------------------: | :-------------------------------------------- |\n| 3月16日-3月23日（已完成） |         熟悉队友，了解大体的规划安排         | 完成前后端分配，完成选题报告                  |\n| 4月1日-4月10日（已完成）  |               进行界面原型设计               | 提交原型设计链接、原型设计答辩PPT             |\n| 4月1日-4月15日（已完成）  |                 进行需求分析                 | 提交需求规格说明书、提交需求分析报告PPT       |\n|      4月15日-4月20日      | 团队项目系统设计评审、团队项目数据库设计评审 | 完成数据库设计、系统整体设计                  |\n|      4月20日-5月1日       |  制定好编码规范，完成架构设计，编写测试用例  | 完成系统初步架构、完成测试用例的编写          |\n|      5月1日-5月11日       |   完成并发布Alpha版本，同步推进测试与修复    | 完成测试版本的代码编写、发布Alpha版本         |\n|      5月11日-5月20日      |      交接、界面的优化、服务端的功能测试      | 改善系统的可用性、修复bug、完成换组人员的交接 |\n|      5月20日-5月31日      |       完成并发布Beta版本编写使用说明书       | 完成项目的测试与修复、发布Beta版本            |\n|      6月1日-6月22日       |              答辩、交付用户使用              | 交付用户使用                                  |\n\n## 二、组员分工、组员工作量比例\n\n|   学号    |  姓名  |                 工作内容                 | 贡献度 |\n| :-------: | :----: | :--------------------------------------: | :----- |\n| 221801101 | 王思皓 |          界面原型设计、博客随笔          | 12     |\n| 221801103 | 牙举韬 |              需求规格说明书              | 10     |\n| 221801106 | 郑龙海 |             需求分析报告PPT              | 12     |\n| 221801112 |  曹鑫  |       界面原型设计,需求规格说明书        | 14     |\n| 221801121 |  黄炜  | 博客随笔，原型设计评审表，需求分析评审表 | 10     |\n| 221801225 | 李进明 |              需求规格说明书              | 10     |\n| 221801237 | 黄伟为 |            界面原型设计、答辩            | 10     |\n| 221801305 | 陈晓汉 |           界面原型设计答辩PPT            | 10     |\n| 221801332 | 李达明 |               界面原型设计               | 12     |\n\n## 三、需求分析\n\n### 3.1 用况图\n\n[![cfsAC8.png](https://z3.ax1x.com/2021/04/16/cfsAC8.png)](https://imgtu.com/i/cfsAC8)\n\n\n\n### 3.2 类图\n\n[![cfsVgg.png](https://z3.ax1x.com/2021/04/16/cfsVgg.png)](https://imgtu.com/i/cfsVgg)\n\n### 3.3 活动图\n\n##### 3.3.1 成绩管理活动图\n\n[![cfsF4f.png](https://z3.ax1x.com/2021/04/16/cfsF4f.png)](https://imgtu.com/i/cfsF4f)\n\n\n\n##### 3.3.2 助教评分活动图\n\n[![cfsE8S.png](https://z3.ax1x.com/2021/04/16/cfsE8S.png)\n\n### 3.4.功能模块\n\n#### 3.4.1 web端\n\n1.登陆注册界面\n\n学生登陆：学生登陆成功跳转学生界面\n\n教师登录：教师登录成功跳转教师管理界面\n\n助教登录：助教登录成功跳转助教管理界面\n\n\n\n2.助教界面\n\n①内容管理\n\n评分细则管理：助教可以在此处发布某次作业评分细则并添加本次细则对	应的评分项。也可对评分细则和评分项进行增删改查操作。\n\n②成绩管理\n\n成绩查询：通过特定条件筛选对成绩学生进行查询操作。\n\n博客评分：直接跳转到某同学某次作业（个人作业、结对作业、团队作业）	的博客，对博客内容评分。\n\n答辩评分：可根据实践课上各个团队的团队阶段性答辩来评分。\n\n博客列表：本班同学的博客列表，可跳转到本班同学各次作业的博客并进	行博客评分。\n\n③用户管理\n\n团队管理：为本班级添加新团队，对本班级团队进行查看、修改、删除和	添	加队员操作。\n\n④学生管理\n\n展示学生列表及学生相关信息，对班级学生进行查看、修改、删除和添加	（通过文件上传）操作，点击学生详细信息之后可以查看该学生所有作业。\n\n3.学生界面\n\n①成绩查询\n\n学生可以通过筛选来查看自己的某次作业和课堂答辩的成绩。\n\n②作业提交\n\n针对某次作业提交作业内容（通过编辑器或者上传的方式），提供博客	链	接。\n\n \n\n4.教师界面\n\n①内容管理\n\n成绩查询：学生可以通过筛选来查看自己的某次作业和课堂答辩的成绩。\n\n②用户管理\n\n团队管理：可查看班级所有团队详细信息。\n\n学生管理：展示学生列表及学生相关信息，对班级学生进行查看、修改、	删	除和添加（通过文件上传）操作，点击学生详细信息之后可以查看该学	生	所有作业。\n\n③助教管理\n\n对助教进行管理工作，包括添加助教、修改助教信息和删除助教等功能。\n\n#### 3.4.2 安卓端\n\n安卓端主要面向学生\n\n1.登录注册界面\n\n学生登录和注册。\n\n\n\n2.分数查看界面\n\n学生可查看学生本人每次作业分数，提供链接跳转到相应博客。\n\n\n\n3.评分任务界面\n\n①组间评分：某学生会被本小组分配答辩中小组互评的任务。\n\n②组内评分：学生可对小组中成员根据贡献度、完成度等因素对小组成员进行评分。\n\n\n\n4.个人中心界面\n\n①结对队友：通过此功能可以寻找结对作业队友。\n\n②我的团队：查看小组内成员信息。\n\n③退出登录：退出登录。\n\n④应用设置：应用设置。\n\n⑤反馈建议：学生为app提供反馈建议。\n\n### 四、需求规格说明书\n\n[点击下载spec(修订版)](https://github.com/FZUSESPR21/meeting-system-8/blob/main/blog/%E9%9C%80%E6%B1%82%E8%A7%84%E6%A0%BC%E8%AF%B4%E6%98%8E%E4%B9%A6-%E6%9C%80%E7%BB%88%E7%89%88-%E4%BF%AE%E8%AE%A2.pdf)\n\n[点击下载spec.docx(备用)](http://81.69.199.136/resources/spec.docx \"下载地址\")\n\n###  五、需求分析报告PPT\n\n[点击下载spec.pptx](http://81.69.199.136/resources/spec.pptx \"点击下载spec.pptx\")\n\n[点击下载spec(备用)](https://github.com/FZUSESPR21/meeting-system-8/blob/main/blog/%E9%9C%80%E6%B1%82%E8%A7%84%E5%88%99ppt.pdf)\n\n## 六、原型设计\n\n### 6.1 原型设计链接\n\nweb端：https://hirh8n.axshare.com\n\n安卓端：https://z58uhl.axshare.com/#id=rd4vja\n\n整合：https://wxdzch.axshare.com/#id=rd4vja\n\n密码：zjld666\n\n### 6.2 原型设计答辩PPT\n\n[点击下载prototype.pptx](http://81.69.199.136/resources/prototype.pptx \"下载链接\")\n\n[点击下载prototype(备用)](https://github.com/FZUSESPR21/meeting-system-8/blob/main/blog/%E5%AD%97%E8%8A%82%E4%B9%B1%E5%8A%A8-%E5%8E%9F%E5%9E%8B%E6%B1%87%E6%8A%A5.pdf)',324,180,63,'个人作业','https://www.cnblogs.com/',1),(88,'222001132 7月19-个人作业2','#222001132 7月19-个人作业2\n# 字节乱动队团队作业三——需求分析\n\n\n| 这个作业属于哪个课程 | [2021春软件工程实践\\|S班](https://edu.cnblogs.com/campus/fzu/FZUSESPR21) |\n| -------------------- | ------------------------------------------------------------ |\n| 这个作业要求在哪里   | [团队作业三——需求分析](https://edu.cnblogs.com/campus/fzu/FZUSESPR21/homework/11897) |\n| 团队名称             | 字节乱动                                                     |\n| 这个作业的目标       | 完成需求分析与原型设计                                       |\n| 作业正文             | [正文](https://www.cnblogs.com/eightGroup/p/14666162.html)   |\n| 其他参考文献         | [如何写软件需求规格说明书](https://www.jianshu.com/p/f9bcf52f4321) |\n\n\n[toc]\n\n## 一、项目计划安排\n\n|           时间            |                   计划安排                   | 里程碑                                        |\n| :-----------------------: | :------------------------------------------: | :-------------------------------------------- |\n| 3月16日-3月23日（已完成） |         熟悉队友，了解大体的规划安排         | 完成前后端分配，完成选题报告                  |\n| 4月1日-4月10日（已完成）  |               进行界面原型设计               | 提交原型设计链接、原型设计答辩PPT             |\n| 4月1日-4月15日（已完成）  |                 进行需求分析                 | 提交需求规格说明书、提交需求分析报告PPT       |\n|      4月15日-4月20日      | 团队项目系统设计评审、团队项目数据库设计评审 | 完成数据库设计、系统整体设计                  |\n|      4月20日-5月1日       |  制定好编码规范，完成架构设计，编写测试用例  | 完成系统初步架构、完成测试用例的编写          |\n|      5月1日-5月11日       |   完成并发布Alpha版本，同步推进测试与修复    | 完成测试版本的代码编写、发布Alpha版本         |\n|      5月11日-5月20日      |      交接、界面的优化、服务端的功能测试      | 改善系统的可用性、修复bug、完成换组人员的交接 |\n|      5月20日-5月31日      |       完成并发布Beta版本编写使用说明书       | 完成项目的测试与修复、发布Beta版本            |\n|      6月1日-6月22日       |              答辩、交付用户使用              | 交付用户使用                                  |\n\n## 二、组员分工、组员工作量比例\n\n|   学号    |  姓名  |                 工作内容                 | 贡献度 |\n| :-------: | :----: | :--------------------------------------: | :----- |\n| 221801101 | 王思皓 |          界面原型设计、博客随笔          | 12     |\n| 221801103 | 牙举韬 |              需求规格说明书              | 10     |\n| 221801106 | 郑龙海 |             需求分析报告PPT              | 12     |\n| 221801112 |  曹鑫  |       界面原型设计,需求规格说明书        | 14     |\n| 221801121 |  黄炜  | 博客随笔，原型设计评审表，需求分析评审表 | 10     |\n| 221801225 | 李进明 |              需求规格说明书              | 10     |\n| 221801237 | 黄伟为 |            界面原型设计、答辩            | 10     |\n| 221801305 | 陈晓汉 |           界面原型设计答辩PPT            | 10     |\n| 221801332 | 李达明 |               界面原型设计               | 12     |\n\n## 三、需求分析\n\n### 3.1 用况图\n\n[![cfsAC8.png](https://z3.ax1x.com/2021/04/16/cfsAC8.png)](https://imgtu.com/i/cfsAC8)\n\n\n\n### 3.2 类图\n\n[![cfsVgg.png](https://z3.ax1x.com/2021/04/16/cfsVgg.png)](https://imgtu.com/i/cfsVgg)\n\n### 3.3 活动图\n\n##### 3.3.1 成绩管理活动图\n\n[![cfsF4f.png](https://z3.ax1x.com/2021/04/16/cfsF4f.png)](https://imgtu.com/i/cfsF4f)\n\n\n\n##### 3.3.2 助教评分活动图\n\n[![cfsE8S.png](https://z3.ax1x.com/2021/04/16/cfsE8S.png)\n\n### 3.4.功能模块\n\n#### 3.4.1 web端\n\n1.登陆注册界面\n\n学生登陆：学生登陆成功跳转学生界面\n\n教师登录：教师登录成功跳转教师管理界面\n\n助教登录：助教登录成功跳转助教管理界面\n\n\n\n2.助教界面\n\n①内容管理\n\n评分细则管理：助教可以在此处发布某次作业评分细则并添加本次细则对	应的评分项。也可对评分细则和评分项进行增删改查操作。\n\n②成绩管理\n\n成绩查询：通过特定条件筛选对成绩学生进行查询操作。\n\n博客评分：直接跳转到某同学某次作业（个人作业、结对作业、团队作业）	的博客，对博客内容评分。\n\n答辩评分：可根据实践课上各个团队的团队阶段性答辩来评分。\n\n博客列表：本班同学的博客列表，可跳转到本班同学各次作业的博客并进	行博客评分。\n\n③用户管理\n\n团队管理：为本班级添加新团队，对本班级团队进行查看、修改、删除和	添	加队员操作。\n\n④学生管理\n\n展示学生列表及学生相关信息，对班级学生进行查看、修改、删除和添加	（通过文件上传）操作，点击学生详细信息之后可以查看该学生所有作业。\n\n3.学生界面\n\n①成绩查询\n\n学生可以通过筛选来查看自己的某次作业和课堂答辩的成绩。\n\n②作业提交\n\n针对某次作业提交作业内容（通过编辑器或者上传的方式），提供博客	链	接。\n\n \n\n4.教师界面\n\n①内容管理\n\n成绩查询：学生可以通过筛选来查看自己的某次作业和课堂答辩的成绩。\n\n②用户管理\n\n团队管理：可查看班级所有团队详细信息。\n\n学生管理：展示学生列表及学生相关信息，对班级学生进行查看、修改、	删	除和添加（通过文件上传）操作，点击学生详细信息之后可以查看该学	生	所有作业。\n\n③助教管理\n\n对助教进行管理工作，包括添加助教、修改助教信息和删除助教等功能。\n\n#### 3.4.2 安卓端\n\n安卓端主要面向学生\n\n1.登录注册界面\n\n学生登录和注册。\n\n\n\n2.分数查看界面\n\n学生可查看学生本人每次作业分数，提供链接跳转到相应博客。\n\n\n\n3.评分任务界面\n\n①组间评分：某学生会被本小组分配答辩中小组互评的任务。\n\n②组内评分：学生可对小组中成员根据贡献度、完成度等因素对小组成员进行评分。\n\n\n\n4.个人中心界面\n\n①结对队友：通过此功能可以寻找结对作业队友。\n\n②我的团队：查看小组内成员信息。\n\n③退出登录：退出登录。\n\n④应用设置：应用设置。\n\n⑤反馈建议：学生为app提供反馈建议。\n\n### 四、需求规格说明书\n\n[点击下载spec(修订版)](https://github.com/FZUSESPR21/meeting-system-8/blob/main/blog/%E9%9C%80%E6%B1%82%E8%A7%84%E6%A0%BC%E8%AF%B4%E6%98%8E%E4%B9%A6-%E6%9C%80%E7%BB%88%E7%89%88-%E4%BF%AE%E8%AE%A2.pdf)\n\n[点击下载spec.docx(备用)](http://81.69.199.136/resources/spec.docx \"下载地址\")\n\n###  五、需求分析报告PPT\n\n[点击下载spec.pptx](http://81.69.199.136/resources/spec.pptx \"点击下载spec.pptx\")\n\n[点击下载spec(备用)](https://github.com/FZUSESPR21/meeting-system-8/blob/main/blog/%E9%9C%80%E6%B1%82%E8%A7%84%E5%88%99ppt.pdf)\n\n## 六、原型设计\n\n### 6.1 原型设计链接\n\nweb端：https://hirh8n.axshare.com\n\n安卓端：https://z58uhl.axshare.com/#id=rd4vja\n\n整合：https://wxdzch.axshare.com/#id=rd4vja\n\n密码：zjld666\n\n### 6.2 原型设计答辩PPT\n\n[点击下载prototype.pptx](http://81.69.199.136/resources/prototype.pptx \"下载链接\")\n\n[点击下载prototype(备用)](https://github.com/FZUSESPR21/meeting-system-8/blob/main/blog/%E5%AD%97%E8%8A%82%E4%B9%B1%E5%8A%A8-%E5%8E%9F%E5%9E%8B%E6%B1%87%E6%8A%A5.pdf)',324,180,65,'个人作业','https://www.cnblogs.com/',1),(89,'222001133 7月19个人作业','#222001133 7月19个人作业\n# 字节乱动--团队作业六:凡事预则立\n\n| 这个作业属于哪个课程 | [2021春软件工程实践\\|S班](https://edu.cnblogs.com/campus/fzu/FZUSESPR21) |\n| -------------------- | ------------------------------------------------------------ |\n| 这个作业要求在哪里   | [团队作业六——beta冲刺+事后诸葛亮](https://edu.cnblogs.com/campus/fzu/FZUSESPR21/homework/12068) |\n| 团队名称             | 字节乱动                                                     |\n| 这个作业的目标       | 记录beta冲刺                                                 |\n| 其他参考文献         | 无                                                           |\n| 汇总博客             | [beta冲刺+事后诸葛亮博客汇总](https://www.cnblogs.com/eightGroup/p/14864972.html) |\n\n[toc]\n\n## 下一阶段需要改进完善和新增的功能\n\n\n\n- 安卓端的工作分为权限和数据隔离、组间评分模块的改进和注册功能的修复这三部分\n\n- web端方面主要包括删改细则、团队管理的新增团队和所有团队功能，以及助教模块发布细则和评分功能的完善这几部分\n\n- 主要的工作还是改进完善模块，还有一些提示信息也没有给出来，比如新建班级，成功与否，没有给出判断，在作业细则发布时，没有明确的限制输入的该作业占总分比，导致计算得到的成绩为几百分等等\n\n- web端：大体上一致，但是很多方面还需要改进，比如新建班级，成功与否，没有给出判断，在作业细则发布时，没有明确的限制输入的该作业占总分比，导致计算得到的成绩为几百分。没有我们离目标已经很近了（虽然剩下的路很艰辛），如果历史重来，我们会选择重新把更多的精力放在测试上，宁愿，把一个个功能完成好，能够在处理各种情况，也不要完成了许多功能，但是也制造了许多bug。\n\n  \n\n\n\n## 需要改进的团队分工\n\n在团队分工方面，在alpha冲刺之前的项目设计与规划中就已经把所有的模块进行了分配，由于是随机组队没有成员换入换出所以beta冲刺对团队总体分工不做改变\n\n当然考虑到有些组员已经提前完成了beta冲刺中安排的模块，所以已经结束工作的组员就会去修一下已知的bug，还有页面提示信息的编写，一些模块的完善。\n\n另一方面，组员们都一致认为测试时间、测试计划在Alpha阶段都是远远不够满足要求的，我们在beta阶段要求每个组员更多的参与测试，开发要尽量做好接口的完善、测试，测试人员会把Alpha阶段没有完全完成的压力测试与功能测试尽快做完。\n\n\n',325,180,63,'个人作业','https://www.cnblogs.com/',1),(90,'222001133 7月19个人作业2','#222001133 7月19个人作业2\n# 字节乱动--团队作业六:凡事预则立\n\n| 这个作业属于哪个课程 | [2021春软件工程实践\\|S班](https://edu.cnblogs.com/campus/fzu/FZUSESPR21) |\n| -------------------- | ------------------------------------------------------------ |\n| 这个作业要求在哪里   | [团队作业六——beta冲刺+事后诸葛亮](https://edu.cnblogs.com/campus/fzu/FZUSESPR21/homework/12068) |\n| 团队名称             | 字节乱动                                                     |\n| 这个作业的目标       | 记录beta冲刺                                                 |\n| 其他参考文献         | 无                                                           |\n| 汇总博客             | [beta冲刺+事后诸葛亮博客汇总](https://www.cnblogs.com/eightGroup/p/14864972.html) |\n\n[toc]\n\n## 下一阶段需要改进完善和新增的功能\n\n\n\n- 安卓端的工作分为权限和数据隔离、组间评分模块的改进和注册功能的修复这三部分\n\n- web端方面主要包括删改细则、团队管理的新增团队和所有团队功能，以及助教模块发布细则和评分功能的完善这几部分\n\n- 主要的工作还是改进完善模块，还有一些提示信息也没有给出来，比如新建班级，成功与否，没有给出判断，在作业细则发布时，没有明确的限制输入的该作业占总分比，导致计算得到的成绩为几百分等等\n\n- web端：大体上一致，但是很多方面还需要改进，比如新建班级，成功与否，没有给出判断，在作业细则发布时，没有明确的限制输入的该作业占总分比，导致计算得到的成绩为几百分。没有我们离目标已经很近了（虽然剩下的路很艰辛），如果历史重来，我们会选择重新把更多的精力放在测试上，宁愿，把一个个功能完成好，能够在处理各种情况，也不要完成了许多功能，但是也制造了许多bug。\n\n  \n\n\n\n## 需要改进的团队分工\n\n在团队分工方面，在alpha冲刺之前的项目设计与规划中就已经把所有的模块进行了分配，由于是随机组队没有成员换入换出所以beta冲刺对团队总体分工不做改变\n\n当然考虑到有些组员已经提前完成了beta冲刺中安排的模块，所以已经结束工作的组员就会去修一下已知的bug，还有页面提示信息的编写，一些模块的完善。\n\n另一方面，组员们都一致认为测试时间、测试计划在Alpha阶段都是远远不够满足要求的，我们在beta阶段要求每个组员更多的参与测试，开发要尽量做好接口的完善、测试，测试人员会把Alpha阶段没有完全完成的压力测试与功能测试尽快做完。\n\n\n',325,180,65,'个人作业','https://www.cnblogs.com/',1),(91,'222001133 7月19结对业','#222001133 7月19结对业\n# 字节乱动--团队作业六:凡事预则立\n\n| 这个作业属于哪个课程 | [2021春软件工程实践\\|S班](https://edu.cnblogs.com/campus/fzu/FZUSESPR21) |\n| -------------------- | ------------------------------------------------------------ |\n| 这个作业要求在哪里   | [团队作业六——beta冲刺+事后诸葛亮](https://edu.cnblogs.com/campus/fzu/FZUSESPR21/homework/12068) |\n| 团队名称             | 字节乱动                                                     |\n| 这个作业的目标       | 记录beta冲刺                                                 |\n| 其他参考文献         | 无                                                           |\n| 汇总博客             | [beta冲刺+事后诸葛亮博客汇总](https://www.cnblogs.com/eightGroup/p/14864972.html) |\n\n[toc]\n\n## 下一阶段需要改进完善和新增的功能\n\n\n\n- 安卓端的工作分为权限和数据隔离、组间评分模块的改进和注册功能的修复这三部分\n\n- web端方面主要包括删改细则、团队管理的新增团队和所有团队功能，以及助教模块发布细则和评分功能的完善这几部分\n\n- 主要的工作还是改进完善模块，还有一些提示信息也没有给出来，比如新建班级，成功与否，没有给出判断，在作业细则发布时，没有明确的限制输入的该作业占总分比，导致计算得到的成绩为几百分等等\n\n- web端：大体上一致，但是很多方面还需要改进，比如新建班级，成功与否，没有给出判断，在作业细则发布时，没有明确的限制输入的该作业占总分比，导致计算得到的成绩为几百分。没有我们离目标已经很近了（虽然剩下的路很艰辛），如果历史重来，我们会选择重新把更多的精力放在测试上，宁愿，把一个个功能完成好，能够在处理各种情况，也不要完成了许多功能，但是也制造了许多bug。\n\n  \n\n\n\n## 需要改进的团队分工\n\n在团队分工方面，在alpha冲刺之前的项目设计与规划中就已经把所有的模块进行了分配，由于是随机组队没有成员换入换出所以beta冲刺对团队总体分工不做改变\n\n当然考虑到有些组员已经提前完成了beta冲刺中安排的模块，所以已经结束工作的组员就会去修一下已知的bug，还有页面提示信息的编写，一些模块的完善。\n\n另一方面，组员们都一致认为测试时间、测试计划在Alpha阶段都是远远不够满足要求的，我们在beta阶段要求每个组员更多的参与测试，开发要尽量做好接口的完善、测试，测试人员会把Alpha阶段没有完全完成的压力测试与功能测试尽快做完。\n\n\n',325,216,68,'结对作业','https://www.cnblogs.com/',1),(92,'222001133 7月19结对业3','#222001133 7月19结对业3\n# 字节乱动--团队作业六:凡事预则立\n\n| 这个作业属于哪个课程 | [2021春软件工程实践\\|S班](https://edu.cnblogs.com/campus/fzu/FZUSESPR21) |\n| -------------------- | ------------------------------------------------------------ |\n| 这个作业要求在哪里   | [团队作业六——beta冲刺+事后诸葛亮](https://edu.cnblogs.com/campus/fzu/FZUSESPR21/homework/12068) |\n| 团队名称             | 字节乱动                                                     |\n| 这个作业的目标       | 记录beta冲刺                                                 |\n| 其他参考文献         | 无                                                           |\n| 汇总博客             | [beta冲刺+事后诸葛亮博客汇总](https://www.cnblogs.com/eightGroup/p/14864972.html) |\n\n[toc]\n\n## 下一阶段需要改进完善和新增的功能\n\n\n\n- 安卓端的工作分为权限和数据隔离、组间评分模块的改进和注册功能的修复这三部分\n\n- web端方面主要包括删改细则、团队管理的新增团队和所有团队功能，以及助教模块发布细则和评分功能的完善这几部分\n\n- 主要的工作还是改进完善模块，还有一些提示信息也没有给出来，比如新建班级，成功与否，没有给出判断，在作业细则发布时，没有明确的限制输入的该作业占总分比，导致计算得到的成绩为几百分等等\n\n- web端：大体上一致，但是很多方面还需要改进，比如新建班级，成功与否，没有给出判断，在作业细则发布时，没有明确的限制输入的该作业占总分比，导致计算得到的成绩为几百分。没有我们离目标已经很近了（虽然剩下的路很艰辛），如果历史重来，我们会选择重新把更多的精力放在测试上，宁愿，把一个个功能完成好，能够在处理各种情况，也不要完成了许多功能，但是也制造了许多bug。\n\n  \n\n\n\n## 需要改进的团队分工\n\n在团队分工方面，在alpha冲刺之前的项目设计与规划中就已经把所有的模块进行了分配，由于是随机组队没有成员换入换出所以beta冲刺对团队总体分工不做改变\n\n当然考虑到有些组员已经提前完成了beta冲刺中安排的模块，所以已经结束工作的组员就会去修一下已知的bug，还有页面提示信息的编写，一些模块的完善。\n\n另一方面，组员们都一致认为测试时间、测试计划在Alpha阶段都是远远不够满足要求的，我们在beta阶段要求每个组员更多的参与测试，开发要尽量做好接口的完善、测试，测试人员会把Alpha阶段没有完全完成的压力测试与功能测试尽快做完。\n\n\n',325,216,69,'结对作业','https://www.cnblogs.com/',1),(93,'222001134 7月19个人作业','#222001134 7月19个人作业\n# 团队第二次作业github编程实战\n\n\n| 这个作业属于哪个课程 | [2021春软件工程实践\\|S班](https://edu.cnblogs.com/campus/fzu/FZUSESPR21) |\n| -------------------- | ------------------------------------------------------------ |\n| 这个作业要求在哪里   | [团队第二次作业github编程实战](https://edu.cnblogs.com/campus/fzu/FZUSESPR21/homework/11885) |\n| 这个作业的目标       | 开发会议网站 |\n\n\n[toc]\n## 第一部分\n### 项目地址 \n\n项目github地址：\n项目部署的在线地址：\n\n### 组员职责分工：',326,180,63,'个人作业','https://www.cnblogs.com/',1),(94,'222001134 7月19个人作业2','#222001134 7月19个人作业2\n# 团队第二次作业github编程实战\n\n\n| 这个作业属于哪个课程 | [2021春软件工程实践\\|S班](https://edu.cnblogs.com/campus/fzu/FZUSESPR21) |\n| -------------------- | ------------------------------------------------------------ |\n| 这个作业要求在哪里   | [团队第二次作业github编程实战](https://edu.cnblogs.com/campus/fzu/FZUSESPR21/homework/11885) |\n| 这个作业的目标       | 开发会议网站 |\n\n\n[toc]\n## 第一部分\n### 项目地址 \n\n项目github地址：\n项目部署的在线地址：\n\n### 组员职责分工：',326,180,65,'个人作业','https://www.cnblogs.com/',1),(95,'7月19-个人作业一','# 7月19个人作业',293,177,63,'个人作业','https://www.cnblogs.com/eightGroup/p/14584977.html',1),(96,'222001134 7月19结对作业','#222001134 7月19结对作业\n# 团队第二次作业github编程实战\n\n\n| 这个作业属于哪个课程 | [2021春软件工程实践\\|S班](https://edu.cnblogs.com/campus/fzu/FZUSESPR21) |\n| -------------------- | ------------------------------------------------------------ |\n| 这个作业要求在哪里   | [团队第二次作业github编程实战](https://edu.cnblogs.com/campus/fzu/FZUSESPR21/homework/11885) |\n| 这个作业的目标       | 开发会议网站 |\n\n\n[toc]\n## 第一部分\n### 项目地址 \n\n项目github地址：\n项目部署的在线地址：\n\n### 组员职责分工：',326,217,68,'结对作业','https://www.cnblogs.com/',1),(97,'222001134 7月19结对作业3','#222001134 7月19结对作业3\n# 团队第二次作业github编程实战\n\n\n| 这个作业属于哪个课程 | [2021春软件工程实践\\|S班](https://edu.cnblogs.com/campus/fzu/FZUSESPR21) |\n| -------------------- | ------------------------------------------------------------ |\n| 这个作业要求在哪里   | [团队第二次作业github编程实战](https://edu.cnblogs.com/campus/fzu/FZUSESPR21/homework/11885) |\n| 这个作业的目标       | 开发会议网站 |\n\n\n[toc]\n## 第一部分\n### 项目地址 \n\n项目github地址：\n项目部署的在线地址：\n\n### 组员职责分工：',326,217,69,'结对作业','https://www.cnblogs.com/',1),(98,'7月19-个人作业二222001101','### 4.1 文件系统基础\n\n#### 4.1.1 文件的概念\n- 定义\n    -  输入输出的基本单位\n    -  数据，索引，权限\n    -  数据项，记录，文件\n\n- 文件的属性\n    - 名称\n    - 类型\n    - 大小\n    - 保护\n    - 时间，日期和用户标识\n\n- 文件的基本操作\n    - 创建文件\n    - 写文件\n    - 读文件\n    - 文件重定位\n    - 删除文件\n    - 截断文件\n\n- 文件的打开与关闭\n    - 打开文件表 open-file table\n        - 文件指针\n        - 文件打开计数\n        - 文件磁盘位置\n        - 访问权限\n    - open系统调用\n    - 文件打开计数器   Open  Count\n    - 文件控制块 File Control Block FCB\n\n- 文件的逻辑结构\n    - 用户观点出发\n    - 文件内部数据逻辑\n    - 分为\n        - 无结构文件（流式文件）：源程序文件，目标代码文件\n        - 有结构文件（记录式文件）\n            - 顺序文件\n            - 索引文件\n            - 索引顺序文件\n            - 直接文件/散列文件（Hash File）\n        \n#### 4.1.3 目录结构\n- 文件控制块\n    - 基本信息：文件名，物理位置，逻辑结构，物理结构\n    - 存取控制信息：文件存取权限\n    - 文件建立时间，修改时间\n    \n- 索引结点\n    - unix:i结点\n    - 磁盘索引结点\n\n\n- 目录结构  \n    - 单级目录\n        - 实现的按名存取  \n        - 不允许重名 \n    - 两极目录\n        - 解决了多用户间文件重名的问题\n    - 多级目录结构\n        - 解决了文件分类问题，结构清晰\n        - 增加了磁盘查询速度，影响查询速度\n    - 无环图目录结构\n        - 为了便于文件共享\n    \n#### 4.1.4 文件共享\n- 基于索引结点的共享方式（硬链接）\n    - 删除问题\n\n- 利用符号链实现文件共享（软链接）\n    - 增加了访问磁盘的频率\n    - 占用了一定的空间\n\n- 共同问题\n    - 每个共享都有几个文件名\n\n#### 4.1.5 文件保护\n>  为了防止文件共享造成的的文件破坏和未经批准的修改\n\n- 访问类型\n- 访问控制\n    - 拥有者\n    - 组\n    - 其他\n    - 口令和密码\n\n### 4.2 文件系统实现\n- 查找文件可以使用的方法\n- 逻辑结构和物理结构的区别，之间存在的制约关系\n\n#### 4.2.1 文件系统层次结构\n- 过程描述：用户打开文件F，调用接口，系统通过目录系统查找目录查找文件的索引信息（FCB,索引结点），通过比对FCB判断是否有权限访问，通过验证后，经过逻辑文件系统和文件信息缓冲区得到逻辑地址，在物理文件系统中转换为物理地址，此时找到文件，分配给输入输出设备时，通过设备管理程序模块实现，如果要释放该文件，通过辅助分配模块实现。\n\n#### 4.2.2 目录实现\n- 线性列表\n- hash表\n\n#### 4.2.3 文件实现--文件分配方式\n- 对应于文件的物理结构\n- 连续分配\n- 链接分配\n    - 隐式分配\n    - 显式分配\n        - 通过将fat 读入内存，显著提高了检索速度，明显减少了访问磁盘的次数。\n- 索引分配\n    - 把每个文件的所有盘块号都集中放在一起。\n    - 分为\n        - 链接方案\n        - 多层索引\n        - 混合索引\n\n#### 4.2.4 文件实现-文件存储空间管理\n- 文件存储器空间的划分和初始化\n    - 逻辑卷和物理盘的关系：一个文件存储在一个文件卷中。文件卷可以说物理盘的一部分，也可以说整个物理盘。\n    - 逻辑卷：包含目录区和文件区。\n\n- 文件存储器空间管理：管理空闲块的组织、分配和回收等问题。\n    - 空闲表法\n    - 空闲链接法\n        - 空闲盘快链\n        - 空闲盘区链\n    - 位示图法\n        - b=nx(i-1)+j\n        - i=(b-1)DIVn+1\n        - j=(b-1)MODn+1\n    - 成组链接法\n        - 超级块和辅存卷。\n\n### 4.3 磁盘组织和管理\n- 在磁盘上读写进行一次读写操作需要哪几部分的时间\n- 不同磁道好，还是不同盘面好\n\n#### 4.3.1 磁盘的结构\n- 磁盘\n    - 磁头\n    - 磁道\n    - 扇区\n    - 柱面\n- 分为\n    - 固定头磁盘\n    - 活动头磁盘\n    - 固定盘磁盘\n    - 可换盘磁盘\n\n#### 4.3.2 磁盘调度算法\n- 时间计算：\n    - 寻找时间 Ts=mxn+s\n    - 旋转延迟时间 Tr=1/(2xr)\n    - 传输时间 Tt=b(r*N)\n    - 总平均存取时间：Ta=Ts+1/(2xr)+b/(rxN)\n- 调度算法\n    - 先来先服务\n    - 最短寻找时间优先算法\n    - 扫描算法\n        - 访问局部性方面不如FCFS和SSTF算法好\n        - 如果未扫描完毕则持续扫描至最后\n    - 循环扫描算法\n        - 单向移动\n        - 回放直接移动至起始端\n    - Look调度和C-Look调度\n        - 只需要移动到最远端一个请求即可返回\n- 同柱面不同盘面的扇区若能错位编号，能减少延迟时间',293,177,65,'个人作业','https://www.cnblogs.com/eightGroup/p/14584977.html',1),(99,'7月19-团队作业一-team1','## 第一章 \n#### 什么是软件\n- 指令集合\n- 数据结构\n- 软件描述信息\n- 既是产品又是交付产品的媒介\n\n#### 软件特性\n- 设计开发\n- 退化\n- 根据需求定制\n- 复用刚刚开始\n\n#### 遗留软件\n- 变更：\n    - 满足新的环境\n    - 满是新的商业需求\n    - 扩展增加互操作能力\n    - 适应多样化的网络\n#### 云计算\n- 设备位于云的外部\n- 前端包括客户设备和应用软件\n- 通过对云体系结构分段，提供不同级别的访问。\n\n#### 软件产品线\n- 一系列软件密集型系统\n- 共享一组可管理的特性\n- 满足市场的特定需求\n- 实现软件构件复用进行开发\n- 共享的资源：\n    - 需求\n    - 体系结构\n    - 设计模式\n    - 可重用构件\n    - 测试用例\n\n#### webApp的特性\n- 数据驱动\n- 内容敏感性\n- 持续演化\n- 即时性\n- 安全性\n- 美观性',293,177,61,'团队作业','https://www.cnblogs.com/eightGroup/p/14584977.html',0),(100,'7月19-团队作业二-team1','## 第一章 \n#### 什么是软件\n- 指令集合\n- 数据结构\n- 软件描述信息\n- 既是产品又是交付产品的媒介\n\n#### 软件特性\n- 设计开发\n- 退化\n- 根据需求定制\n- 复用刚刚开始\n\n#### 遗留软件\n- 变更：\n    - 满足新的环境\n    - 满是新的商业需求\n    - 扩展增加互操作能力\n    - 适应多样化的网络\n#### 云计算\n- 设备位于云的外部\n- 前端包括客户设备和应用软件\n- 通过对云体系结构分段，提供不同级别的访问。\n\n#### 软件产品线\n- 一系列软件密集型系统\n- 共享一组可管理的特性\n- 满足市场的特定需求\n- 实现软件构件复用进行开发\n- 共享的资源：\n    - 需求\n    - 体系结构\n    - 设计模式\n    - 可重用构件\n    - 测试用例\n\n#### webApp的特性\n- 数据驱动\n- 内容敏感性\n- 持续演化\n- 即时性\n- 安全性\n- 美观性',293,177,66,'团队作业','https://www.cnblogs.com/eightGroup/p/14584977.html',0),(101,'7月19-团队作业二-team1','## 第一章 \n#### 什么是软件\n- 指令集合\n- 数据结构\n- 软件描述信息\n- 既是产品又是交付产品的媒介\n\n#### 软件特性\n- 设计开发\n- 退化\n- 根据需求定制\n- 复用刚刚开始\n\n#### 遗留软件\n- 变更：\n    - 满足新的环境\n    - 满是新的商业需求\n    - 扩展增加互操作能力\n    - 适应多样化的网络\n#### 云计算\n- 设备位于云的外部\n- 前端包括客户设备和应用软件\n- 通过对云体系结构分段，提供不同级别的访问。\n\n#### 软件产品线\n- 一系列软件密集型系统\n- 共享一组可管理的特性\n- 满足市场的特定需求\n- 实现软件构件复用进行开发\n- 共享的资源：\n    - 需求\n    - 体系结构\n    - 设计模式\n    - 可重用构件\n    - 测试用例\n\n#### webApp的特性\n- 数据驱动\n- 内容敏感性\n- 持续演化\n- 即时性\n- 安全性\n- 美观性\n\n#### 软件评审\n\n#### Hooker 的通用原则\n- 存在原则\n- 保存简洁\n- 保存愿景\n- 关注使用者\n- 面向未来\n- 计划复用\n- 认真思考\n\n#### 软件神话\n- 管理神话\n    - 书籍可提供所有信息\n    - 已经有了最好的硬件\n    - 落后计划，可以增加程序员来赶进度\n    - 外包后什么都不用管\n    \n- 客户神话\n    - 有了一般性描述就可以编写程序\n    - 需求可以不断变更，因为软件是灵活的。\n- 实践者的神话\n    - 写出程序并正常运行，工作就结束了。\n    - 程序运行之前无法评估其质量\n    - 成功项目的唯一目的是体检程序\n    - 大量的不必要的文档总是延缓进度。\n\n## 第二章 软件工程\n\n#### 2.1 软件工程的定义\n- IEEE：\n    - 将系统的，严格约束的，可量化方法应用于软件的开发，运行和维护，即将工程化应用于软件。\n- 目的：提供框架\n- 包含：一个过程，一组方法一系列工具\n\n\n##### 软件工程层次图\n- 工具\n- 方法\n- 过程模型（软件工程的基础）\n- 质量关注点（焦点，根基）\n- 工程特点：多人参与，有计划，有步骤\n- 工程方法：有目的，有计划，有步骤。\n- 工程思维：从一个项目的角度去看待问题。\n\n##### 三个阶段\n- 定义 what\n    - 系统和信息工程\n    - 软件项目计划\n    - 需求分析\n\n- 发展 how\n    - 软件设计\n    - 代码生成\n    - 软件测试\n\n- 维护 change\n    - 纠错性维护\n    - 适应性维护\n    - 完善性维护\n    - 预防性维护\n\n#### 2.2 软件过程\n- 过程框架\n    - 沟通\n    - 策划\n    - 建模\n    - 构建\n    - 部署\n\n- 普适性活动\n    - 软件项目跟踪和控制\n    - 风险管理\n    - 软件质量保证\n    - 技术评审\n    - 测量\n    - 软件配置管理\n    - 可复用管理\n    - 工作产品的准备和生产\n    \n- 对软件过程对适应性调整是项目成功的关键\n\n#### 2.3 软件工程实践\n##### 实践的精髓\n    - 理解问题\n    - 策划解决问题\n    - 实施计划\n    - 检查结果\n\n##### 通用原则\n\n#### 2.4 软件神话\n\n#### 2.5 如何开始\n- 业务需求\n\n## 第三章\n- 软件过程指创建高质量软件所需要完成的活动，动作和任务的框架。\n\n### 3.1 通用过程模型\n软件过程-》过程框架-》普适性活动-》框架活动-》软件工程动作-》任务集合\n\n## 第四章\n### 惯用过程模型\n#### 线性模型\n- 瀑布模型\n    - 内容：沟通、策划、建模、构建、部署。\n    - 问题：不满足实际，需求不一定明确，常常产生阻塞\n- 原型模型\n    - 优点：快速开发出产品。\n    - 缺点：原型是粗糙的，实现也需要折衷\n- v 模型\n    - 需求建模-》体系结构设计-》构件设计-》代码生成\n    - 强调反馈\n    - Verification 验证，保证活动能正确运行。强调过程，设计者。\n    - validation 确认：针对需求，确认符合需求规格的定义。强调结果，用户，\n    \n\n- 增量模型\n    - 增量1 往往是核心产品\n    - 优点：可管理，可投入较少的人员。\n    - 现实往往运用迭代开发和增量开发方法。\n    \n- RAD（Rapid application development）快速应用开发模型\n    - 业务建模\n    - 数据建模\n    - 过程建模\n    - 应用生成\n    - 测试及反复\n    - 特点：强调时间短和富有\n    - 问题：对开发者和客户有比较高的要求，不适合高风险的情况。\n    \n#### 演化模型\n- 原型模型\n\n- 螺旋模型\n    - 任务区域： \n        - 客户交流\n        - 计划\n        - 风险分析\n        - 构造及发布\n        - 客户评估\n    - 优缺点：\n        - 依赖风险评估\n    \n#### 并发模型\n- 并发模型更适合于不同软件工程团队共同开发的产品工程项目。\n\n#### 专业模型\n- 基于构件开发\n    - 本质是演化型，迭代方法。\n    - buy don\'t build\n    - 软件复用。\n    \n- 形式化方法模型\n    - 净室软件工程是这种方法的一个变种。\n    - 应用数学分析。\n    - 费事，昂贵。\n    - 难于和客户沟通。\n- 面向切面模型\n    - 强调关注点\n    - 横切关注点\n    - 方面需求\n    - 方面\n#### 统一过程\n- 阶段\n    - 起始阶段\n    - 细化阶段\n    - 构建阶段\n    - 转换阶段\n    - 生产阶段\n\n## 第5章 敏捷开发\n### 5.1 什么是敏捷开发\n- 变更是敏捷的基本动力\n\n### 5.2 敏捷及变更成本\n- 因为以增量式发布故成本较低\n\n### 5.3 什么是敏捷过程\n- 可适应性以解决不可预测性的过程\n- 软件增量\n\n#### 5.3.1 敏捷原则\n- 12条（如和用户天天在一起，关注好的技能和设计，尽早，持续交付有价值的软件来使客户满意）\n\n#### 5.3.2敏捷开发战略\n\n### 5.4 极限编程\n#### 5.4.1 极限编程过程\n- 策划\n- 设计\n- 编码\n- 测试\n\n#### 5.4.2 工业极限编程\n\n\n## 第六章 软件工程的人员方面\n### 6.1 软件工程师的特质\n- 个人责任感\n- 坦诚\n- 抗压能力\n- 高度的公平感\n- 注重细节\n\n### 6.2 软件工程的心理学\n- 行为模式层\n    - 商业环境\n    - 公司\n    - 项目\n    - 团队\n    - 个人\n    \n- 跨界团队角色\n    - 外联员：与顾客谈判\n    - 侦察员：收集信息\n    - 守护员：保护团队工作产品\n    - 安检员：把控利益相关者和他人向团队传送的信息。\n    - 协调员：交流。\n\n### 6.3 软件团队\n- 高效团队的特征\n    - 目标意识\n    - 参与意识\n    - 培养信任感\n    - 鼓励进步意识\n    - 团队技能的多样化\n\n- 避免团队毒性\n    -  混乱的工作气氛\n    -  会造成团队成员分裂的挫败\n    -  支离破碎或协调不当的软件过程\n    -  对软件团队中的角色模糊定义\n    -  持续且重复性的失败\n\n### 6.4 团队结构\n- 组织模式\n    - 封闭模式：创新性不足\n    - 随机模式：很难完成有秩序的操作\n    - 开放模式：结合封闭模式可控和随机模式创新\n    - 同步模式：问题自然区分。\n\n### 6.5 敏捷团队\n#### 6.5.1 通用敏捷团队。\n- 团队成功的关键因素：个人通过团队合作可以加倍的能力。\n- 人员胜过过程，政策胜过人员。\n- 敏捷团队都是自组织的。\n    - 自适应性结构\n    - 运用Constantine提出的随机、开发和同步模式。\n    - 重要的自主性\n- 计划被保持到最低程度仅仅受商业要求和注重标准的限制。\n\n\n#### 6.5.2 XP团队\n- 交流：强调客户与开发者密切合作\n- 简单：考虑当下需求\n- 反馈：来源于软件本身，客户，其他软件团队成员\n- 勇气：未来抵抗压力而为明天设计的原则。\n- 尊重：主张团队成员以及利益相关者之间的尊重\n\n#### 6.6 设计媒体的影响\n- 博客\n- 社交网站\n\n#### 6.7 软件工程中的云的应用\n- 优点\n    - 提供各种软件工程工作方法\n    - 消除设备依赖的限制\n    - 提供新的分配方法和软件测试\n    - 容易获取成员开发的软件工程信息。\n- 缺点\n    - 存在可靠性和安全性风险\n    - 随着服务增加，协同性的风险也越高\n    - 云服务强调的可用性和性能常常与安全性，保密性，可靠性冲突。\n    \n#### 6.8 协作工具\n- 命名空间：加强储存工作产品的安全性和保密性\n- 进度表：协调项目事件\n- 模版：工作产品保持一致的外形和结构\n- 度量：量化每个成员的贡献。\n- 交流分析：跟踪交流。\n- 工作收集：显示产品的依赖性。\n\n#### 6.9 全球化团队\n- 团队决策的复杂原因：\n    - 问题的复杂性\n    - 不确定性\n    - 结果不确定法则\n    - 对问题的不同看法\n\n## 第七章 理解需求\n### 7.1 需求工程\n#### 地位和作用\n- 帮助工程师理解问题\n- 理解软件需求\n- 产品：\n    - 用户场景\n    - 功能和特征列表\n    - 分析模型\n    - 规格说明\n#### 需求工程的任务\n- 起始：初步交流合作\n- 导出（获取）：询问客户\n    - 范围问题：系统边界\n    - 理解问题：\n    - 易变问题：需求容易产生变化\n- 精化（细化）：开发精确的需求模型。\n- 协商：协商冲突或过高的需求，以求获得双赢的结果。\n- 规格说明：需求工程的最终结果。\n- 确认\n    - 正式的技术评审是最主要的需求确认机制。\n- 需求管理：特征，来源，依赖，子系统，接口等跟踪表\n\n### 7.2 建立根基（启动需求工程）\n- 确认共同利益者\n- 识别多种观点\n- 协同合作\n- Q&A（首次提问）\n \n### 7.3 获取需求（导出需求）\n- 协同需求收集\n- 需求调研方法：焦点小组，卡片分类，问卷调查，人类学调查，快速原型调研，日志调研，深入面谈，A/B 测试\n- 质量功能部署：强调什么事对客户用价值的。\n- 用户场景（用例）\n- 导出工作产品\n\n### 7.4 开发用例\n\n\n\n#### NABCD模型\n- Need\n- Approach\n- Benefit\n- Competitors\n- Delivery(Data)\n\n### 7.5 构建分析模型\n- 目的：为基于计算机的系统提供必要的信息、功能和行为域的说明。\n- 能够动态改造\n\n#### 7.5.1 分析模型的元素\n- 用例图\n- 类图\n- 状态图\n- 数据流图\n\n\n## 第八章 需求建模：基于场景的方法。                \n\n#### 8.1 需求分析\n##### 8.1.1 总体目标和原理\n- 在系统描述和设计模式之间建立桥梁\n- 任务\n    - 描述需求\n    - 为设计奠定基础\n    - 定义软件完成后可以被确认的一组需求。\n\n##### 8.1.2 分析原则\n    - 最小化系统的关联，保持模型简洁。\n    - 表达和理解问题的信息域和功能域。\n    - 以层次化的方式对问题进行分解和不断细化。\n    - 给出系统的逻辑试图和物理视图。\n    \n\n##### 8.1.3 域分析（ 软件需求方法）\n- 需求分析方法有对软件问题的信息域和功能域的系统分析过程及其表示方法组成。\n- 由信息驱动\n- 信息域的三种属性：信息流，信息内容，信息结构。\n\n##### 8.1.4 需求建模的方法\n- 分析模型：\n    - 基于场景的元素：用例图，活动图，泳道图。\n    - 基于类的元素：类图，分析包，CRC模型，协作图。\n    - 行为元素：状态图，顺序图。\n    - 面向信息的元素：数据流图，控制流，处理说明。\n\n### 8.2 基于场景建模\n\n- 用例\n- 主参与者\n- 环境目标\n- 前提调集\n- 触发器\n- 场景\n- 异常\n- 优先级\n- 何时有效\n- 使用频率\n- 参与者的联系渠道\n- 次要参与者\n- 次要参与者的联系渠道\n- 为解决的问题\n\n### 8.3 补充用例的UML模型\n- 开发活动图\n- 泳道图\n\n### 练习：加油站服务系统\n- \n\n#### 数据建模概念\n#### 面向对象的分析\n\n## 第九章 需求建模：基于类的方法\n### 9.1 识别分析类\n- 语法分析\n    - 名词\n- 类分类\n    - 外部实体\n    - 事务\n    - 发生的事件\n    - 角色\n    - 组织单元\n    - 场地和结构\n\n### 9.2 描述属性（审查）\n- 是否在系统职责\n- 是否描述类对象的特征\n- 是否存在冗余\n- 是否有复杂结构的属性（复杂等结构抽离为类）\n- 根据需求的理解进行细化（使用聚合，组成等方法）\n\n\n### 9.3 定义操作\n- 行为分为：\n    - 操作数据（CRUD）\n    - 计算操作\n    - 请求状态操作\n    - 监视控制事件的操作\n\n### 9.4 基于类建模-CRC（类-职责-协作者）建模\n- 用以识别和组织与系统或产品需求相关类。\n    - 类 ：顶部类名\n        - 实体类\n        - 边界类\n        - 控制类（设计时才考虑）\n    - 职责：属性和操作\n    - 协作：指信息请求或动作请求\n\n### 9.5 类的关系（关联和依赖）\n- 继承和泛化（对ppt存在疑问）\n- 关联：关联类，虚线与关联线相连\n    - 关联的多重性\n- 聚合：部分与整体（解决身份问题）\n- 组合：强关联（解决冷藏车问题）\n- 依赖：指向供应者，依赖者为客户，常常加上构造型。\n    - 《use》\n    - 《call》\n    - 《send》\n    - 《instantiate》\n    - 《friend》\n- 对象：类的实例\n- 分析包：组合机制，又称为子系统。\n- 包允许建立的关系：依赖，精化和泛化。\n\n### 番外：数据建模的概念\n- 数据对象：被软件理解的事务\n- 可能是\n    - 外部实体\n    - 事物\n    - 发生\n    - 事件\n    - 角色\n    - 组织单位\n    - 地点\n    - 结构\n\n- E-R方法和实体模型\n    - ER图可定义一个实体模型\n    - 实体模型时现实世界的纯表示\n    - 可以转换成数据库中的数据模型\n    - 方框表示实体型或属性，连线表示实体之间的联系。\n    - 0，1，n的表示。',293,177,70,'团队作业','https://www.cnblogs.com/eightGroup/p/14584977.html',0),(102,'7月19-结对作业一-222001101','\n\n### 9.5 类的关系（关联和依赖）\n- 继承和泛化（对ppt存在疑问）\n- 关联：关联类，虚线与关联线相连\n    - 关联的多重性\n- 聚合：部分与整体（解决身份问题）\n- 组合：强关联（解决冷藏车问题）\n- 依赖：指向供应者，依赖者为客户，常常加上构造型。\n    - 《use》\n    - 《call》\n    - 《send》\n    - 《instantiate》\n    - 《friend》\n- 对象：类的实例\n- 分析包：组合机制，又称为子系统。\n- 包允许建立的关系：依赖，精化和泛化。\n\n### 番外：数据建模的概念\n- 数据对象：被软件理解的事务\n- 可能是\n    - 外部实体\n    - 事物\n    - 发生\n    - 事件\n    - 角色\n    - 组织单位\n    - 地点\n    - 结构\n\n- E-R方法和实体模型\n    - ER图可定义一个实体模型\n    - 实体模型时现实世界的纯表示\n    - 可以转换成数据库中的数据模型\n    - 方框表示实体型或属性，连线表示实体之间的联系。\n    - 0，1，n的表示。',293,184,68,'结对作业','https://www.cnblogs.com/eightGroup/p/14584977.html',1),(103,'7月19-结对作业二-222001101','\n\n### 9.5 类的关系（关联和依赖）\n- 继承和泛化（对ppt存在疑问）\n- 关联：关联类，虚线与关联线相连\n    - 关联的多重性\n- 聚合：部分与整体（解决身份问题）\n- 组合：强关联（解决冷藏车问题）\n- 依赖：指向供应者，依赖者为客户，常常加上构造型。\n    - 《use》\n    - 《call》\n    - 《send》\n    - 《instantiate》\n    - 《friend》\n- 对象：类的实例\n- 分析包：组合机制，又称为子系统。\n- 包允许建立的关系：依赖，精化和泛化。\n\n### 番外：数据建模的概念\n- 数据对象：被软件理解的事务\n- 可能是\n    - 外部实体\n    - 事物\n    - 发生\n    - 事件\n    - 角色\n    - 组织单位\n    - 地点\n    - 结构\n\n- E-R方法和实体模型\n    - ER图可定义一个实体模型\n    - 实体模型时现实世界的纯表示\n    - 可以转换成数据库中的数据模型\n    - 方框表示实体型或属性，连线表示实体之间的联系。\n    - 0，1，n的表示。',293,184,69,'结对作业','https://www.cnblogs.com/eightGroup/p/14584977.html',1),(104,'7月19-个人作业一-222001102','# 我的个人作业一\n> 222001102',294,177,63,'个人作业','https://www.cnblogs.com/eightGroup/p/14584977.html',1),(105,'7月19-个人作业二-222001102','# 我的个人作业二\n> 222001102',294,177,65,'个人作业','https://www.cnblogs.com/eightGroup/p/14584977.html',1),(106,'7月19-结对作业一-222001102','# 我的结对作业一\n> 222001102',294,185,68,'结对作业','https://www.cnblogs.com/eightGroup/p/14584977.html',1),(107,'7月19-结对作业三-222001102','# 我的结对作业三\n> 222001102',294,185,69,'结对作业','https://www.cnblogs.com/eightGroup/p/14584977.html',1),(108,'7月17-个人作业1-222001102','# 个人作业1',295,177,63,'个人作业','https://www.cnblogs.com/eightGroup/p/14584977.html',1),(109,'7月17-个人作业2-222001102','# 个人作业2',295,177,65,'个人作业','https://www.cnblogs.com/eightGroup/p/14584977.html',1),(110,'7月17-结对作业2-222001102','# 结对作业2',295,186,68,'结对作业','https://www.cnblogs.com/eightGroup/p/14584977.html',1),(111,'7月17-结对作业3-222001102','# 结对作业3',295,186,69,'结对作业','https://www.cnblogs.com/eightGroup/p/14584977.html',1),(112,'牙签','牙签\n牙签\n牙签\n牙签\n牙签',313,179,63,'个人作业','https://www.baidu.com',1),(113,'牙签','牙签\n牙签\n牙签\n牙签\n牙签',313,179,65,'个人作业','https://www.baidu.com',1),(114,'牙签','牙签\n牙签\n牙签\n牙签\n牙签\n团队作业牙签',313,179,61,'团队作业','https://www.baidu.com',0),(115,'牙签','牙签\n牙签\n牙签\n牙签\n牙签\n团队作业牙签2',313,179,66,'团队作业','https://www.baidu.com',0),(116,'牙签','牙签\n牙签\n牙签\n牙签\n牙签\n团队作业牙签3',313,179,70,'团队作业','https://www.baidu.com',0);

/*Table structure for table `class` */

DROP TABLE IF EXISTS `class`;

CREATE TABLE `class` (
  `sys_id` int(11) NOT NULL AUTO_INCREMENT,
  `class_name` varchar(128) DEFAULT NULL COMMENT '班级名称',
  `grade` varchar(128) DEFAULT NULL COMMENT '年级',
  `teacher_id` int(11) DEFAULT NULL COMMENT '教师id',
  PRIMARY KEY (`sys_id`)
) ENGINE=InnoDB AUTO_INCREMENT=15 DEFAULT CHARSET=utf8;

/*Data for the table `class` */

insert  into `class`(`sys_id`,`class_name`,`grade`,`teacher_id`) values (1,'2021春软件工程实践|S班','2021',1),(2,'2021春软件工程实践|W班','2021',1),(3,'2022软件工程1班','2022',1),(4,'软件工程实践2','2020',1),(5,'2022春软工时间S班','2022',2),(6,'2021春K班','2021',1),(7,'软件工程final','2020',1),(13,'7月14测试班级','2022',1),(14,'2020年软件工程测试班','2020',1);

/*Table structure for table `details` */

DROP TABLE IF EXISTS `details`;

CREATE TABLE `details` (
  `sys_id` int(11) NOT NULL AUTO_INCREMENT,
  `details_name` varchar(255) DEFAULT NULL COMMENT '评分细则项名称',
  `score_ratio` double DEFAULT NULL COMMENT '评分项分值比例',
  `create_user_id` int(11) DEFAULT NULL COMMENT '创建人',
  `create_time` datetime DEFAULT NULL COMMENT '创建时间',
  `task_id` int(11) DEFAULT NULL COMMENT '所属作业id',
  PRIMARY KEY (`sys_id`)
) ENGINE=InnoDB AUTO_INCREMENT=526 DEFAULT CHARSET=utf8;

/*Data for the table `details` */

insert  into `details`(`sys_id`,`details_name`,`score_ratio`,`create_user_id`,`create_time`,`task_id`) values (34,'博客-测试随笔（10%）',0.06,NULL,'2021-04-28 08:00:41',63),(35,'博客-冲刺总结随笔-项目预期计划、现实进展（20%）',0.12,NULL,'2021-04-28 08:00:41',63),(36,'博客-冲刺总结随笔-过程体会、组员分工协作（10%）',0.06,NULL,'2021-04-28 08:00:41',63),(37,'博客-冲刺总结随笔-在Alpha阶段的工作量比例、下阶段展望（5%）',0.03,NULL,'2021-04-28 08:00:41',63),(38,'博客-冲刺随笔-要求团队在冲刺的十天内，每天发布一篇随笔，共十篇（30%）',0.18,NULL,'2021-04-28 08:00:41',63),(39,'博客-代码规范、冲刺任务与计划',0.15,NULL,'2021-04-28 08:00:41',63),(40,'编码-代码性能',0.4,NULL,'2021-04-28 08:00:41',63),(41,'博客-测试随笔（10%）',0.06,NULL,'2021-04-28 08:11:08',2),(42,'博客-冲刺总结随笔-项目预期计划、现实进展（20%）',0.12,NULL,'2021-04-28 08:11:08',10),(43,'博客-冲刺总结随笔-过程体会、组员分工协作（10%）',0.06,NULL,'2021-04-28 08:11:08',10),(44,'博客-冲刺总结随笔-在Alpha阶段的工作量比例、下阶段展望（5%）',0.03,NULL,'2021-04-28 08:11:08',10),(45,'博客-冲刺随笔-要求团队在冲刺的十天内，每天发布一篇随笔，共十篇（30%）',0.18,NULL,'2021-04-28 08:11:08',10),(46,'博客-代码规范、冲刺任务与计划',0.15,NULL,'2021-04-28 08:11:08',10),(47,'答辩-答辩',0.4,NULL,'2021-04-28 08:11:08',10),(48,'test',5,1,'2020-02-20 00:00:00',2),(49,'test',5,1,'2020-02-20 00:00:00',2),(85,'博客-测试随笔（10%）',0.06,NULL,'2021-04-29 03:22:45',11),(86,'博客-冲刺总结随笔-项目预期计划、现实进展（20%）',0.12,NULL,'2021-04-29 03:22:45',11),(87,'博客-冲刺总结随笔-过程体会、组员分工协作（10%）',0.06,NULL,'2021-04-29 03:22:45',2),(88,'博客-冲刺总结随笔-在Alpha阶段的工作量比例、下阶段展望（5%）',0.03,NULL,'2021-04-29 03:22:45',11),(89,'博客-冲刺随笔-要求团队在冲刺的十天内，每天发布一篇随笔，共十篇（30%）',0.18,NULL,'2021-04-29 03:22:45',11),(90,'博客-代码规范、冲刺任务与计划',0.15,NULL,'2021-04-29 03:22:45',11),(91,'答辩-答辩',0.4,NULL,'2021-04-29 03:22:45',11),(92,'博客-测试随笔（10%）',0.06,NULL,'2021-04-29 03:50:44',5),(93,'博客-冲刺总结随笔-项目预期计划、现实进展（20%）',0.12,NULL,'2021-04-29 03:50:44',5),(94,'博客-冲刺总结随笔-过程体会、组员分工协作（10%）',0.06,NULL,'2021-04-29 03:50:44',5),(95,'博客-冲刺总结随笔-在Alpha阶段的工作量比例、下阶段展望（5%）',0.03,NULL,'2021-04-29 03:50:44',5),(96,'博客-冲刺随笔-要求团队在冲刺的十天内，每天发布一篇随笔，共十篇（30%）',0.18,NULL,'2021-04-29 03:50:44',5),(97,'博客-代码规范、冲刺任务与计划',0.15,NULL,'2021-04-29 03:50:44',5),(98,'答辩-答辩',0.4,NULL,'2021-04-29 03:50:44',5),(106,'博客-测试随笔（10%）',0.06,NULL,'2021-05-06 10:43:54',8),(107,'博客-冲刺总结随笔-项目预期计划、现实进展（20%）',0.12,NULL,'2021-05-06 10:43:54',8),(108,'博客-冲刺总结随笔-过程体会、组员分工协作（10%）',0.06,NULL,'2021-05-06 10:43:54',8),(109,'博客-冲刺总结随笔-在Alpha阶段的工作量比例、下阶段展望（5%）',0.03,NULL,'2021-05-06 10:43:54',8),(110,'博客-冲刺随笔-要求团队在冲刺的十天内，每天发布一篇随笔，共十篇（30%）',0.18,NULL,'2021-05-06 10:43:54',8),(111,'博客-代码规范、冲刺任务与计划',0.15,NULL,'2021-05-06 10:43:54',8),(112,'答辩-答辩',0.4,NULL,'2021-05-06 10:43:54',8),(113,'博客-测试随笔（10%）',0.06,NULL,'2021-05-06 10:44:35',9),(114,'博客-冲刺总结随笔-项目预期计划、现实进展（20%）',0.12,NULL,'2021-05-06 10:44:35',9),(115,'博客-冲刺总结随笔-过程体会、组员分工协作（10%）',0.06,NULL,'2021-05-06 10:44:35',9),(116,'博客-冲刺总结随笔-在Alpha阶段的工作量比例、下阶段展望（5%）',0.03,NULL,'2021-05-06 10:44:35',9),(117,'博客-冲刺随笔-要求团队在冲刺的十天内，每天发布一篇随笔，共十篇（30%）',0.18,NULL,'2021-05-06 10:44:35',9),(118,'博客-代码规范、冲刺任务与计划',0.15,NULL,'2021-05-06 10:44:35',9),(119,'答辩-答辩',0.4,NULL,'2021-05-06 10:44:35',9),(120,'博客-测试随笔（10%）',0.06,NULL,'2021-05-06 11:12:52',8),(121,'博客-冲刺总结随笔-项目预期计划、现实进展（20%）',0.12,NULL,'2021-05-06 11:12:52',8),(122,'博客-冲刺总结随笔-过程体会、组员分工协作（10%）',0.06,NULL,'2021-05-06 11:12:52',8),(123,'博客-冲刺总结随笔-在Alpha阶段的工作量比例、下阶段展望（5%）',0.03,NULL,'2021-05-06 11:12:52',8),(124,'博客-冲刺随笔-要求团队在冲刺的十天内，每天发布一篇随笔，共十篇（30%）',0.18,NULL,'2021-05-06 11:12:52',8),(125,'博客-代码规范、冲刺任务与计划',0.15,NULL,'2021-05-06 11:12:52',8),(126,'答辩-答辩',0.4,NULL,'2021-05-06 11:12:52',8),(127,'博客-测试随笔（10%）',0.06,NULL,'2021-05-06 11:35:12',11),(128,'博客-冲刺总结随笔-项目预期计划、现实进展（20%）',0.12,NULL,'2021-05-06 11:35:12',11),(129,'博客-冲刺总结随笔-过程体会、组员分工协作（10%）',0.06,NULL,'2021-05-06 11:35:12',11),(130,'博客-冲刺总结随笔-在Alpha阶段的工作量比例、下阶段展望（5%）',0.03,NULL,'2021-05-06 11:35:12',11),(131,'博客-冲刺随笔-要求团队在冲刺的十天内，每天发布一篇随笔，共十篇（30%）',0.18,NULL,'2021-05-06 11:35:12',11),(132,'博客-代码规范、冲刺任务与计划',0.15,NULL,'2021-05-06 11:35:12',11),(133,'答辩-答辩',0.4,NULL,'2021-05-06 11:35:12',11),(134,'博客-测试随笔（10%）',0.06,NULL,'2021-05-12 07:57:23',12),(135,'博客-冲刺总结随笔-项目预期计划、现实进展（20%）',0.12,NULL,'2021-05-12 07:57:23',12),(136,'博客-冲刺总结随笔-过程体会、组员分工协作（10%）',0.06,NULL,'2021-05-12 07:57:23',12),(137,'博客-冲刺总结随笔-在Alpha阶段的工作量比例、下阶段展望（5%）',0.03,NULL,'2021-05-12 07:57:23',12),(138,'博客-冲刺随笔-要求团队在冲刺的十天内，每天发布一篇随笔，共十篇（30%）',0.18,NULL,'2021-05-12 07:57:23',12),(139,'博客-代码规范、冲刺任务与计划',0.15,NULL,'2021-05-12 07:57:23',12),(140,'答辩-答辩',0.4,NULL,'2021-05-12 07:57:23',12),(148,'博客-测试随笔（10%）',0.06,NULL,'2021-05-13 10:14:03',14),(149,'博客-冲刺总结随笔-项目预期计划、现实进展（20%）',0.12,NULL,'2021-05-13 10:14:03',14),(150,'博客-冲刺总结随笔-过程体会、组员分工协作（10%）',0.06,NULL,'2021-05-13 10:14:03',14),(151,'博客-冲刺总结随笔-在Alpha阶段的工作量比例、下阶段展望（5%）',0.03,NULL,'2021-05-13 10:14:03',14),(152,'博客-冲刺随笔-要求团队在冲刺的十天内，每天发布一篇随笔，共十篇（30%）',0.18,NULL,'2021-05-13 10:14:03',14),(153,'博客-代码规范、冲刺任务与计划',0.15,NULL,'2021-05-13 10:14:03',14),(154,'答辩-答辩',0.4,NULL,'2021-05-13 10:14:03',14),(155,'博客-测试随笔（10%）',0.06,NULL,'2021-05-13 11:00:02',15),(156,'博客-冲刺总结随笔-项目预期计划、现实进展（20%）',0.12,NULL,'2021-05-13 11:00:02',15),(157,'博客-冲刺总结随笔-过程体会、组员分工协作（10%）',0.06,NULL,'2021-05-13 11:00:02',15),(158,'博客-冲刺总结随笔-在Alpha阶段的工作量比例、下阶段展望（5%）',0.03,NULL,'2021-05-13 11:00:02',15),(159,'博客-冲刺随笔-要求团队在冲刺的十天内，每天发布一篇随笔，共十篇（30%）',0.18,NULL,'2021-05-13 11:00:02',15),(160,'博客-代码规范、冲刺任务与计划',0.15,NULL,'2021-05-13 11:00:02',15),(161,'答辩-答辩',0.4,NULL,'2021-05-13 11:00:02',15),(176,'博客-测试随笔（10%）',0.06,NULL,'2021-05-13 11:04:31',18),(177,'博客-冲刺总结随笔-项目预期计划、现实进展（20%）',0.12,NULL,'2021-05-13 11:04:31',18),(178,'博客-冲刺总结随笔-过程体会、组员分工协作（10%）',0.06,NULL,'2021-05-13 11:04:31',18),(179,'博客-冲刺总结随笔-在Alpha阶段的工作量比例、下阶段展望（5%）',0.03,NULL,'2021-05-13 11:04:31',18),(180,'博客-冲刺随笔-要求团队在冲刺的十天内，每天发布一篇随笔，共十篇（30%）',0.18,NULL,'2021-05-13 11:04:31',18),(181,'博客-代码规范、冲刺任务与计划',0.15,NULL,'2021-05-13 11:04:31',18),(182,'答辩-答辩',0.4,NULL,'2021-05-13 11:04:31',18),(183,'博客-测试随笔（10%）',0.06,NULL,'2021-05-13 11:26:04',19),(184,'博客-冲刺总结随笔-项目预期计划、现实进展（20%）',0.12,NULL,'2021-05-13 11:26:04',19),(185,'博客-冲刺总结随笔-过程体会、组员分工协作（10%）',0.06,NULL,'2021-05-13 11:26:04',19),(186,'博客-冲刺总结随笔-在Alpha阶段的工作量比例、下阶段展望（5%）',0.03,NULL,'2021-05-13 11:26:04',19),(187,'博客-冲刺随笔-要求团队在冲刺的十天内，每天发布一篇随笔，共十篇（30%）',0.18,NULL,'2021-05-13 11:26:04',19),(188,'博客-代码规范、冲刺任务与计划',0.15,NULL,'2021-05-13 11:26:04',19),(189,'答辩-答辩',0.4,NULL,'2021-05-13 11:26:04',19),(190,'博客-测试随笔（10%）',0.06,NULL,'2021-05-14 11:39:11',20),(191,'博客-冲刺总结随笔-项目预期计划、现实进展（20%）',0.12,NULL,'2021-05-14 11:39:11',20),(192,'博客-冲刺总结随笔-过程体会、组员分工协作（10%）',0.06,NULL,'2021-05-14 11:39:11',20),(193,'博客-冲刺总结随笔-在Alpha阶段的工作量比例、下阶段展望（5%）',0.03,NULL,'2021-05-14 11:39:11',20),(194,'博客-冲刺随笔-要求团队在冲刺的十天内，每天发布一篇随笔，共十篇（30%）',0.18,NULL,'2021-05-14 11:39:11',20),(195,'博客-代码规范、冲刺任务与计划',0.15,NULL,'2021-05-14 11:39:11',20),(196,'答辩-答辩',0.4,NULL,'2021-05-14 11:39:11',20),(288,'博客-测试随笔（10%）',0.06,NULL,'2021-05-14 09:19:26',32),(289,'博客-冲刺总结随笔-项目预期计划、现实进展（20%）',0.12,NULL,'2021-05-14 09:19:26',32),(290,'博客-冲刺总结随笔-过程体会、组员分工协作（10%）',0.06,NULL,'2021-05-14 09:19:26',32),(291,'博客-冲刺总结随笔-在Alpha阶段的工作量比例、下阶段展望（5%）',0.03,NULL,'2021-05-14 09:19:26',32),(292,'博客-冲刺随笔-要求团队在冲刺的十天内，每天发布一篇随笔，共十篇（30%）',0.18,NULL,'2021-05-14 09:19:26',32),(293,'博客-代码规范、冲刺任务与计划',0.15,NULL,'2021-05-14 09:19:26',32),(294,'答辩-答辩',0.4,NULL,'2021-05-14 09:19:26',32),(295,'博客-测试随笔（10%）',0.06,NULL,'2021-05-17 10:21:29',33),(296,'博客-冲刺总结随笔-项目预期计划、现实进展（20%）',0.12,NULL,'2021-05-17 10:21:29',33),(297,'博客-冲刺总结随笔-过程体会、组员分工协作（10%）',0.06,NULL,'2021-05-17 10:21:29',33),(298,'博客-冲刺总结随笔-在Alpha阶段的工作量比例、下阶段展望（5%）',0.03,NULL,'2021-05-17 10:21:29',33),(299,'博客-冲刺随笔-要求团队在冲刺的十天内，每天发布一篇随笔，共十篇（30%）',0.18,NULL,'2021-05-17 10:21:29',33),(300,'博客-代码规范、冲刺任务与计划',0.15,NULL,'2021-05-17 10:21:29',33),(301,'答辩-答辩',0.4,NULL,'2021-05-17 10:21:29',33),(302,'博客-测试随笔（10%）',0.06,NULL,'2021-05-20 02:33:09',34),(303,'博客-冲刺总结随笔-项目预期计划、现实进展（20%）',0.12,NULL,'2021-05-20 02:33:09',34),(304,'博客-冲刺总结随笔-过程体会、组员分工协作（10%）',0.06,NULL,'2021-05-20 02:33:09',34),(305,'博客-冲刺总结随笔-在Alpha阶段的工作量比例、下阶段展望（5%）',0.03,NULL,'2021-05-20 02:33:09',34),(306,'博客-冲刺随笔-要求团队在冲刺的十天内，每天发布一篇随笔，共十篇（30%）',0.18,NULL,'2021-05-20 02:33:09',34),(307,'博客-代码规范、冲刺任务与计划',0.15,NULL,'2021-05-20 02:33:09',34),(308,'答辩-答辩',0.4,NULL,'2021-05-20 02:33:09',34),(309,'博客-测试随笔（10%）',0.06,NULL,'2021-05-20 02:34:31',35),(310,'博客-冲刺总结随笔-项目预期计划、现实进展（20%）',0.12,NULL,'2021-05-20 02:34:31',35),(311,'博客-冲刺总结随笔-过程体会、组员分工协作（10%）',0.06,NULL,'2021-05-20 02:34:31',35),(312,'博客-冲刺总结随笔-在Alpha阶段的工作量比例、下阶段展望（5%）',0.03,NULL,'2021-05-20 02:34:31',35),(313,'博客-冲刺随笔-要求团队在冲刺的十天内，每天发布一篇随笔，共十篇（30%）',0.18,NULL,'2021-05-20 02:34:31',35),(314,'博客-代码规范、冲刺任务与计划',0.15,NULL,'2021-05-20 02:34:31',35),(315,'答辩-答辩',0.4,NULL,'2021-05-20 02:34:31',35),(316,'博客-测试随笔（10%）',0.06,NULL,'2021-05-20 03:28:19',36),(317,'博客-冲刺总结随笔-项目预期计划、现实进展（20%）',0.12,NULL,'2021-05-20 03:28:19',36),(318,'博客-冲刺总结随笔-过程体会、组员分工协作（10%）',0.06,NULL,'2021-05-20 03:28:19',36),(319,'博客-冲刺总结随笔-在Alpha阶段的工作量比例、下阶段展望（5%）',0.03,NULL,'2021-05-20 03:28:19',36),(320,'博客-冲刺随笔-要求团队在冲刺的十天内，每天发布一篇随笔，共十篇（30%）',0.18,NULL,'2021-05-20 03:28:19',36),(321,'博客-代码规范、冲刺任务与计划',0.15,NULL,'2021-05-20 03:28:19',36),(322,'答辩-答辩',0.4,NULL,'2021-05-20 03:28:19',36),(351,'博客-细则内容一（10%）',0.06,NULL,'2021-06-08 09:35:52',41),(352,'博客-细则内容二（20%）',0.12,NULL,'2021-06-08 09:35:52',41),(353,'博客-细则内容三（10%）',0.06,NULL,'2021-06-08 09:35:52',41),(354,'博客-细则内容四（5%）',0.03,NULL,'2021-06-08 09:35:52',41),(355,'博客-细则内容五（30%）',0.18,NULL,'2021-06-08 09:35:52',41),(356,'博客-细则内容六',0.15,NULL,'2021-06-08 09:35:52',41),(357,'答辩-答辩',0.4,NULL,'2021-06-08 09:35:52',41),(358,'博客-细则内容一（10%）',0.06,NULL,'2021-06-09 09:40:05',42),(359,'博客-细则内容二（20%）',0.12,NULL,'2021-06-09 09:40:05',42),(360,'博客-细则内容三（10%）',0.06,NULL,'2021-06-09 09:40:05',42),(361,'博客-细则内容四（5%）',0.03,NULL,'2021-06-09 09:40:05',42),(362,'博客-细则内容五（30%）',0.18,NULL,'2021-06-09 09:40:05',42),(363,'博客-细则内容六',0.15,NULL,'2021-06-09 09:40:05',42),(364,'答辩-答辩',0.4,NULL,'2021-06-09 09:40:05',42),(365,'博客-测试随笔（10%）',0.06,NULL,'2021-06-11 08:14:56',43),(366,'博客-冲刺总结随笔-项目预期计划、现实进展（20%）',0.12,NULL,'2021-06-11 08:14:56',43),(367,'博客-冲刺总结随笔-过程体会、组员分工协作（10%）',0.06,NULL,'2021-06-11 08:14:56',43),(368,'博客-冲刺总结随笔-在Alpha阶段的工作量比例、下阶段展望（5%）',0.03,NULL,'2021-06-11 08:14:56',43),(369,'博客-冲刺随笔-要求团队在冲刺的十天内，每天发布一篇随笔，共十篇（30%）',0.18,NULL,'2021-06-11 08:14:56',43),(370,'博客-代码规范、冲刺任务与计划',0.15,NULL,'2021-06-11 08:14:56',43),(371,'答辩-答辩',0.4,NULL,'2021-06-11 08:14:56',43),(372,'博客-测试随笔（10%）',0.06,NULL,'2021-06-22 01:31:52',44),(373,'博客-冲刺总结随笔-项目预期计划、现实进展（20%）',0.12,NULL,'2021-06-22 01:31:52',44),(374,'博客-冲刺总结随笔-过程体会、组员分工协作（10%）',0.06,NULL,'2021-06-22 01:31:52',44),(375,'博客-冲刺总结随笔-在Alpha阶段的工作量比例、下阶段展望（5%）',0.03,NULL,'2021-06-22 01:31:52',44),(376,'博客-冲刺随笔-要求团队在冲刺的十天内，每天发布一篇随笔，共十篇（30%）',0.18,NULL,'2021-06-22 01:31:52',44),(377,'博客-代码规范、冲刺任务与计划',0.15,NULL,'2021-06-22 01:31:52',44),(378,'答辩-答辩',0.4,NULL,'2021-06-22 01:31:52',44),(379,'博客-测试随笔（10%）',0.06,NULL,'2021-06-22 02:13:29',45),(380,'博客-冲刺总结随笔-项目预期计划、现实进展（20%）',0.12,NULL,'2021-06-22 02:13:29',45),(381,'博客-冲刺总结随笔-过程体会、组员分工协作（10%）',0.06,NULL,'2021-06-22 02:13:29',45),(382,'博客-冲刺总结随笔-在Alpha阶段的工作量比例、下阶段展望（5%）',0.03,NULL,'2021-06-22 02:13:29',45),(383,'博客-冲刺随笔-要求团队在冲刺的十天内，每天发布一篇随笔，共十篇（30%）',0.18,NULL,'2021-06-22 02:13:29',45),(384,'博客-代码规范、冲刺任务与计划',0.15,NULL,'2021-06-22 02:13:29',45),(385,'答辩-答辩',0.4,NULL,'2021-06-22 02:13:29',45),(386,'博客-测试随笔（10%）',0.06,NULL,'2021-06-22 02:17:02',46),(387,'博客-冲刺总结随笔-项目预期计划、现实进展（20%）',0.12,NULL,'2021-06-22 02:17:02',46),(388,'博客-冲刺总结随笔-过程体会、组员分工协作（10%）',0.06,NULL,'2021-06-22 02:17:02',46),(389,'博客-冲刺总结随笔-在Alpha阶段的工作量比例、下阶段展望（5%）',0.03,NULL,'2021-06-22 02:17:02',46),(390,'博客-冲刺随笔-要求团队在冲刺的十天内，每天发布一篇随笔，共十篇（30%）',0.18,NULL,'2021-06-22 02:17:02',46),(391,'博客-代码规范、冲刺任务与计划',0.15,NULL,'2021-06-22 02:17:02',46),(392,'答辩-答辩',0.4,NULL,'2021-06-22 02:17:02',46),(393,'博客-测试随笔（10%）',0.06,NULL,'2021-06-22 08:59:22',47),(394,'博客-冲刺总结随笔-项目预期计划、现实进展（20%）',0.12,NULL,'2021-06-22 08:59:22',47),(395,'博客-冲刺总结随笔-过程体会、组员分工协作（10%）',0.06,NULL,'2021-06-22 08:59:22',47),(396,'博客-冲刺总结随笔-在Alpha阶段的工作量比例、下阶段展望（5%）',0.03,NULL,'2021-06-22 08:59:22',47),(397,'博客-冲刺随笔-要求团队在冲刺的十天内，每天发布一篇随笔，共十篇（30%）',0.18,NULL,'2021-06-22 08:59:22',47),(398,'博客-代码规范、冲刺任务与计划',0.15,NULL,'2021-06-22 08:59:22',47),(399,'答辩-答辩',0.4,NULL,'2021-06-22 08:59:22',47),(400,'博客-测试随笔（10%）',0.06,NULL,'2021-06-22 09:04:11',48),(401,'博客-冲刺总结随笔-项目预期计划、现实进展（20%）',0.12,NULL,'2021-06-22 09:04:11',48),(402,'博客-冲刺总结随笔-过程体会、组员分工协作（10%）',0.06,NULL,'2021-06-22 09:04:11',48),(403,'博客-冲刺总结随笔-在Alpha阶段的工作量比例、下阶段展望（5%）',0.03,NULL,'2021-06-22 09:04:11',48),(404,'博客-冲刺随笔-要求团队在冲刺的十天内，每天发布一篇随笔，共十篇（30%）',0.18,NULL,'2021-06-22 09:04:11',48),(405,'博客-代码规范、冲刺任务与计划',0.15,NULL,'2021-06-22 09:04:11',48),(406,'答辩-答辩',0.4,NULL,'2021-06-22 09:04:11',48),(407,'博客-测试随笔（10%）',0.06,NULL,'2021-07-10 02:06:56',49),(408,'博客-冲刺总结随笔-项目预期计划、现实进展（20%）',0.12,NULL,'2021-07-10 02:06:56',49),(409,'博客-冲刺总结随笔-过程体会、组员分工协作（10%）',0.06,NULL,'2021-07-10 02:06:56',49),(410,'博客-冲刺总结随笔-在Alpha阶段的工作量比例、下阶段展望（5%）',0.03,NULL,'2021-07-10 02:06:56',49),(411,'博客-冲刺随笔-要求团队在冲刺的十天内，每天发布一篇随笔，共十篇（30%）',0.18,NULL,'2021-07-10 02:06:56',49),(412,'博客-代码规范、冲刺任务与计划',0.15,NULL,'2021-07-10 02:06:56',49),(413,'答辩-答辩',0.4,NULL,'2021-07-10 02:06:56',49),(414,'博客-测试随笔（10%）',0.06,NULL,'2021-07-10 02:50:28',51),(415,'博客-冲刺总结随笔-项目预期计划、现实进展（20%）',0.12,NULL,'2021-07-10 02:50:28',51),(416,'博客-冲刺总结随笔-过程体会、组员分工协作（10%）',0.06,NULL,'2021-07-10 02:50:28',51),(417,'博客-冲刺总结随笔-在Alpha阶段的工作量比例、下阶段展望（5%）',0.03,NULL,'2021-07-10 02:50:28',51),(418,'博客-冲刺随笔-要求团队在冲刺的十天内，每天发布一篇随笔，共十篇（30%）',0.18,NULL,'2021-07-10 02:50:28',51),(419,'博客-代码规范、冲刺任务与计划',0.15,NULL,'2021-07-10 02:50:28',51),(420,'答辩-答辩',0.4,NULL,'2021-07-10 02:50:28',51),(421,'博客-测试随笔（10%）',0.06,NULL,'2021-07-10 08:44:13',52),(422,'博客-冲刺总结随笔-项目预期计划、现实进展（20%）',0.12,NULL,'2021-07-10 08:44:13',52),(423,'博客-冲刺总结随笔-过程体会、组员分工协作（10%）',0.06,NULL,'2021-07-10 08:44:13',52),(424,'博客-冲刺总结随笔-在Alpha阶段的工作量比例、下阶段展望（5%）',0.03,NULL,'2021-07-10 08:44:13',52),(425,'博客-冲刺随笔-要求团队在冲刺的十天内，每天发布一篇随笔，共十篇（30%）',0.18,NULL,'2021-07-10 08:44:13',52),(426,'博客-代码规范、冲刺任务与计划',0.15,NULL,'2021-07-10 08:44:13',52),(427,'答辩-答辩',0.4,NULL,'2021-07-10 08:44:13',52),(428,'博客-测试随笔（10%）',0.06,NULL,'2021-07-10 11:21:06',53),(429,'博客-冲刺总结随笔-项目预期计划、现实进展（20%）',0.12,NULL,'2021-07-10 11:21:06',53),(430,'博客-冲刺总结随笔-过程体会、组员分工协作（10%）',0.06,NULL,'2021-07-10 11:21:06',53),(431,'博客-冲刺总结随笔-在Alpha阶段的工作量比例、下阶段展望（5%）',0.03,NULL,'2021-07-10 11:21:06',53),(432,'博客-冲刺随笔-要求团队在冲刺的十天内，每天发布一篇随笔，共十篇（30%）',0.18,NULL,'2021-07-10 11:21:06',53),(433,'博客-代码规范、冲刺任务与计划',0.15,NULL,'2021-07-10 11:21:06',53),(434,'答辩-答辩',0.4,NULL,'2021-07-10 11:21:06',53),(435,'博客-测试随笔（10%）',0.06,NULL,'2021-07-14 03:30:31',54),(436,'博客-冲刺总结随笔-项目预期计划、现实进展（20%）',0.12,NULL,'2021-07-14 03:30:31',54),(437,'博客-冲刺总结随笔-过程体会、组员分工协作（10%）',0.06,NULL,'2021-07-14 03:30:31',54),(438,'博客-冲刺总结随笔-在Alpha阶段的工作量比例、下阶段展望（5%）',0.03,NULL,'2021-07-14 03:30:31',54),(439,'博客-冲刺随笔-要求团队在冲刺的十天内，每天发布一篇随笔，共十篇（30%）',0.18,NULL,'2021-07-14 03:30:31',54),(440,'博客-代码规范、冲刺任务与计划',0.15,NULL,'2021-07-14 03:30:31',54),(441,'答辩-答辩',0.4,NULL,'2021-07-14 03:30:31',54),(442,'博客-测试随笔（10%）',0.06,NULL,'2021-07-14 03:32:49',55),(443,'博客-冲刺总结随笔-项目预期计划、现实进展（20%）',0.12,NULL,'2021-07-14 03:32:49',55),(444,'博客-冲刺总结随笔-过程体会、组员分工协作（10%）',0.06,NULL,'2021-07-14 03:32:49',55),(445,'博客-冲刺总结随笔-在Alpha阶段的工作量比例、下阶段展望（5%）',0.03,NULL,'2021-07-14 03:32:49',55),(446,'博客-冲刺随笔-要求团队在冲刺的十天内，每天发布一篇随笔，共十篇（30%）',0.18,NULL,'2021-07-14 03:32:49',55),(447,'博客-代码规范、冲刺任务与计划',0.15,NULL,'2021-07-14 03:32:49',55),(448,'答辩-答辩',0.4,NULL,'2021-07-14 03:32:49',55),(449,'博客-测试随笔（10%）',0.06,NULL,'2021-07-14 03:33:00',56),(450,'博客-冲刺总结随笔-项目预期计划、现实进展（20%）',0.12,NULL,'2021-07-14 03:33:00',56),(451,'博客-冲刺总结随笔-过程体会、组员分工协作（10%）',0.06,NULL,'2021-07-14 03:33:00',56),(452,'博客-冲刺总结随笔-在Alpha阶段的工作量比例、下阶段展望（5%）',0.03,NULL,'2021-07-14 03:33:00',56),(453,'博客-冲刺随笔-要求团队在冲刺的十天内，每天发布一篇随笔，共十篇（30%）',0.18,NULL,'2021-07-14 03:33:00',56),(454,'博客-代码规范、冲刺任务与计划',0.15,NULL,'2021-07-14 03:33:00',56),(455,'答辩-答辩',0.4,NULL,'2021-07-14 03:33:00',56),(463,'博客-测试随笔（10%）',0.05,NULL,'2021-07-15 10:56:46',58),(464,'博客-冲刺总结随笔-项目预期计划、现实进展（20%）',0.1,NULL,'2021-07-15 10:56:46',58),(465,'博客-冲刺随笔-要求团队在冲刺的十天内，每天发布一篇随笔，共十篇（30%）',0.2,NULL,'2021-07-15 10:56:46',58),(466,'博客-冲刺总结随笔-在Alpha阶段的工作量比例、下阶段展望（5%）',0.025,NULL,'2021-07-15 10:56:46',58),(467,'博客-代码规范、冲刺任务与计划',0.125,NULL,'2021-07-15 10:56:46',58),(468,'答辩-答辩',0.5,NULL,'2021-07-15 10:56:46',58),(469,'博客-测试随笔（10%）',0.06,NULL,'2021-07-19 05:49:35',61),(470,'博客-冲刺总结随笔-项目预期计划、现实进展（20%）',0.12,NULL,'2021-07-19 05:49:35',61),(471,'博客-冲刺总结随笔-过程体会、组员分工协作（10%）',0.06,NULL,'2021-07-19 05:49:35',61),(472,'博客-冲刺总结随笔-在Alpha阶段的工作量比例、下阶段展望（5%）',0.03,NULL,'2021-07-19 05:49:35',61),(473,'博客-冲刺随笔-要求团队在冲刺的十天内，每天发布一篇随笔，共十篇（30%）',0.18,NULL,'2021-07-19 05:49:35',61),(474,'博客-代码规范、冲刺任务与计划',0.15,NULL,'2021-07-19 05:49:35',61),(475,'答辩-答辩',0.4,NULL,'2021-07-19 05:49:35',61),(483,'博客-测试随笔（10%）',0.1,NULL,'2021-07-19 06:05:38',65),(484,'博客-冲刺总结随笔-项目预期计划、现实进展（20%）',0.2,NULL,'2021-07-19 06:05:38',65),(485,'博客-冲刺总结随笔-过程体会、组员分工协作（10%）',0.1,NULL,'2021-07-19 06:05:38',65),(486,'博客-冲刺总结随笔-在Alpha阶段的工作量比例、下阶段展望（5%）',0.05,NULL,'2021-07-19 06:05:38',65),(487,'博客-冲刺随笔-要求团队在冲刺的十天内，每天发布一篇随笔，共十篇（30%）',0.3,NULL,'2021-07-19 06:05:38',65),(488,'博客-代码规范、冲刺任务与计划',0.25,NULL,'2021-07-19 06:05:38',65),(489,'博客-测试随笔（10%）',0.06,NULL,'2021-07-19 06:32:50',66),(490,'博客-冲刺总结随笔-项目预期计划、现实进展（20%）',0.12,NULL,'2021-07-19 06:32:50',66),(491,'博客-冲刺总结随笔-过程体会、组员分工协作（10%）',0.06,NULL,'2021-07-19 06:32:50',66),(492,'博客-冲刺总结随笔-在Alpha阶段的工作量比例、下阶段展望（5%）',0.03,NULL,'2021-07-19 06:32:50',66),(493,'博客-冲刺随笔-要求团队在冲刺的十天内，每天发布一篇随笔，共十篇（30%）',0.18,NULL,'2021-07-19 06:32:50',66),(494,'博客-代码规范、冲刺任务与计划',0.15,NULL,'2021-07-19 06:32:50',66),(495,'答辩-答辩',0.4,NULL,'2021-07-19 06:32:50',66),(503,'博客-测试随笔（10%）',0.06,NULL,'2021-07-19 06:40:01',68),(504,'博客-冲刺总结随笔-项目预期计划、现实进展（20%）',0.12,NULL,'2021-07-19 06:40:01',68),(505,'博客-冲刺总结随笔-过程体会、组员分工协作（10%）',0.06,NULL,'2021-07-19 06:40:01',68),(506,'博客-冲刺总结随笔-在Alpha阶段的工作量比例、下阶段展望（5%）',0.03,NULL,'2021-07-19 06:40:01',68),(507,'博客-冲刺随笔-要求团队在冲刺的十天内，每天发布一篇随笔，共十篇（30%）',0.18,NULL,'2021-07-19 06:40:01',68),(508,'博客-代码规范、冲刺任务与计划',0.15,NULL,'2021-07-19 06:40:01',68),(509,'结对展示-完成度',0.2,NULL,'2021-07-19 06:40:01',68),(510,'结对展示-界面',0.2,NULL,'2021-07-19 06:40:01',68),(511,'博客-测试随笔（10%）',0.06,NULL,'2021-07-19 06:51:58',69),(512,'博客-冲刺总结随笔-项目预期计划、现实进展（20%）',0.12,NULL,'2021-07-19 06:51:58',69),(513,'博客-冲刺总结随笔-过程体会、组员分工协作（10%）',0.06,NULL,'2021-07-19 06:51:58',69),(514,'博客-冲刺总结随笔-在Alpha阶段的工作量比例、下阶段展望（5%）',0.03,NULL,'2021-07-19 06:51:58',69),(515,'博客-冲刺随笔-要求团队在冲刺的十天内，每天发布一篇随笔，共十篇（30%）',0.18,NULL,'2021-07-19 06:51:58',69),(516,'博客-代码规范、冲刺任务与计划',0.15,NULL,'2021-07-19 06:51:58',69),(517,'结对展示-完成度',0.2,NULL,'2021-07-19 06:51:58',69),(518,'结对展示-界面',0.2,NULL,'2021-07-19 06:51:58',69),(519,'博客-测试随笔（10%）',0.06,NULL,'2021-07-19 07:08:59',70),(520,'博客-冲刺总结随笔-项目预期计划、现实进展（20%）',0.12,NULL,'2021-07-19 07:08:59',70),(521,'博客-冲刺总结随笔-过程体会、组员分工协作（10%）',0.06,NULL,'2021-07-19 07:08:59',70),(522,'博客-冲刺总结随笔-在Alpha阶段的工作量比例、下阶段展望（5%）',0.03,NULL,'2021-07-19 07:08:59',70),(523,'博客-冲刺随笔-要求团队在冲刺的十天内，每天发布一篇随笔，共十篇（30%）',0.18,NULL,'2021-07-19 07:08:59',70),(524,'博客-代码规范、冲刺任务与计划',0.15,NULL,'2021-07-19 07:08:59',70),(525,'答辩-答辩',0.4,NULL,'2021-07-19 07:08:59',70);

/*Table structure for table `pair_score` */

DROP TABLE IF EXISTS `pair_score`;

CREATE TABLE `pair_score` (
  `sys_id` int(11) DEFAULT NULL,
  `user1_id` int(11) DEFAULT NULL COMMENT '结对队友1ID',
  `user2_id` int(11) DEFAULT NULL COMMENT '结对队友2ID',
  `task_id` int(11) DEFAULT NULL COMMENT '所属作业ID',
  `sys_score` double DEFAULT NULL COMMENT '本对本次作业总得分'
) ENGINE=InnoDB DEFAULT CHARSET=utf8;

/*Data for the table `pair_score` */

/*Table structure for table `pair_score_details` */

DROP TABLE IF EXISTS `pair_score_details`;

CREATE TABLE `pair_score_details` (
  `sys_id` int(11) NOT NULL AUTO_INCREMENT,
  `pair_score_id` int(11) DEFAULT NULL COMMENT '结对成绩的ID',
  `details_id` int(11) DEFAULT NULL COMMENT '评分细则项ID',
  `score` int(11) DEFAULT NULL COMMENT '该项得分',
  PRIMARY KEY (`sys_id`)
) ENGINE=InnoDB DEFAULT CHARSET=utf8;

/*Data for the table `pair_score_details` */

/*Table structure for table `performance` */

DROP TABLE IF EXISTS `performance`;

CREATE TABLE `performance` (
  `sys_id` int(11) DEFAULT NULL,
  `performance` varchar(1024) DEFAULT NULL COMMENT '安卓端偏爱设置',
  `user_id` int(11) DEFAULT NULL COMMENT '用户号'
) ENGINE=InnoDB DEFAULT CHARSET=utf8;

/*Data for the table `performance` */

/*Table structure for table `perms` */

DROP TABLE IF EXISTS `perms`;

CREATE TABLE `perms` (
  `id` int(11) NOT NULL AUTO_INCREMENT,
  `permsname` varchar(64) DEFAULT NULL COMMENT '权限名',
  `url` varchar(64) DEFAULT NULL COMMENT '可访问地址',
  PRIMARY KEY (`id`)
) ENGINE=InnoDB AUTO_INCREMENT=5 DEFAULT CHARSET=utf8;

/*Data for the table `perms` */

insert  into `perms`(`id`,`permsname`,`url`) values (1,'user:*:*',NULL),(2,'user:delete:*',NULL),(3,'user:query:*',NULL),(4,'user:update:*',NULL);

/*Table structure for table `reply_review_form` */

DROP TABLE IF EXISTS `reply_review_form`;

CREATE TABLE `reply_review_form` (
  `sys_id` int(11) NOT NULL AUTO_INCREMENT,
  `review_items` text COMMENT '答辩评分表的评分项',
  `task_id` int(11) DEFAULT NULL COMMENT '答辩项所对应的作业任务Id',
  `team_id` int(11) DEFAULT NULL COMMENT '答辩项所对应的团队Id',
  `details_id` int(11) DEFAULT NULL COMMENT '对应的评分细则项',
  `review_people_num` int(11) DEFAULT NULL COMMENT '评审人数',
  `finnish_count` int(11) DEFAULT '0' COMMENT '0 未评分 1已评分',
  PRIMARY KEY (`sys_id`)
) ENGINE=InnoDB AUTO_INCREMENT=39 DEFAULT CHARSET=utf8;

/*Data for the table `reply_review_form` */

insert  into `reply_review_form`(`sys_id`,`review_items`,`task_id`,`team_id`,`details_id`,`review_people_num`,`finnish_count`) values (1,'[{\"proportion\":20,\"title\":\"Hjhg\"},{\"proportion\":20,\"title\":\"Hjjhhh\"},{\"proportion\":20,\"title\":\"Fgvv\"},{\"proportion\":20,\"title\":\"Bnbv\"},{\"proportion\":20,\"title\":\"Gggg\"}]',1,1,40,NULL,1),(2,'[{\"proportion\":20,\"title\":\"Hjhg\"},{\"proportion\":20,\"title\":\"Hjjhhh\"},{\"proportion\":20,\"title\":\"Fgvv\"},{\"proportion\":20,\"title\":\"Bnbv\"},{\"proportion\":20,\"title\":\"Gggg\"}]',1,2,40,NULL,0),(3,'[{\"proportion\":20,\"title\":\"Hjhg\"},{\"proportion\":20,\"title\":\"Hjjhhh\"},{\"proportion\":20,\"title\":\"Fgvv\"},{\"proportion\":20,\"title\":\"Bnbv\"},{\"proportion\":20,\"title\":\"Gggg\"}]',5,1,98,NULL,1),(4,'[{\"proportion\":20,\"title\":\"Hjhg\"},{\"proportion\":20,\"title\":\"Hjjhhh\"},{\"proportion\":20,\"title\":\"Fgvv\"},{\"proportion\":20,\"title\":\"Bnbv\"},{\"proportion\":20,\"title\":\"Gggg\"}]',1,1,44,NULL,0),(5,'[{\"proportion\":20,\"title\":\"Hjhg\"},{\"proportion\":20,\"title\":\"Hjjhhh\"},{\"proportion\":20,\"title\":\"Fgvv\"},{\"proportion\":20,\"title\":\"Bnbv\"},{\"proportion\":20,\"title\":\"Gggg\"}]',5,1,999,NULL,0),(6,'[{\"proportion\":20,\"title\":\"Hjhg\"},{\"proportion\":20,\"title\":\"Hjjhhh\"},{\"proportion\":20,\"title\":\"Fgvv\"},{\"proportion\":20,\"title\":\"Bnbv\"},{\"proportion\":20,\"title\":\"Gggg\"}]',5,3,98,NULL,0),(10,'[{\"proportion\":20,\"title\":\"Hjhg\"},{\"proportion\":20,\"title\":\"Hjjhhh\"},{\"proportion\":20,\"title\":\"Fgvv\"},{\"proportion\":20,\"title\":\"Bnbv\"},{\"proportion\":20,\"title\":\"Gggg\"}]',1,3,40,NULL,0),(11,'[{\"proportion\":20,\"title\":\"哈哈v吃\"},{\"proportion\":20,\"title\":\"vvv想下车\"},{\"proportion\":20,\"title\":\"VB那就\"},{\"proportion\":20,\"title\":\"产检\"},{\"proportion\":20,\"title\":\"回家那边\"}]',10,2,47,NULL,0),(12,'[{\"proportion\":20,\"title\":\"Bhg\"},{\"proportion\":20,\"title\":\"Yugg\"},{\"proportion\":20,\"title\":\"Vvgr\"},{\"proportion\":20,\"title\":\"Nmnb\"},{\"proportion\":20,\"title\":\"Cbhg\"}]',10,44,47,NULL,0),(13,NULL,NULL,NULL,NULL,NULL,0),(14,NULL,NULL,NULL,NULL,NULL,0),(15,NULL,NULL,NULL,NULL,NULL,0),(16,NULL,NULL,NULL,NULL,NULL,0),(17,'[{\"proportion\":30,\"title\":\"Vhhh\"},{\"proportion\":30,\"title\":\"Ggh\"},{\"proportion\":30,\"title\":\"Vgh\"},{\"proportion\":10,\"title\":\"Gg\"}]',10,43,47,NULL,0),(18,'[{\"proportion\":26,\"title\":\"A\"},{\"proportion\":14,\"title\":\"B\"},{\"proportion\":22,\"title\":\"C\"},{\"proportion\":13,\"title\":\"D\"},{\"proportion\":25,\"title\":\"E\"}]',11,43,91,NULL,0),(21,'[{\"proportion\":20,\"title\":\"Fhjss\"},{\"proportion\":20,\"title\":\"Hsjsm\"},{\"proportion\":20,\"title\":\"Hzzjjzq\"},{\"proportion\":20,\"title\":\"Xjzjkks\"},{\"proportion\":20,\"title\":\"Sjsjj\"}]',46,1,392,NULL,1),(22,'[{\"proportion\":30,\"title\":\"11\"},{\"proportion\":30,\"title\":\"22\"},{\"proportion\":30,\"title\":\"33\"},{\"proportion\":10,\"title\":\"44\"}]',46,6,392,NULL,1),(23,'[{\"proportion\":30,\"title\":\"11\"},{\"proportion\":30,\"title\":\"22\"},{\"proportion\":30,\"title\":\"33\"},{\"proportion\":10,\"title\":\"44\"}]',46,2,392,NULL,1),(24,'[{\"proportion\":20,\"title\":\"VB就就好好\"},{\"proportion\":30,\"title\":\"刚回家姐姐\"},{\"proportion\":30,\"title\":\"听过俊杰\"},{\"proportion\":20,\"title\":\"不能那你牛逼\"}]',47,1,399,NULL,1),(25,'[{\"proportion\":25,\"title\":\"表达\"},{\"proportion\":25,\"title\":\"PPT\"},{\"proportion\":25,\"title\":\"作品\"},{\"proportion\":25,\"title\":\"界面\"}]',58,154,468,NULL,1),(26,'[{\"proportion\":25,\"title\":\"1\"},{\"proportion\":25,\"title\":\"2\"},{\"proportion\":25,\"title\":\"3\"},{\"proportion\":25,\"title\":\"4\"}]',56,154,455,NULL,0),(27,'[{\"proportion\":30,\"title\":\"1\"},{\"proportion\":30,\"title\":\"2\"},{\"proportion\":20,\"title\":\"3\"},{\"proportion\":20,\"title\":\"4\"}]',61,180,475,NULL,1),(28,'[{\"proportion\":30,\"title\":\"1\"},{\"proportion\":30,\"title\":\"2\"},{\"proportion\":30,\"title\":\"3\"},{\"proportion\":10,\"title\":\"4\"}]',66,180,495,NULL,1),(29,'[{\"proportion\":30,\"title\":\"1\"},{\"proportion\":30,\"title\":\"2\"},{\"proportion\":20,\"title\":\"3\"},{\"proportion\":20,\"title\":\"4\"}]',70,180,525,NULL,1),(30,'[{\"proportion\":25,\"title\":\"表达\"},{\"proportion\":25,\"title\":\"内容\"},{\"proportion\":25,\"title\":\"作品\"},{\"proportion\":25,\"title\":\"PPT\"}]',61,177,475,NULL,1),(31,'[{\"proportion\":30,\"title\":\"表达\"},{\"proportion\":30,\"title\":\"内容\"},{\"proportion\":30,\"title\":\"界面\"},{\"proportion\":10,\"title\":\"性能\"}]',66,177,495,NULL,1),(32,'[{\"proportion\":10,\"title\":\"颜值\"},{\"proportion\":10,\"title\":\"技术\"},{\"proportion\":10,\"title\":\"性能\"},{\"proportion\":10,\"title\":\"PPT\"},{\"proportion\":30,\"title\":\"健壮性\"},{\"proportion\":30,\"title\":\"易操作性\"}]',70,177,525,NULL,0),(33,'[{\"proportion\":30,\"title\":\"a\"},{\"proportion\":30,\"title\":\"b\"},{\"proportion\":30,\"title\":\"c\"},{\"proportion\":10,\"title\":\"d\"}]',61,179,475,NULL,1),(34,'[{\"proportion\":30,\"title\":\"a\"},{\"proportion\":30,\"title\":\"b\"},{\"proportion\":20,\"title\":\"c\"},{\"proportion\":20,\"title\":\"d\"}]',66,179,495,NULL,0),(35,'[{\"proportion\":30,\"title\":\"a\"},{\"proportion\":30,\"title\":\"b\"},{\"proportion\":20,\"title\":\"c\"},{\"proportion\":20,\"title\":\"d\"}]',70,179,525,NULL,0),(36,'[{\"proportion\":30,\"title\":\"主持人颜值\"},{\"proportion\":20,\"title\":\"主持人声音\"},{\"proportion\":30,\"title\":\"主持人魅力\"},{\"proportion\":20,\"title\":\"主持人衣品\"}]',61,1,475,NULL,0),(37,'[{\"proportion\":20,\"title\":\"主持人颜值\"},{\"proportion\":20,\"title\":\"主持人口才\"},{\"proportion\":20,\"title\":\"ppt美观度\"},{\"proportion\":20,\"title\":\"主持人情商\"},{\"proportion\":20,\"title\":\"主持人衣品\"}]',66,1,495,NULL,0),(38,'[{\"proportion\":20,\"title\":\"评分项1\"},{\"proportion\":20,\"title\":\"2\"},{\"proportion\":20,\"title\":\"3\"},{\"proportion\":20,\"title\":\"4\"},{\"proportion\":20,\"title\":\"5\"}]',70,1,525,NULL,0);

/*Table structure for table `role` */

DROP TABLE IF EXISTS `role`;

CREATE TABLE `role` (
  `id` int(11) NOT NULL AUTO_INCREMENT,
  `rolename` varchar(64) DEFAULT NULL COMMENT '角色名',
  PRIMARY KEY (`id`)
) ENGINE=InnoDB AUTO_INCREMENT=5 DEFAULT CHARSET=utf8;

/*Data for the table `role` */

insert  into `role`(`id`,`rolename`) values (1,'admin'),(2,'student'),(3,'product'),(4,'teacher');

/*Table structure for table `role_perms` */

DROP TABLE IF EXISTS `role_perms`;

CREATE TABLE `role_perms` (
  `id` int(11) NOT NULL AUTO_INCREMENT,
  `roleid` int(11) DEFAULT NULL COMMENT '角色ID',
  `permsid` int(11) DEFAULT NULL COMMENT '权限ID',
  PRIMARY KEY (`id`),
  KEY `roleid` (`roleid`),
  KEY `permsid` (`permsid`),
  CONSTRAINT `role_perms_ibfk_1` FOREIGN KEY (`roleid`) REFERENCES `role` (`id`) ON DELETE CASCADE ON UPDATE CASCADE,
  CONSTRAINT `role_perms_ibfk_2` FOREIGN KEY (`permsid`) REFERENCES `perms` (`id`) ON DELETE CASCADE ON UPDATE CASCADE
) ENGINE=InnoDB AUTO_INCREMENT=4 DEFAULT CHARSET=utf8;

/*Data for the table `role_perms` */

insert  into `role_perms`(`id`,`roleid`,`permsid`) values (1,1,1),(2,2,3),(3,3,2);

/*Table structure for table `t_perms` */

DROP TABLE IF EXISTS `t_perms`;

CREATE TABLE `t_perms` (
  `id` int(6) NOT NULL AUTO_INCREMENT,
  `name` varchar(80) DEFAULT NULL,
  `url` varchar(255) DEFAULT NULL,
  PRIMARY KEY (`id`)
) ENGINE=InnoDB AUTO_INCREMENT=4 DEFAULT CHARSET=utf8;

/*Data for the table `t_perms` */

insert  into `t_perms`(`id`,`name`,`url`) values (1,'user:*:*',''),(2,'product:*:01',NULL),(3,'order:*:*',NULL);

/*Table structure for table `t_role` */

DROP TABLE IF EXISTS `t_role`;

CREATE TABLE `t_role` (
  `id` int(6) NOT NULL AUTO_INCREMENT,
  `name` varchar(60) DEFAULT NULL,
  PRIMARY KEY (`id`)
) ENGINE=InnoDB AUTO_INCREMENT=4 DEFAULT CHARSET=utf8;

/*Data for the table `t_role` */

insert  into `t_role`(`id`,`name`) values (1,'admin'),(2,'user'),(3,'product');

/*Table structure for table `t_role_perms` */

DROP TABLE IF EXISTS `t_role_perms`;

CREATE TABLE `t_role_perms` (
  `id` int(6) NOT NULL,
  `roleid` int(6) DEFAULT NULL,
  `permsid` int(6) DEFAULT NULL,
  PRIMARY KEY (`id`)
) ENGINE=InnoDB DEFAULT CHARSET=utf8;

/*Data for the table `t_role_perms` */

insert  into `t_role_perms`(`id`,`roleid`,`permsid`) values (1,1,1),(2,1,2),(3,2,1),(4,3,2),(5,1,3);

/*Table structure for table `t_user` */

DROP TABLE IF EXISTS `t_user`;

CREATE TABLE `t_user` (
  `id` int(6) NOT NULL AUTO_INCREMENT,
  `username` varchar(40) DEFAULT NULL,
  `password` varchar(40) DEFAULT NULL,
  `salt` varchar(255) DEFAULT NULL,
  PRIMARY KEY (`id`)
) ENGINE=InnoDB AUTO_INCREMENT=3 DEFAULT CHARSET=utf8;

/*Data for the table `t_user` */

insert  into `t_user`(`id`,`username`,`password`,`salt`) values (1,'xiaochen','24dce55acdcb3b6363c7eacd24e98cb7','28qr0xu%'),(2,'zhangsan','ca9f1c951ce2bfb5669f3723780487ff','IWd1)#or');

/*Table structure for table `t_user_role` */

DROP TABLE IF EXISTS `t_user_role`;

CREATE TABLE `t_user_role` (
  `id` int(6) NOT NULL,
  `userid` int(6) DEFAULT NULL,
  `roleid` int(6) DEFAULT NULL,
  PRIMARY KEY (`id`)
) ENGINE=InnoDB DEFAULT CHARSET=utf8;

/*Data for the table `t_user_role` */

insert  into `t_user_role`(`id`,`userid`,`roleid`) values (1,1,1),(2,2,2),(3,2,3);

/*Table structure for table `task` */

DROP TABLE IF EXISTS `task`;

CREATE TABLE `task` (
  `sys_id` int(11) NOT NULL AUTO_INCREMENT COMMENT '主键',
  `task_name` varchar(255) NOT NULL COMMENT '作业名称',
  `task_content` text NOT NULL COMMENT '作业内容',
  `create_user_id` int(11) NOT NULL COMMENT '创建人id',
  `create_time` datetime NOT NULL COMMENT '创建时间',
  `begine_time` datetime NOT NULL COMMENT '开始时间',
  `deadline` datetime NOT NULL COMMENT '截止日期',
  `make_up_time` datetime NOT NULL COMMENT '补交截止日期',
  `class_id` int(11) NOT NULL COMMENT '任务对应的班级',
  `task_type` varchar(128) NOT NULL COMMENT '作业类型（团队作业，个人作业，）',
  `ratio` double NOT NULL COMMENT '作业分数占总分比重',
  PRIMARY KEY (`sys_id`)
) ENGINE=InnoDB AUTO_INCREMENT=71 DEFAULT CHARSET=utf8;

/*Data for the table `task` */

insert  into `task`(`sys_id`,`task_name`,`task_content`,`create_user_id`,`create_time`,`begine_time`,`deadline`,`make_up_time`,`class_id`,`task_type`,`ratio`) values (1,'团队作业五——站立式会议+alpha冲刺','## 提交规则\r\n\r\n#### 博客提交deadline：截止2021-05-14 23:00\r\n\r\n- 在deadline前交，得实际得分 * 100%；\r\n- 补交：在deadline 后两天内提交视为补交，得实际得分 * 50%；（忘记提交作业和补交扣分一致）\r\n- 缺交：在deadline 之后两天未补交视为博客缺交，分数为0分；\r\n- 作业抄袭：当助教发现两篇博客文字/图片/代码相似度超过50%时，判定两篇博客都为抄袭，分数都为-100%；\r\n- 伪造提交：虽然作业博客没有完成，但是先提交到作业占位置，判定为伪造提交，分数得0分；\r\n\r\n## 格式\r\n\r\n**为了方便其他学校的老师或者助教了解课程实况，请大家在作业开头添加格式描述：**\r\n\r\n| 这个作业属于哪个课程 | <班级的链接>       |\r\n| :------------------- | :----------------- |\r\n| 这个作业要求在哪里   | <作业要求的链接>   |\r\n| 团队名称             | <写上团队名称即可> |\r\n| 这个作业的目标       | <写上具体方面>     |\r\n| 其他参考文献         | ....               |\r\n\r\n## 作业要求\r\n\r\n- 1篇置顶集合随笔。\r\n\r\n  - 在本次任务过程中，团队要有一篇单独的随笔置顶，集中记录下方描述的所有博客链接，方便老师助教查看和统计。\r\n\r\n- **代码规范、冲刺任务与计划**\r\n\r\n  - 冲刺开始前，要求提交一篇关于**团队的代码规范**、**本次冲刺任务与计划**的随笔。代码规范请参考[阿里巴巴Java开发手册终极版v1.3.0](https://files.cnblogs.com/files/han-1034683568/阿里巴巴Java开发手册终极版v1.3.0.pdf)、[华为内部代码规范](https://wenku.baidu.com/view/32ac876a561252d380eb6e40.html)等设计。(25%)【覆盖课程目标1】\r\n\r\n- 10篇冲刺随笔；\r\n\r\n  - 在本次作业时间范围内，安排冲刺十天。每天举行站立式会议，讨论项目**每个成员从昨天站立式会议到现在的进展、存在的问题/遇到的困难、从现在到明天站立式会议的安排**。\r\n  - 要求团队在冲刺的十天内，每天发布一篇随笔，共十篇：（30%）【覆盖课程目标3】\r\n    - 提供当天站立式会议照片一张，发布项目燃尽图；\r\n    - 每个成员描述自己从昨天站立式会议到现在的进展、存在的问题/遇到的困难、从现在到明天站立式会议的安排、心得体会;\r\n\r\n- 1篇测试随笔；\r\n\r\n  - 阅读学习《构建之法》第2章和13章，建立冲刺阶段的测试并行工作。根据不同项目，选择和运用合适的测试工具，并在冲刺过程中逐步展开自动化测试工作。单独发布一篇随笔，描述项目的测试工作安排、测试工具选择和运用、测试用例文档、测试体会、项目测试评述。（10%）【覆盖课程目标3】\r\n\r\n- 1篇冲刺总结随笔；\r\n\r\n  - 发布一篇冲刺总结随笔，描述\r\n\r\n    1）项目预期计划、现实进展（20%）【覆盖课程目标7】\r\n\r\n    2）过程体会、组员分工协作（10%）【覆盖课程目标6】\r\n\r\n    3）在Alpha阶段的工作量比例、下阶段展望（5%）【覆盖课程目标7】\r\n\r\n    > 贡献度表格请使用以下markdown\r\n    >\r\n    > ```\r\n    > 学号 | 工作内容 | 贡献度\r\n    > --|:--:\r\n    > | | | |\r\n    > ```\r\n\r\n- 项目课堂演示、答辩\r\n\r\n  - 制作答辩PPT\r\n  - 自行设计评审表，以腾讯共享文档的形式\r\n\r\n## 评分标准\r\n\r\n1）答辩得分（与之前计分规则一致）= 其他组打分总和/(总组数-1)`*`0.25+助教打分总和/(助教人数)`*`0.35+老师打分总和/(老师人数)`*`0.40\r\n2）博客得分 = 75（随笔） + 25（代码规范、冲刺任务与计划）\r\n3）这次作业得分 = 答辩得分`*`60% + 博客得分`*`40%',2,'2021-04-25 09:00:42','2021-04-25 09:01:02','2021-05-14 09:01:24','2021-05-16 09:03:05',1,'团队作业',0.05),(2,'团队作业十--站立式会议+alpha冲刺','test',2,'2021-02-20 00:00:00','2021-02-20 00:00:00','2021-02-20 00:00:00','2021-02-20 00:00:00',1,'团队作业',0.05),(5,'团队作业六——站立式会议+alpha冲刺','## 提交规则  #### 博客提交deadline：截止2021-05-14 23:00  - 在deadline前交，得实际得分 * 100%； - 补交：在deadline 后两天内提交视为补交，得实际得分 * 50%；（忘记提交作业和补交扣分一致） - 缺交：在deadline 之后两天未补交视为博客缺交，分数为0分； - 作业抄袭：当助教发现两篇博客文字/图片/代码相似度超过50%时，判定两篇博客都为抄袭，分数都为-100%； - 伪造提交：虽然作业博客没有完成，但是先提交到作业占位置，判定为伪造提交，分数得0分；  ## 格式  **为了方便其他学校的老师或者助教了解课程实况，请大家在作业开头添加格式描述：**  | 这个作业属于哪个课程 | <班级的链接>       | | :------------------- | :----------------- | | 这个作业要求在哪里   | <作业要求的链接>   | | 团队名称             | <写上团队名称即可> | | 这个作业的目标       | <写上具体方面>     | | 其他参考文献         | ....               |  ## 作业要求  - 1篇置顶集合随笔。    - 在本次任务过程中，团队要有一篇单独的随笔置顶，集中记录下方描述的所有博客链接，方便老师助教查看和统计。  - **代码规范、冲刺任务与计划**    - 冲刺开始前，要求提交一篇关于**团队的代码规范**、**本次冲刺任务与计划**的随笔。代码规范请参考[阿里巴巴Java开发手册终极版v1.3.0](https://files.cnblogs.com/files/han-1034683568/阿里巴巴Java开发手册终极版v1.3.0.pdf)、[华为内部代码规范](https://wenku.baidu.com/view/32ac876a561252d380eb6e40.html)等设计。(25%)【覆盖课程目标1】  - 10篇冲刺随笔；    - 在本次作业时间范围内，安排冲刺十天。每天举行站立式会议，讨论项目**每个成员从昨天站立式会议到现在的进展、存在的问题/遇到的困难、从现在到明天站立式会议的安排**。   - 要求团队在冲刺的十天内，每天发布一篇随笔，共十篇：（30%）【覆盖课程目标3】     - 提供',2,'2021-04-29 15:22:45','2021-04-25 09:00:42','2021-04-25 09:01:02','2021-04-25 09:01:02',1,'团队作业',0.05),(10,'个人作业一——站立式会议+alpha冲刺','## 提交规则  #### 博客提交deadline：截止2021-05-14 23:00  - 在deadline前交，得实际得分 * 100%； - 补交：在deadline 后两天内提交视为补交，得实际得分 * 50%；（忘记提交作业和补交扣分一致） - 缺交：在deadline 之后两天未补交视为博客缺交，分数为0分； - 作业抄袭：当助教发现两篇博客文字/图片/代码相似度超过50%时，判定两篇博客都为抄袭，分数都为-100%； - 伪造提交：虽然作业博客没有完成，但是先提交到作业占位置，判定为伪造提交，分数得0分；  ## 格式  **为了方便其他学校的老师或者助教了解课程实况，请大家在作业开头添加格式描述：**  | 这个作业属于哪个课程 | <班级的链接>       | | :------------------- | :----------------- | | 这个作业要求在哪里   | <作业要求的链接>   | | 团队名称             | <写上团队名称即可> | | 这个作业的目标       | <写上具体方面>     | | 其他参考文献         | ....               |  ## 作业要求  - 1篇置顶集合随笔。    - 在本次任务过程中，团队要有一篇单独的随笔置顶，集中记录下方描述的所有博客链接，方便老师助教查看和统计。  - **代码规范、冲刺任务与计划**    - 冲刺开始前，要求提交一篇关于**团队的代码规范**、**本次冲刺任务与计划**的随笔。代码规范请参考[阿里巴巴Java开发手册终极版v1.3.0](https://files.cnblogs.com/files/han-1034683568/阿里巴巴Java开发手册终极版v1.3.0.pdf)、[华为内部代码规范](https://wenku.baidu.com/view/32ac876a561252d380eb6e40.html)等设计。(25%)【覆盖课程目标1】  - 10篇冲刺随笔；    - 在本次作业时间范围内，安排冲刺十天。每天举行站立式会议，讨论项目**每个成员从昨天站立式会议到现在的进展、存在的问题/遇到的困难、从现在到明天站立式会议的安排**。   - 要求团队在冲刺的十天内，每天发布一篇随笔，共十篇：（30%）【覆盖课程目标3】     - 提供',2,'2021-05-06 23:12:52','2021-04-25 09:00:42','2021-04-25 09:01:02','2021-04-25 09:01:02',1,'个人作业',0.05),(11,'个人作业二——站立式会议+alpha冲刺','## 提交规则  #### 博客提交deadline：截止2021-05-14 23:00  - 在deadline前交，得实际得分 * 100%； - 补交：在deadline 后两天内提交视为补交，得实际得分 * 50%；（忘记提交作业和补交扣分一致） - 缺交：在deadline 之后两天未补交视为博客缺交，分数为0分； - 作业抄袭：当助教发现两篇博客文字/图片/代码相似度超过50%时，判定两篇博客都为抄袭，分数都为-100%； - 伪造提交：虽然作业博客没有完成，但是先提交到作业占位置，判定为伪造提交，分数得0分；  ## 格式  **为了方便其他学校的老师或者助教了解课程实况，请大家在作业开头添加格式描述：**  | 这个作业属于哪个课程 | <班级的链接>       | | :------------------- | :----------------- | | 这个作业要求在哪里   | <作业要求的链接>   | | 团队名称             | <写上团队名称即可> | | 这个作业的目标       | <写上具体方面>     | | 其他参考文献         | ....               |  ## 作业要求  - 1篇置顶集合随笔。    - 在本次任务过程中，团队要有一篇单独的随笔置顶，集中记录下方描述的所有博客链接，方便老师助教查看和统计。  - **代码规范、冲刺任务与计划**    - 冲刺开始前，要求提交一篇关于**团队的代码规范**、**本次冲刺任务与计划**的随笔。代码规范请参考[阿里巴巴Java开发手册终极版v1.3.0](https://files.cnblogs.com/files/han-1034683568/阿里巴巴Java开发手册终极版v1.3.0.pdf)、[华为内部代码规范](https://wenku.baidu.com/view/32ac876a561252d380eb6e40.html)等设计。(25%)【覆盖课程目标1】  - 10篇冲刺随笔；    - 在本次作业时间范围内，安排冲刺十天。每天举行站立式会议，讨论项目**每个成员从昨天站立式会议到现在的进展、存在的问题/遇到的困难、从现在到明天站立式会议的安排**。   - 要求团队在冲刺的十天内，每天发布一篇随笔，共十篇：（30%）【覆盖课程目标3】     - 提供',2,'2021-05-06 23:35:11','2021-04-25 09:00:42','2021-04-25 09:01:02','2021-04-25 09:01:02',1,'个人作业',0.05),(12,'个人作业五——站立式会议+alpha冲刺','## 提交规则  #### 博客提交deadline：截止2021-05-14 23:00  - 在deadline前交，得实际得分 * 100%； - 补交：在deadline 后两天内提交视为补交，得实际得分 * 50%；（忘记提交作业和补交扣分一致） - 缺交：在deadline 之后两天未补交视为博客缺交，分数为0分； - 作业抄袭：当助教发现两篇博客文字/图片/代码相似度超过50%时，判定两篇博客都为抄袭，分数都为-100%； - 伪造提交：虽然作业博客没有完成，但是先提交到作业占位置，判定为伪造提交，分数得0分；  ## 格式  **为了方便其他学校的老师或者助教了解课程实况，请大家在作业开头添加格式描述：**  | 这个作业属于哪个课程 | <班级的链接>       | | :------------------- | :----------------- | | 这个作业要求在哪里   | <作业要求的链接>   | | 团队名称             | <写上团队名称即可> | | 这个作业的目标       | <写上具体方面>     | | 其他参考文献         | ....               |  ## 作业要求  - 1篇置顶集合随笔。    - 在本次任务过程中，团队要有一篇单独的随笔置顶，集中记录下方描述的所有博客链接，方便老师助教查看和统计。  - **代码规范、冲刺任务与计划**    - 冲刺开始前，要求提交一篇关于**团队的代码规范**、**本次冲刺任务与计划**的随笔。代码规范请参考[阿里巴巴Java开发手册终极版v1.3.0](https://files.cnblogs.com/files/han-1034683568/阿里巴巴Java开发手册终极版v1.3.0.pdf)、[华为内部代码规范](https://wenku.baidu.com/view/32ac876a561252d380eb6e40.html)等设计。(25%)【覆盖课程目标1】  - 10篇冲刺随笔；    - 在本次作业时间范围内，安排冲刺十天。每天举行站立式会议，讨论项目**每个成员从昨天站立式会议到现在的进展、存在的问题/遇到的困难、从现在到明天站立式会议的安排**。   - 要求团队在冲刺的十天内，每天发布一篇随笔，共十篇：（30%）【覆盖课程目标3】     - 提供',2,'2021-05-12 19:57:23','2021-04-25 09:00:42','2021-04-25 09:01:02','2021-04-25 09:01:02',1,'个人作业',0.05),(14,'软工实践寒假作业（1/2） [已截止]','# 软工实践寒假作业（1/2） [已截止]\r\n\r\n[kofyou](https://www.cnblogs.com/kofyou/) 发布于 2020-01-23 16:00 ，截止时间 2020-02-08 23:00\r\n老师：[梦想的勇气](https://www.cnblogs.com/fzuedu/)，助教：[kofyou](https://www.cnblogs.com/kofyou/)、[chenyuu](https://www.cnblogs.com/chenyuu/)\r\n\r\n------\r\n\r\n**更新：**\r\n\r\n1. 可以将思维导图和6个月的学习计划路线图一起绘制，也可以分开成两张图，但是不要遗漏6个月学习计划路线图。\r\n\r\n------\r\n\r\n# 寒假作业（1/2）\r\n\r\n### 欢迎来到软件工程实践！！在这里给大家拜个早年，祝大家鼠年顺顺利利，心想事成！\r\n\r\n### 虽然寒假时光很美好，但也请大家在学习上不要松懈，合理利用寒假时间提高自己，为将来的工作/考研做好准备！\r\n\r\n以下是寒假第一次作业要求：\r\n\r\ndeadline:2020年 2月6日23:00\r\n\r\n## 1、建立博客\r\n\r\n博客园是国内自由化程度最高的博客平台，这里有许多技术大牛和各个高校的学生老师；加入博客园，开始学会怎么写博客，是软工实践的第一步，\r\n\r\n- 1.1 请在www.cnblogs.com博客园上注册并申请开设博客\r\n- 1.2 点击微信群的班级邀请链接加入博客园班级\r\n- 1.3 关注老师和助教的博客：\r\n  - 班级链接：https://edu.cnblogs.com/campus/fzu/2020SPRINGS\r\n  - 单老师：https://www.cnblogs.com/fzuedu/\r\n  - 陈助教：https://www.cnblogs.com/chenyuu/\r\n  - 徐助教：https://www.cnblogs.com/kofyou/\r\n  - 邹欣老师博客：http://www.cnblogs.com/xinz/\r\n- 1.4 羡慕别人酷炫的自定义博客吗？尝试一下diy你的博客？【参考附录教程】\r\n- 1.5 在整个学期的博客撰写中，markdown都是我们必须使用到的文本语法，请先学习相关教程，使用markdown完成本次作业 【参考附录教程】\r\n\r\n## 2、回顾，我的初心\r\n\r\n时间荏苒，一下就到了大三下学期，请回想你的当初，撰写博客并回答以下问题：\r\n\r\n- 2.1 当初为什么报 软件工程 这个专业？\r\n- 2.2 当初对 软件工程 这个专业的期待和想象是什么？\r\n- 2.3 当初希望自己是如何投入这个专业的学习的？曾经做过什么准备，或者立下过什么FLAG吗？\r\n\r\n## 3、当下和未来\r\n\r\n转眼已经大三，下一个暑假就要开始实习、找工作或考研了，之后就将进入毕业季。回顾总结你在软件工程专业前两年半的学习经历和项目技能等，写一篇你自己的简历。（以你觉得合适的简历模板的形式，在博客用markdown排版呈现。）要求如下：\r\n\r\n- 3.1 姓名/昵称、照片/头像、兴趣爱好、特长等个人展示部分（可以隐藏真实姓名）\r\n- 3.2 当前值：展示截止目前你的真实水平：\r\n  - 掌握的编程语言\r\n  - 掌握的开发软件\r\n  - 掌握的技术框架\r\n  - 累计代码量\r\n  - 开发过的最大的项目简介\r\n  - 拥有的工程能力\r\n  - 成果和获奖经历\r\n- 3.3 目标\r\n  专业相关的技术（前端、后端、平台、语言、框架、工具、软件、研究方向 都可以），仅列出一个即可。\r\n- 3.4 预期值： 这门课程结束后，你预期你将增长的：\r\n  - 工程能力\r\n  - 技术、技能\r\n\r\n## 4、学习路线\r\n\r\n在3.3中，你提到了你最想学习的技术，那么请为你的学习目标绘制你的学习路线图，要求如下：\r\n\r\n- 4.1 绘制思维导图，包括但不限于以下内容：学习这门技术需要的精选的书本和网络资源、这个技术的方向和分支、入门掌握精通的学习路线图、入门掌握精通的三阶标准、 对应的岗位或应用研究方向的趋势了解和分析、采用思维导图的形式，\r\n- 4.2 采用专业的思维导图软件，建议可以是：MindManager、XMind、iMindMap、FreeMind、Mindomo、MindNode……等等之一。推荐免费的Xmind。\r\n- 4.3 绘制路线图规划学习的时间计划，以寒假+下个学期，即**6个月**为周期，描述6个月内你打算学习这项技术的规划安排。\r\n- 4.4 路线图用思维导图软件绘制后导出的图片\r\n\r\n严禁直接COPY或抄袭现成的某个技术的路线图。路线图可以参考现有的，但必须博采众家之长，并有你自己的心血凝结其中。你绘制的路选图，从绘制到内容呈现，整体上必须是原创的。\r\n\r\n> 附：上学期同学绘制的精美的学习路线图：\r\n\r\n![img](https://img2018.cnblogs.com/blog/1507771/202001/1507771-20200119212727659-77533651.jpg)\r\n\r\n[源链接1](https://www.cnblogs.com/Martrix-revolution/p/11509629.html)\r\n\r\n![img](https://img2018.cnblogs.com/blog/1507771/202001/1507771-20200119212750885-1661043981.jpg)\r\n\r\n[源链接2](https://www.cnblogs.com/xbrucken/p/11518114.html)\r\n\r\n------\r\n\r\n## 作业评分项和评分规则 【覆盖课程目标1】\r\n\r\n1. 博客排版【15%】：是否采用markdown排版，排版是否整齐，博客是否美观大方\r\n2. 【2、回顾，我的初心】三个问题【25%】：回答具体，不笼统，图文兼备\r\n3. 【3、当下和未来】简历【25%】：排版整齐，描述具体，不笼统\r\n4. 【4、学习路线】【35%】：思维导图攘括（学习这门技术需要的精选的书本和网络资源、这个技术的方向和分支、入门掌握精通的学习路线图、入门掌握精通的三阶标准、 对应的岗位或应用研究方向的趋势了解和分析），路线图规划学习计划，思维导图和路线图绘制整齐美观\r\n\r\n------\r\n\r\n# 附录教程\r\n\r\n1. [DIY博客——修改博客园模板样式](https://www.cnblogs.com/minong/p/9610080.html)\r\n2. [DIY博客——申请JS权限](https://www.cnblogs.com/hszstudypy/p/11137170.html)\r\n3. [DIY博客——博客园美化教程大集合——极致个性化你的专属博客](https://www.cnblogs.com/shwee/p/9060226.html)\r\n4. [DIY博客——博客园美化教程第二篇----极致个性化你的专属博客（为博客添加背景音乐插件，调整页面布局等）](https://www.cnblogs.com/shwee/p/9084535.html)\r\n5. [markdown教程](https://www.jianshu.com/p/335db5716248)\r\n6. [markdown教程](https://www.runoob.com/markdown/md-tutorial.html)\r\n7. 在线编写Markdown（很方便）：[作业部落](https://www.zybuluo.com/)\r\n8. PC端编写Markdown（很方便）：国产编辑器：HbuliderX，或者vs code markdown插件/idea markdown插件\r\n9. [Xmind绘制思维导图教程](https://www.jianshu.com/p/698b27559fc1)\r\n\r\n------\r\n\r\n# 规则&格式\r\n\r\n#### 1、为了方便其他学校的老师或者助教了解课程实况，请大家在作业开头添加格式描述：（必做）\r\n\r\n| 这个作业属于哪个课程 | <班级的链接>     |\r\n| :------------------- | :--------------- |\r\n| 这个作业要求在哪里   | <作业要求的链接> |\r\n| 这个作业的目标       | <写上具体方面>   |\r\n| 作业正文             | ....             |\r\n| 其他参考文献         | ...              |\r\n\r\nmarkdown代码\r\n\r\n```\r\n|这个作业属于哪个课程|<班级的链接>|\r\n|--    |--    |\r\n|这个作业要求在哪里|<作业要求的链接>|\r\n|这个作业的目标|<写上具体方面>|\r\n|作业正文|....    |\r\n|其他参考文献|...    |\r\n```\r\n\r\n#### 2、提交规则\r\n\r\n- 以班级作业页面的提交时间为准\r\n- 在deadline前交，得实际得分 * 100%；\r\n- 补交：在deadline 后两天内提交视为补交，得实际得分 * 50%；\r\n- 缺交：在deadline 之后两天未补交视为博客缺交，分数为0分；\r\n\r\n（写了但是忘记提交作业和补交扣分一致）\r\n\r\n#### 3、计分规则\r\n\r\n每次作业的基准分为100分，根据作业难度会对作业的实际分数进行换算，\r\n比如：\r\n\r\n```\r\n对同一次作业，统计得分时为满分100分，换算权重为25%\r\n\r\n\r\n小李此次作业得分85分，作业在deadline前提交，那么他的实际得分为85*100%*25% = 21.25\r\n\r\n\r\n小张此次作业得分85分，并是在deadline后的两天内补交，那么实际得分为85*50%*25% = 10.625\r\n\r\n\r\n小王在作业deadline两天后还未补交，作业提交已经关闭，此次作业得0分\r\n\r\n\r\n...\r\n```\r\n\r\n#### 4、其它规则\r\n\r\n- 作业抄袭：当助教发现两篇博客文字/图片/代码相似度超过50%时，判定两篇博客都为抄袭，分数都为-100%；\r\n- 伪造提交：虽然作业博客没有完成，但是先提交到作业占位置，判定为伪造提交，分数得0分；\r\n- 微信班级群如果发布相关通知也是作业要求一部分，请及时查看群通知；\r\n- 若需要在微信群填写相关信息，未能在deadline之前完成填写的，扣实际得分的50%；\r\n- 如对作业存在疑问，请在deadline之前三天在班级群提出；\r\n- 若助教对作业要求有修改，会在群内公告，请务必查看并按新的要求完善作业；\r\n\r\n------\r\n\r\n本次作业内容、附录教程和规则格式由软工实践W班乐助教组织编辑：https://www.cnblogs.com/hengyumo/',44,'2021-05-13 22:14:03','2021-05-13 00:00:00','2021-05-13 00:00:00','2021-05-23 00:00:00',1,'个人作业',0.12),(15,'软工实践寒假作业（2/2）','# 软工实践寒假作业（2/2） [已截止]\r\n\r\n[kofyou](https://www.cnblogs.com/kofyou/) 发布于 2020-02-07 23:00 ，截止时间 2020-02-23 23:00\r\n老师：[梦想的勇气](https://www.cnblogs.com/fzuedu/)，助教：[kofyou](https://www.cnblogs.com/kofyou/)、[chenyuu](https://www.cnblogs.com/chenyuu/)\r\n\r\n------\r\n\r\n# 更新\r\n\r\n这里是W班乐助教和同学的交流，特别注意编码、省份排序、参数含义、文件读写等问题，会影响你的程序评分。请查看：\r\n【腾讯文档】FAQ\r\nhttps://docs.qq.com/doc/DT2hndHZ2b0VtZ2R2\r\n\r\n有更多问题可以在群里或者这个作业界面提出来，会更新到FAQ文档里面\r\n\r\n# 寒假第二次作业-疫情统计\r\n\r\n最近新型冠状病毒疫情严重，全国人民都感到担忧，迫切希望能够及时了解到病毒最新的情况，作为IT学子，大家请你帮忙开发一个疫情统计程序。\r\n\r\n## 一、前置要求\r\n\r\n### 1、github初使用\r\n\r\n为了保证你的代码能够帮助更多的人，并且能得到有效的管理和开源共享，请先学习github使用：\r\n\r\n1. 注册github账号，在博客中提供github链接\r\n2. 下载Git和Github Desktop\r\n3. 学习基础Git命令、Github Desktop使用，参考[附录教程[1\\]](https://edu.cnblogs.com/campus/fzu/2020SPRINGS/homework/10287#1)\r\n4. 本次作业采用github，fork项目示例结构到自己的仓库，完成基本需求，并至少进行10次以上的commit修改，并将最终程序以pr的方式提交到主仓库\r\n5. 对于非仓库要求的代码，如编译器生成的项目文件、输出文件、class、jar包、exe等，应该使用.gitignore进行忽略，并确保不会提交到github上，参考[附录教程[2\\]](https://edu.cnblogs.com/campus/fzu/2020SPRINGS/homework/10287#2)\r\n\r\n### 2、代码规范制定\r\n\r\n为了其他同仁可以轻松的阅读你的代码，请制定属于你的代码规范，要求不能偏离主流代码规范：\r\n\r\n请参照[《码出高效_阿里巴巴Java开发手册》](https://github.com/chjw8016/alibaba-java-style-guide)/[《腾讯c++代码规范》](https://files-cdn.cnblogs.com/files/juking/腾讯Cplusplus编码规范.pdf)/[《Python PEP8》](https://www.python.org/dev/peps/pep-0008/)，从以下几个角度制定你的编程规范，并撰写成markdown文件，请牢记你制定的编码规范，并在此次作业中严格执行\r\n\r\n- 缩进\r\n- 变量命名\r\n- 每行最多字符数\r\n- 函数最大行数\r\n- 函数、类命名\r\n- 常量\r\n- 空行规则\r\n- 注释规则\r\n- 操作符前后空格\r\n- 其他规则\r\n\r\n## 二、疫情统计程序的需求文档\r\n\r\n### 1、日志文本\r\n\r\n假设有一家统计网站**每天**都会提供**一个**对应的日志文本，记录国内各省前一天的感染情况，如它2020-01-23发布的日志文本可能长这样：\r\n\r\n```\r\n福建 新增 感染患者 23人\r\n福建 新增 疑似患者 2人\r\n浙江 感染患者 流入 福建 12人\r\n湖北 疑似患者 流入 福建 2人\r\n安徽 死亡 2人\r\n新疆 治愈 3人\r\n福建 疑似患者 确诊感染 2人\r\n新疆 排除 疑似患者 5人\r\n// 该文档并非真实数据，仅供测试使用\r\n```\r\n\r\n该日志中出现以下几种情况：\r\n1、<省> 新增 感染患者 n人\r\n2、<省> 新增 疑似患者 n人\r\n3、<省1> 感染患者 流入 <省2> n人\r\n4、<省1> 疑似患者 流入 <省2> n人\r\n5、<省> 死亡 n人\r\n6、<省> 治愈 n人\r\n7、<省> 疑似患者 确诊感染 n人\r\n8、<省> 排除 疑似患者 n人\r\nPS：\r\n\r\n- 日志中各种情况的出现顺序不定，省出现的顺序不定，出现哪些省不定，省出现几次不定。\r\n- 该日志文件的命名遵守对应的规范： `年-月-日.log.txt` ，如`2020-01-22.log.txt`。\r\n- 文件日期并不一定连续，若某天的日志缺失，默认为该天的情况没有变化。认为日志最早一天的前一天不存在任何感染情况(从最早的日志开始从0开始统计)。如只提供`2020-01-23，2020-01-25`则可认为`2020-01-24`增长变化都为0。`-date`不会提供在日志最晚一天后的日期，若提供应给与`日期超出范围`错误提示。\r\n\r\n现在请你撰写程序，**读取传入的log目录下的所有日志**，来实现**需求**\r\n\r\n```\r\n  ...\\\r\n      \\--log\r\n        \\--2020-01-22.log.txt\r\n        \\--2020-01-23.log.txt\r\n```\r\n\r\n### 2、需求\r\n\r\n需要你的程序能够列出全国和各省在某日的感染情况\r\n\r\n命令行（win+r cmd）cd到项目src下，之后输入命令：\r\n\r\n```\r\n$ java InfectStatistic list -date 2020-01-22 -log D:/log/ -out D:/output.txt\r\n```\r\n\r\n会读取D:/log/下的所有日志，然后处理日志和命令，在D盘下生成ouput.txt文件列出2020-01-22全国和所有省的情况（全国总是排第一个，别的省按拼音先后排序）\r\n\r\n```\r\n全国 感染患者22人 疑似患者25人 治愈10人 死亡2人\r\n福建 感染患者2人 疑似患者5人 治愈0人 死亡0人\r\n浙江 感染患者3人 疑似患者5人 治愈2人 死亡1人\r\n// 该文档并非真实数据，仅供测试使用\r\n```\r\n\r\nlist命令 支持以下命令行参数：\r\n\r\n- `-log` 指定日志目录的位置，该项**必会附带**，请直接使用传入的路径，而不是自己设置路径\r\n- `-out` 指定输出文件路径和文件名，该项**必会附带**，请直接使用传入的路径，而不是自己设置路径\r\n- `-date` 指定日期，不设置则默认为所提供日志最新的一天。你需要确保你处理了指定日期以及之前的所有log文件\r\n- `-type` 可选择[ip： infection patients 感染患者，sp： suspected patients 疑似患者，cure：治愈 ，dead：死亡患者]，使用缩写选择，如 `-type ip` 表示只列出感染患者的情况，`-type sp cure`则会按顺序【sp, cure】列出疑似患者和治愈患者的情况，不指定该项默认会列出所有情况。\r\n- `-province` 指定列出的省，如`-province 福建`，则只列出福建，`-province 全国 浙江`则只会列出全国、浙江\r\n\r\n注：java InfectStatistic表示执行主类InfectStatistic，list为**命令**，-date代表该命令附带的**参数**，-date后边跟着具体的**参数值**，如`2020-01-22`。-type 的多个参数值会用空格分离，每个命令参数都在上方给出了描述，每个命令都会携带一到多个命令参数\r\n\r\n## 三、编码说明\r\n\r\n作业的**主仓库**：https://github.com/kofyou/InfectStatistic-main\r\n主仓库内含**示例项目结构**\r\n\r\n### 1、编码要求\r\n\r\n1. 这次作业重点考察需求的分析\r\n   - 请在正式编写程序之前先理清需求文档\r\n   - 请在理清需求文档后先设计好程序模块、类图、数据结构、算法流程等部分\r\n   - 如果你对需求有不明白的地方可以在作业底部评论提问\r\n2. 代码的风格要符合你制定的代码规范\r\n3. 学习单元测试的基础理论和相应技术，并在此次作业中使用，至少测试10个测试用例，在博客中截图描述。参考[附录教程[3\\]](https://edu.cnblogs.com/campus/fzu/2020SPRINGS/homework/10287#3)\r\n4. 对你的程序进行测试的覆盖率分析和性能分析，并尝试进行优化，在博客中截图描述你的优化过程\r\n5. 项目结构**要求符合以下结构**\r\n\r\n```\r\n221700xxx（目录名为学号）\r\n  \\--src\r\n    \\--InfectStatistic.java\r\n    \\--Lib.java\r\n    src下源代码【仅】允许包括这两个文件，Lib可以为空但必须存在，【其他语言可以修改后缀】，但确保文件名一致、区分大小写\r\n  \\--README.md\r\n    描述你的项目，包括如何运行、功能简介、作业链接、博客链接等\r\n  \\--codestyle.md\r\n    描述你之前定的代码风格\r\n```\r\n\r\n### 2、程序提交流程\r\n\r\n1. star主仓库，这样你能在你的star列表找到该仓库，fork主仓库到你的仓库，在根目录新建目录，目录名为你的学号\r\n2. 复制example下的目录结构到你新建的目录下：\r\n   - 如果你使用c/c++或python，修改src下的文件后缀和文件内容对应到你使用的语言\r\n   - src下源代码【仅】允许包括这`InfectStatistic、Lib`两个文件，Lib可以为空但必须存在，【c/c++或python可以修改后缀】，但确保文件名一致、区分大小写\r\n3. 语言支持：\r\n   - Java：Java8，推荐使用Java开发\r\n   - c/c++：gcc/g++ 6.3，将`java InfectStatistic`替换为`InfectStatistic.exe`\r\n   - python：3.7，将`java InfectStatistic`替换为`python InfectStatistic.py`\r\n   - 换行使用\'\\n\'，编码统一使用UTF-8\r\n   - 仅允许使用语言自带的库，不允许使用第三方库\r\n4. 请勿修改example下的文件\r\n5. example/result下提供了三个测试用例的标准输出，对应的命令在文件尾部提供了，即对example/log下的日志，输入对应的命令应该会是相应的输出。\r\n6. 为了使测试文件和输出文件不产生诱导性，要在日志文件/输出文件末尾加上`// 该文档并非真实数据，仅供测试使用`，建议读取日志时直接忽略以`//`开始的行\r\n7. **除了示例仓库的给出的文件，其它自己产生的文件都应该在`.gitignore`忽略**，如编译器生成的项目文件、输出文件、class、jar包、exe等\r\n8. 代码每有更新就可以进行commit签入、push到github，至少进行10次以上的commit签入，并**在规定deadline前**将最终程序以pr的方式提交到主仓库\r\n\r\n### 3、抄袭检查\r\n\r\n此次作业会助教会检查commit签入记录是否合理、并进行代码查重，如发现两份代码相似度过高，则后一个在仓库提交的作业此次作业强制负分！并在微信群点名！\r\n\r\n## 四、博客撰写要求\r\n\r\n1. 在文章开头给出**Github仓库地址**。\r\n2. 阅读《构建之法》第一章至第三章的内容，并在下方作业里体现出阅读后的成果。特别是第2章中的效能分析及个人软件开发流程（PSP）。之后给出此次作业的**PSP表格**。参考[附录教程[4\\]](https://edu.cnblogs.com/campus/fzu/2020SPRINGS/homework/10287#4)\r\n3. 解题**思路描述**。即刚开始拿到题目后，如何思考，如何找资料的过程。\r\n4. 设计实现过程。设计包括代码如何组织，关键函数的流程图。\r\n5. 代码说明。展示出项目**关键代码**，并**解释思路**。\r\n6. 单元测试截图和描述。\r\n7. 单元测试覆盖率优化和性能测试，性能优化截图和描述。\r\n8. 给出你的代码规范的链接，即你的仓库中的codestyle.md\r\n9. 结合在构建之法中学习到的相关内容，撰写解决项目的**心路历程与收获**。\r\n10. 在github上寻找你在第一次作业中技术路线图相关的5个仓库，star并fork，在博客中提供名称、链接、简介（简介30字左右）\r\n\r\n## 五、作业评分项和评分规则\r\n\r\n本次作业总分100分\r\n\r\n- 博客 30分\r\n  1. 博客排版【3%】：是否采用markdown排版，排版是否整齐，博客是否美观大方。【覆盖课程目标1】\r\n  2. PSP表格【3%】：要求符合真实情况，夸张虚构不合理会得0分。【覆盖课程目标1】\r\n  3. 解题思路描述【3%】：不笼统，图文兼备。【覆盖课程目标2】\r\n  4. 设计实现过程【3%】：设计合理，易扩展，有容错性；提供模块结构图、流程图。【覆盖课程目标2】\r\n  5. 代码说明【3%】：展示出项目关键代码，并解释思路。【覆盖课程目标3】\r\n  6. 单元测试截图和描述【3%】：截图单元测试代码、运行结果。体现测试用例多于10个。【覆盖课程目标3】\r\n  7. 单元测试覆盖率优化和性能测试，性能优化截图和描述【3%】：体现优化过程，性能测试过程。【覆盖课程目标1】\r\n  8. git仓库链接、代码规范链接【3%】【覆盖课程目标1】\r\n  9. 心路历程和收获【3%】：不笼统，有意义，图文兼备【覆盖课程目标2】\r\n  10. 技术路线图相关的5个仓库【3%】：提供五个仓库的名称、链接、简介（简介30字左右）\r\n- 代码规范 20分【覆盖课程目标1】\r\n  1. 囊括要求部分【5%】\r\n  2. 符合主流，制定合理，详细【5%】\r\n  3. 项目代码符合代码规范【10%】\r\n- github使用 10分【覆盖课程目标1】\r\n  1. commit 多于10次，并且签入时间合理【5%】\r\n  2. 使用release、issues、pr等其它功能【5%】\r\n- 程序评测 40分【覆盖课程目标3】\r\n  1. 基础list命令【15%】：仅仅携带-log、-out参数\r\n  2. 结合命令参数的其余10个测试用例【25%】：-date、-province、-type三个参数组合\r\n\r\n# 附录：仅供参考，请仔细甄别；也请自行搜索获取更多知识\r\n\r\n------\r\n\r\n### [1]. Github\r\n\r\n请阅读邹欣老师的博客：[源代码管理](https://www.cnblogs.com/xinz/p/5044037.html)，了解源代码管理的10个实践问题。\r\n本次作业要求使用Github进行源代码管理，代码有进展即签入Github。签入记录不合理的项目会被助教抽查询问项目细节。\r\n对代码签入的具体要求如下：根据需求划分功能后，每做完一个功能，编译成功后，应至少commit一次。具体的功能划分，请自行定义，并在撰写博客时体现出来，遵循自己对需求的功能划分来提交代码即可。\r\n对Commit不是很熟悉的话，请阅读阮一峰的博客：[Commit message 和 Change log 编写指南](http://www.ruanyifeng.com/blog/2016/01/commit_message_change_log.html)，了解更多细节。\r\n杨助教提供的github简单教程：https://www.cnblogs.com/jhy16193335/p/11477334.html\r\n.gitignore配置语法完全版：https://blog.csdn.net/le_17_4_6/article/details/92789993\r\n助教提供的gitDesktop、多人协作教程：https://blog.csdn.net/le_17_4_6/article/details/86560878\r\n\r\n本次作业将使用到的fork/commit/pull request：\r\n[github fork 与pull request](https://blog.csdn.net/benben0729/article/details/83031135)\r\n[github中fork分支和pullrequest的最佳实践](https://www.cnblogs.com/yangwen0228/p/6747483.html?utm_source=itdadao&utm_medium=referral)\r\n[GitHub Pull Request入门](https://zhuanlan.zhihu.com/p/51199833)\r\n\r\n------\r\n\r\n### [2].gitignore\r\n\r\n[.gitignore配置语法完全版](https://blog.csdn.net/le_17_4_6/article/details/92789993)\r\n\r\n------\r\n\r\n### [3]. 单元测试，性能分析\r\n\r\n请根据自己以往积累的测试经验，在编码完成之后，提交产品之前，设计测试用例，并编写单元测试，对自己的项目进行测试。\r\n首先，至少应采用白盒测试用例设计方法来设计测试用例，其他测试方法不限。其次，要设计至少10个测试用例，确保你的程序能够正确处理各种情况。最后，结合测试评估的要求，对自己的测试设计进行评价，这些测试用例能满足该程序测试的要求吗？\r\n另一个重要的措施是要把单元测试自动化，这样每个人都能很容易地运行它，并且可以使单元测试每天都运行。每个人都可以随时在自己的机器上运行。团队一般是在每日构建中运行单元测试的，这样每个单元测试的错误就能及时被发现并得到修改。\r\n推荐阅读邹欣老师的博客：[关于单元测试和回归测试](https://www.cnblogs.com/xinz/archive/2011/11/20/2255830.html)\r\n\r\nc++可以使用vs2017。对于博客任务中的单元测试、性能分析(Studio Profiling Tools)，vs2017有相应的功能。\r\njava可以使用idea。也可以自行查找使用其他工具。\r\n\r\n------\r\n\r\n### [4]. PSP表格\r\n\r\nPSP是卡耐基梅隆大学（CMU）的专家们针对软件工程师所提出的一套模型：Personal Software Process (PSP， 个人开发流程，或称个体软件过程)。\r\n\r\n| PSP2.1                                |   Personal Software Process Stages    | 预估耗时（分钟） | 实际耗时（分钟） |\r\n| :------------------------------------ | :-----------------------------------: | ---------------: | ---------------: |\r\n| Planning                              |                 计划                  |                  |                  |\r\n| Estimate                              |       估计这个任务需要多少时间        |                  |                  |\r\n| Development                           |                 开发                  |                  |                  |\r\n| Analysis                              |       需求分析 (包括学习新技术)       |                  |                  |\r\n| Design Spec                           |             生成设计文档              |                  |                  |\r\n| Design Review                         |               设计复审                |                  |                  |\r\n| Coding Standard                       | 代码规范 (为目前的开发制定合适的规范) |                  |                  |\r\n| Design                                |               具体设计                |                  |                  |\r\n| Coding                                |               具体编码                |                  |                  |\r\n| Code Review                           |               代码复审                |                  |                  |\r\n| Test                                  | 测试（自我测试，修改代码，提交修改）  |                  |                  |\r\n| Reporting                             |                 报告                  |                  |                  |\r\n| Test Repor                            |               测试报告                |                  |                  |\r\n| Size Measurement                      |              计算工作量               |                  |                  |\r\n| Postmortem & Process Improvement Plan |     事后总结, 并提出过程改进计划      |                  |                  |\r\n| 合计                                  |                                       |                  |                  |\r\n\r\n一个功能完备的程序不是一蹴而就的。可将一个大任务划分为可操作的小任务，同时最好按照任务难度或紧急程度指定各个任务的完成次序。因此，在动手开发之前，要先估计将在程序各模块开发所需耗费的时间，以及完成整个项目所需的时间，将这个[估计值]记录下来，写成PSP 的形式。\r\nPSP的目的是：记录工程师如何实现需求的效率，和我们使用项目管理工具（例如微软的Project Professional，或者禅道等）进行项目进度规划类似。\r\n有关PSP的更多内容，请自行阅读邹欣老师的博客：[工程师的能力评估和发展](https://www.cnblogs.com/xinz/archive/2011/10/22/2220872.html)\r\n\r\n```\r\nPSP2.1 | Personal Software Process Stages |	预估耗时（分钟）|	实际耗时（分钟）\r\n--|:--:|--:|--:\r\nPlanning|计划||\r\nEstimate|估计这个任务需要多少时间|| 		\r\nDevelopment|开发||\r\nAnalysis|需求分析 (包括学习新技术)|| 		\r\nDesign Spec|生成设计文档|| 		\r\nDesign Review|设计复审|| 		\r\nCoding Standard|代码规范 (为目前的开发制定合适的规范)|| 		\r\nDesign|具体设计|| 		\r\nCoding|具体编码|| 		\r\nCode Review|代码复审|| 		\r\nTest|测试（自我测试，修改代码，提交修改）|| 		\r\nReporting|报告|| 		\r\nTest Repor|测试报告|| 		\r\nSize Measurement|计算工作量|| 		\r\nPostmortem & Process Improvement Plan|事后总结, 并提出过程改进计划|| 		\r\n|合计|||\r\n```\r\n\r\n------\r\n\r\n### [5]. 文件读写\r\n\r\n本次作业涉及文件路径、文件读写等的问题，请自行查阅资料学习。例如，文件路径分为绝对路径和相对路径，在命令行执行程序指明日志文件位置时，既可以使用绝对路径，也可以使用相对路径；**总之请确保你的程序可以在助教的电脑上运行**，例如请**不要**在程序中使用你自己电脑上的绝对路径给文件路径变量赋值；正确的做法是用命令行给出的文件路径赋值\r\n\r\n# 规则&格式\r\n\r\n#### 1、为了方便其他学校的老师或者助教了解课程实况，请大家在作业开头添加格式描述：（必做）\r\n\r\n| 这个作业属于哪个课程 | <班级的链接>     |\r\n| :------------------- | :--------------- |\r\n| 这个作业要求在哪里   | <作业要求的链接> |\r\n| 这个作业的目标       | <写上具体方面>   |\r\n| 作业正文             | ....             |\r\n| 其他参考文献         | ...              |\r\n\r\nmarkdown代码\r\n\r\n```\r\n|这个作业属于哪个课程|<班级的链接>|\r\n|--	|--	|\r\n|这个作业要求在哪里|<作业要求的链接>|\r\n|这个作业的目标|<写上具体方面>|\r\n|作业正文|....	|\r\n|其他参考文献|...	|\r\n```\r\n\r\n#### 2、提交规则\r\n\r\n- 在deadline前交，得实际得分 * 100%；\r\n- 补交：在deadline 后两天内提交视为补交，得实际得分 * 50%；\r\n- 缺交：在deadline 之后两天未补交视为博客缺交，分数为0分；\r\n\r\n（忘记提交作业和补交扣分一致）\r\n\r\n#### 3、计分规则\r\n\r\n每次作业的基准分为100分，根据作业难度会对作业的实际分数进行换算，\r\n比如：\r\n\r\n```\r\n对同一次作业，统计得分时为满分100分，换算权重为25%\r\n\r\n\r\n小李此次作业得分85分，作业在deadline前提交，那么他的实际得分为85*100%*25% = 21.25\r\n\r\n\r\n小张此次作业得分85分，并是在deadline后的两天内补交，那么实际得分为85*50%*25% = 10.625\r\n\r\n\r\n小王在作业deadline两天后还未补交，作业提交已经关闭，此次作业得0分\r\n\r\n\r\n...\r\n```\r\n\r\n#### 4、其它规则\r\n\r\n- 作业抄袭：当助教发现两篇博客文字/图片/代码相似度超过50%时，判定两篇博客都为抄袭，分数都为-100%；\r\n- 伪造提交：虽然作业博客没有完成，但是先提交到作业占位置，判定为伪造提交，分数得0分；\r\n- 微信班级群如果发布相关通知也是作业要求一部分，请及时查看群通知；\r\n- 若需要在微信群填写相关信息，未能在deadline之前完成填写的，扣实际得分的50%；\r\n- 如对作业存在疑问，请在deadline之前三天在班级群提出；\r\n- 若助教对作业要求有修改，会在群内公告，请务必查看并按新的要求完善作业；\r\n\r\n------\r\n\r\n本作业由福大软工W班乐助教编写[作业](https://edu.cnblogs.com/campus/fzu/2020SpringW/homework/10281)',2,'2021-05-14 14:07:28','2021-05-14 14:07:30','2021-05-14 14:07:28','2021-05-14 14:07:28',1,'个人作业',0.12),(18,'团队作业第一次—团队展示和项目展示','# 团队作业第一次—团队展示和项目展示 [已截止]\r\n\r\n[kofyou](https://www.cnblogs.com/kofyou/) 发布于 2020-03-04 00:29 ，截止时间 2020-03-09 23:00\r\n老师：[梦想的勇气](https://www.cnblogs.com/fzuedu/)，助教：[kofyou](https://www.cnblogs.com/kofyou/)、[chenyuu](https://www.cnblogs.com/chenyuu/)\r\n\r\n------\r\n\r\n## 提交规则\r\n\r\n- 以班级作业页面的提交时间为准\r\n- 在deadline前交，得实际得分 * 100%；\r\n- 补交：在deadline 后两天内提交视为补交，得实际得分 * 50%；（写了但是忘记提交作业和补交扣分一致）\r\n- 缺交：在deadline 之后两天未补交视为博客缺交，分数为0分；\r\n- 若需要在微信群填写相关信息，未能在deadline之前完成填写的，扣实际得分的50%；\r\n\r\n------\r\n\r\n## 博客格式\r\n\r\n为了方便其他学校的老师或者助教了解课程实况，请大家在作业开头添加格式描述：\r\n\r\n| 这个作业属于哪个课程 | <班级的链接>       |\r\n| :------------------- | :----------------- |\r\n| 这个作业要求在哪里   | <作业要求的链接>   |\r\n| 团队名称             | <写上团队名称即可> |\r\n| 这个作业的目标       | <写上具体方面>     |\r\n| 作业正文             | ....               |\r\n| 其他参考文献         | ...                |\r\n\r\n------\r\n\r\n## 作业要求\r\n\r\n### 1、选定一个组长，选定贯穿整个学期的团队项目；非常重要，千万慎重。\r\n\r\n- 集思广益，确定一个实用/有趣/有技术的项目\r\n- 同时也要考虑项目的实现：调查组员所掌握的技术的分布情况和熟练程度，充分利用组内资源，确保在两次冲刺后完成设想的功能\r\n- 可参考既往团队项目，避免重复\r\n\r\n### 2、每个团队在cnblogs上创建一个团队博客，团队博客命名为团队名称，并将团队博客加入到班级博客中（必做）\r\n\r\n- 如果遇到团队名称被占用无法作为账号用户名可以适当放松条件，比如加个后缀\r\n- 博客申请成功，使用班级群内的链接加入班级。\r\n\r\n### 3、在微信班级群填写腾讯共享文档——团队组队情况表\r\n\r\n- 请确保在deadline之前填写好表格，否则按照规则，本次作业只取实际得分 * 0.5\r\n\r\n### 4、提交1篇博客随笔发表在团队博客的博客中，博客标题设置为“XXX（团队名称）——团队展示”，并提交作业\r\n\r\n- 团队作业只需要用团队博客发布一篇随笔作为作业回答并在作业页面提交；而不需要团队每个成员都发布提交。\r\n- 这次作业团队成员得分和团队博客得分一致，之后的作业会要求划分贡献度，助教会按照贡献度评分。\r\n\r\n### 5、每个组选定一个发言人，在**3月10号**的实践课上直播推销你们组要做的项目，时长限定在6分钟，需提前准备好**PPT**。\r\n\r\n------\r\n\r\n## 博客要求与评分标准【总分12\'】\r\n\r\n### 1. 给出队名（最好能够体现项目内容，要求有亮点与个性）；\r\n\r\n### 2. 拟作的团队项目描述：一句话（中英文不限）；(10%）【覆盖课程目标1】\r\n\r\n### 3. 队员风采：介绍每一名队员，要求包括：(20%）【覆盖课程目标7】\r\n\r\n- 成员姓名（可以用昵称替代）\r\n- 成员的博客园地址\r\n- 成员性格\r\n- 擅长的技术\r\n- 兴趣爱好\r\n- 希望的软工角色（前端、后端、测试、PM等）\r\n- 一句话宣言\r\n- ...\r\n- **必须包含给出的内容，其余可以自由扩展**；\r\n\r\n### 4. 团队的首次合照（有图有真相，合照风格不要呆板，俊男靓女快秀出你的美，**记得：要有创意，要有创意，要有创意**）；(10%）【覆盖课程目标7】\r\n\r\n- 特殊时期不能相会，可采用任何方式\r\n\r\n### 5. 团队的愿景(50字——100字)，主要描述团队在未来希望达到的愿景，用心写，**不能凑字数哦**。(60%）【覆盖课程目标1】\r\n\r\n------\r\n\r\n## 现场展示与评分\r\n\r\n### 1. 各组、助教、老师都会评分，根据占比30%、30%、40%算出现场展示的分数，\r\n\r\n- 例如：对于第12组的展示，其余11组打分的平均值为80，老师打分为90，助教打分为90，12组的展示分数=80x0.3+90x0.3+90x0.4\r\n\r\n### 2. 打分的分数范围取0~100；每个组需要制定自己的评分标准，生成一份在线文档，供组内成员一起商讨打分；例如，第12组的评分表可以长这样（你不需要使用一模一样的标准）：\r\n\r\n| 组号         | PPT美观明了重点突出【25\'】 | 演说流畅生动易理解【25\'】 | 选题的趣味性和创新型【25\'】 | 选题的实用性【25\'】 |\r\n| :----------- | :------------------------- | :------------------------ | :-------------------------- | :------------------ |\r\n| 给第1组打分  |                            |                           |                             |                     |\r\n| 给第2组打分  |                            |                           |                             |                     |\r\n| 给第3组打分  |                            |                           |                             |                     |\r\n| 给第4组打分  |                            |                           |                             |                     |\r\n| 给第5组打分  |                            |                           |                             |                     |\r\n| 给第6组打分  |                            |                           |                             |                     |\r\n| 给第7组打分  |                            |                           |                             |                     |\r\n| 给第8组打分  |                            |                           |                             |                     |\r\n| 给第9组打分  |                            |                           |                             |                     |\r\n| 给第10组打分 |                            |                           |                             |                     |\r\n| 给第11组打分 |                            |                           |                             |                     |\r\n| 给第12组打分 | NA不要给自己打分           | NA不要给自己打分          | NA不要给自己打分            | NA不要给自己打分    |',2,'2021-05-14 14:13:08','2021-05-14 14:13:11','2021-05-14 14:13:12','2021-05-14 14:13:16',1,'团队作业',0.05),(19,'团队作业第二次——团队Github实战训练 [已截止]','# 团队作业第二次——团队Github实战训练 [已截止]\r\n\r\n[kofyou](https://www.cnblogs.com/kofyou/) 发布于 2020-03-15 08:00 ，截止时间 2020-03-15 23:00\r\n老师：[梦想的勇气](https://www.cnblogs.com/fzuedu/)，助教：[kofyou](https://www.cnblogs.com/kofyou/)、[chenyuu](https://www.cnblogs.com/chenyuu/)\r\n\r\n------\r\n\r\n## 更新\r\n\r\n#### 请在博客的**基础功能实现**部分补充下列内容：\r\n\r\n1.功能清单：对于每个功能点，使用0代表没有完成，0.5代表完成部分，1代表成功实现；对于0.5的项，在表格后描述完成的程度，例如仅完成前端等\r\n\r\n| 功能点                           | 完成度 |\r\n| :------------------------------- | :----: |\r\n| 身份证、手机号格式验证及错误提示 |        |\r\n| 身份证、手机号的唯一性及错误提示 |        |\r\n| 间隔三次才能预约及错误提示       |        |\r\n| 存储预约信息                     |        |\r\n| 预约结束后的中签计算             |        |\r\n| 预约查询及提示                   |        |\r\n| ……                               |        |\r\n\r\n2.如有完成，描述抽签算法\r\n\r\n#### 同理，请在**附加功能实现**部分补充功能清单\r\n\r\n| 功能点                           | 完成度 |\r\n| :------------------------------- | :----: |\r\n| 管理员登录                       |        |\r\n| 设置预约的开放时间和截止时间     |        |\r\n| 设置预约时单个用户最高可预约数量 |        |\r\n| 设置口罩总数                     |        |\r\n| 导出某次中签的名单               |        |\r\n| 预约查询及提示                   |        |\r\n| ……                               |        |\r\n\r\n------\r\n\r\n## 期限\r\n\r\n1.**产品开发截止时间：2020.3.15 23:00**\r\n2.以github提交记录为准，超过时间的提交默认无效\r\n3.如果的确修复了严重问题，需要特殊声明使用超时提交的版本\r\n4.如果声明使用超时提交的版本，会有一定的扣分，请在博客中说明改进情况及反思\r\n\r\n5.**博客作业截止时间：2020.3.15 23:00**\r\n\r\n------\r\n\r\n## 题目需求\r\n\r\n在全国人民的共同努力下，新冠肺炎疫情得到逐步缓解，国内多地已经出现零确诊。然而当前国内形势严峻，多国疫情出现大爆发，国内出现了多例的输入病例，此时国人仍不可掉以轻心，外出需要注意个人防护，特别是要佩戴好口罩。虽然国内口罩等防护用品的产能和供应量在逐步增长，但目前还不能完全充分满足需求，仍然需要按需进行预约。\r\n\r\n假如，城市A需要开发一个向社会限量供应的口罩应用，现要外包给你们组完成这个任务。\r\n\r\n------\r\n\r\n## 基础功能\r\n\r\n**1. 预约功能：**\r\n\r\n- 口罩预约定时开放\r\n- 开放预约后，市民可以进行登记；登记内容包括①真实姓名；②身份证号；③手机号；④预约口罩数量（如果中签，想要买几个口罩）\r\n- 如果手机号或者身份证号已经在本次摇号登记过了，预约失败\r\n- 如果手机号或者身份证号在此前三次预约中成功中签，预约失败\r\n- 否则预约成功，给出不重复的预约编号\r\n- 预约定时关闭\r\n- 为方便测试，请在预约页面提供两个按钮，作用分别是开始新的预约和结束当前预约；\r\n- 为方便测试，请在预约页面提供设置口罩总量的方法\r\n- 登记时单个用户最高可预约口罩数量，默认为3个\r\n\r\n**2. 中签查询功能：**\r\n\r\n- 用户输入自己的预约编号，显示是否中签\r\n- 如果中签，生成购买凭证，包含姓名、身份证号、电话号和购买数量\r\n\r\n## 附加功能\r\n\r\n**管理员发布预约摇号活动**\r\n\r\n- 管理员登录\r\n- 设置预约的开放时间和截止时间\r\n- 设置预约时单个用户最高可预约数量\r\n- 设置口罩总数\r\n- 导出某次中签的名单\r\n\r\n------\r\n\r\n## 程序要求\r\n\r\n- 实现完整GUI界面\r\n- 实现基础功能，有余力时实现附加功能\r\n\r\n------\r\n\r\n## 作业形式\r\n\r\n- 事先设计好模块函数分工\r\n- 多人协同工作，每个人都需要编码，**要求commit次数≥3**，在组长的 github 下创建一个名为 live-project 的 Repo，截止时间前将相关程序和文档上传至仓库\r\n- 团队博客发表一篇随笔，随笔的第一部分如下：\r\n  - 组员职责分工（5‘）【覆盖课程目标6】\r\n  - github 的提交日志截图（鼓励小粒度提交），统计各组员的commit次数（4’）【覆盖课程目标5】\r\n  - 程序运行截图（5‘）【覆盖课程目标5】\r\n  - 程序运行环境（方便助教进行测试。如果是web服务最好了，如果是桌面程序，建议使用GitHub的\"Releases\"发布程序包，参考这里（https://blog.csdn.net/Eggy2015/article/details/52138751），不要出现“在我这里能正常运行啊”的情况。给出必要的，能够正常运行的环境依赖。如果助教不能运行，仅靠程序运行截图，以下得分再减50%）\r\n  - GUI界面（10’）【覆盖课程目标5】\r\n  - 基础功能实现（25‘）【覆盖课程目标3】\r\n  - 附加功能实现（10’）【覆盖课程目标4】\r\n  - 鼓励有想法且有用的功能（10‘）【覆盖课程目标4】\r\n  - 用户体验，操作的方便、快捷性（10‘）【覆盖课程目标3】\r\n  - 遇到的困难及解决方法（10’） 【覆盖课程目标6】\r\n    - 组员1\r\n    - ..\r\n    - 组员2\r\n    - ...\r\n  - 评估每位组员的贡献比例，总分100（如果没有评估，全组平均后，组长得分减 50%）\r\n  - 以下部分计入个人得分：\r\n    - PSP表格（每名组员一个表格，发布在团队博客中）（1‘）\r\n- 随笔的第二部分如下（10‘）：\r\n  - 团队选题展示过程中，老师和同学提出了一些问题。有没有哪个问题你们想重新回答？\r\n  - 回答评分表中反馈的问题，如果与上一条重复可省略\r\n  - 在上次团队选题之后，你们组有什么新的思考和想法？\r\n\r\n------\r\n\r\n## 博客格式\r\n\r\n为了方便其他学校的老师或者助教了解课程实况，请大家在作业开头添加格式描述：\r\n\r\n| 这个作业属于哪个课程 | <班级的链接>       |\r\n| :------------------- | :----------------- |\r\n| 这个作业要求在哪里   | <作业要求的链接>   |\r\n| 团队名称             | <写上团队名称即可> |\r\n| 这个作业的目标       | <写上具体方面>     |\r\n| 作业正文             | ....               |\r\n| 其他参考文献         | ...                |\r\n\r\n------\r\n\r\n贡献度表格请使用以下markdown\r\n\r\n```\r\n学号 | 贡献度\r\n--|:--:\r\n| | |\r\n```\r\n\r\n------\r\n\r\n## PSP表格\r\n\r\n```\r\nPSP2.1 | Personal Software Process Stages |	预估耗时（分钟）|	实际耗时（分钟）\r\n--|:--:|--:|--:\r\nPlanning|计划||\r\nEstimate|估计这个任务需要多少时间|| 		\r\nDevelopment|开发||\r\nAnalysis|需求分析 (包括学习新技术)|| 		\r\nDesign Spec|生成设计文档|| 		\r\nDesign Review|设计复审|| 		\r\nCoding Standard|代码规范 (为目前的开发制定合适的规范)|| 		\r\nDesign|具体设计|| 		\r\nCoding|具体编码|| 		\r\nCode Review|代码复审|| 		\r\nTest|测试（自我测试，修改代码，提交修改）|| 		\r\nReporting|报告|| 		\r\nTest Repor|测试报告|| 		\r\nSize Measurement|计算工作量|| 		\r\nPostmortem & Process Improvement Plan|事后总结, 并提出过程改进计划|| 		\r\n|合计|||\r\n```\r\n\r\n|      |      |      |      |      |\r\n| :--- | :--- | :--- | :--- | :--- |\r\n|      |      |      |      |      |\r\n|      |      |      |      |      |\r\n|      |      |      |      |      |\r\n|      |      |      |      |      |\r\n|      |      |      |      |      |\r\n|      |      |      |      |      |\r\n|      |      |      |      |      |\r\n|      |      |      |      |      |\r\n|      |      |      |      |      |\r\n|      |      |      |      |      |\r\n|      |      |      |      |      |\r\n|      |      |      |      |      |',2,'2021-05-14 14:14:33','2021-05-14 14:14:35','2021-05-14 14:14:36','2021-05-14 14:14:39',1,'团队作业',0.05),(20,'团队作业第三次—项目需求分析 [已截止]','# 团队作业第三次—项目需求分析 [已截止]\r\n\r\n[kofyou](https://www.cnblogs.com/kofyou/) 发布于 2020-03-18 19:00 ，截止时间 2020-03-30 23:00\r\n老师：[梦想的勇气](https://www.cnblogs.com/fzuedu/)，助教：[kofyou](https://www.cnblogs.com/kofyou/)、[chenyuu](https://www.cnblogs.com/chenyuu/)\r\n\r\n------\r\n\r\n## 5.3 更新评分规则\r\n\r\n由于事先没有检查清楚，下文描述的评分标准中，博客+文档的总分为110分；在实际计算成绩时，会将110分映射为100分；\r\n\r\n此外，作业没有描述博客文档与答辩的占比；现依照团队作业第四次—系统设计和数据库设计中规定的60%和40%计算\r\n\r\n------\r\n\r\n## 提交规则\r\n\r\n#### 博客提交deadline：截止2020-03-30 23:00（**注意！！！界面原型设计内容必须于2020.03.24前完成（该天需要进行界面原型设计答辩）**）\r\n\r\n- 在deadline前交，得实际得分 * 100%；\r\n- 补交：在deadline 后两天内提交视为补交，得实际得分 * 50%；\r\n- 缺交：在deadline 之后两天未补交视为博客缺交，分数为0分；\r\n\r\n#### 忘记提交作业和补交扣分一致\r\n\r\n## 格式\r\n\r\n**为了方便其他学校的老师或者助教了解课程实况，请大家在作业开头添加格式描述：**\r\n\r\n| 这个作业属于哪个课程 | <班级的链接>       |\r\n| :------------------- | :----------------- |\r\n| 这个作业要求在哪里   | <作业要求的链接>   |\r\n| 团队名称             | <写上团队名称即可> |\r\n| 这个作业的目标       | <写上具体方面>     |\r\n| 作业正文             | ....               |\r\n| 其他参考文献         | ....               |\r\n\r\n## 提交材料\r\n\r\n（a）1篇博客随笔；\r\n（b）1份界面原型设计（在博客园给出链接）\r\n（c）1份界面原型设计答辩PPT（课堂讲述）（上传到博客园或Github，在博客中给出链接，推荐保存为PDF上传）；\r\n（d）1份需求报告（word电子版）（上传到博客园或Github，在博客中给出链接，推荐保存为PDF上传）；\r\n（e）1份需求分析报告PPT（课堂讲述）（上传到博客园或Github，在博客中给出链接，推荐保存为PDF上传）；\r\n（f）1份界面原型设计评审表（腾讯共享文档，组内成员一起给其他组打分）\r\n（g）1份需求分析评审表（腾讯共享文档，组内成员一起给其他组打分）\r\n**注意！！！界面原型设计内容必须于2020.03.24前完成（该天需要进行界面原型设计答辩）**\r\n\r\n## 本次作业得分规则\r\n\r\n总分=二次答辩得分+博客得分+文档得分\r\n答辩得分（两次计分规则一致）=其他组打分总和【例如组1打80分，组2打90分，那么该项=80+90】/(总组数-1)*0.25+助教打分总和/(助教人数)*0.35+老师打分总和/(老师人数)*0.40\r\n\r\n## 博客内容(10points)\r\n\r\n1）组队后的团队项目的整体计划安排，要有明确的里程碑；（5points）\r\n2）描述此次作业组员分工、组员工作量比例；(3points)\r\n贡献度表格请使用以下markdown\r\n\r\n```\r\n学号 | 工作内容 | 贡献度\r\n--|:--:\r\n| | | |\r\n```\r\n\r\n3）提供 《需求规格说明书》作为随笔的附件。(1points)\r\n4）提供界面原型设计链接(1points)\r\n\r\n### 要求：\r\n\r\n1）参考**《软件需求规格说明书》**国标规范文本，撰写对应项目的软件需求规格说明书。（20%）【覆盖课程目标5】\r\n2）除形式上满足规范文本要求外，整体内容必须围绕**项目实质**展开，对所要开发的项目确保尽力做到清晰完整准确。\r\n3）采用**分层**形式描述，随着“**层**”的深入，描述的内容细节越具体。\r\n4）使用一致的图形符号和文字描述内容。\r\n5）**所有的缩写须事先定义。**\r\n6）**格式**：需要有目录，word排版样式规范美观，图文并茂，通篇文档有一个统一的样式风格，注意字体和行距等。\r\n7）将自己**置于读者的立场**——如果对软件项目不熟悉的人员，通过阅读这份文档，能否完全读懂软件要做什么。\r\n8）访问软件项目的真实用户，确保软件**真正体现用户的需求**，为软件最终可用奠定基础。\r\n2、明确团队组织方式、成员分工和大致进度安排，需要描述每个成员的具体分工及占整个文档任务的工作量比例。即团队协作，加强分工，需要描述**每个成员的具体分工及占整个文档任务的工作量比例**。（20%）【覆盖课程目标7】\r\n3、加强团队成员分工协作，需要描述成员协作方式。（20%）【覆盖课程目标6】\r\n4、**Checklist: 引言(5 points) 、 用户场景（15 points）、类图（10 points）、界面原型（15 points）、功能描述（20 points）、验收验证标准（20 points）、文档的图表、文字、样式统一且符合规范（15 points）**（40%）【覆盖课程目标2】\r\n5、每个小组提交各自的简易评审表，\r\n内容包括：\r\na）小组编号、项目名称、评审的内容；\r\nb）每个小组的打分（百分制）；\r\nc）打分理由，包括：格式、内容、PPT、演讲、优点、存在问题（至少提3点）、建议等；（尊重他组，认真打分，要求实事求是，分数能真实反应报告质量，禁止一锅端平的情况）；\r\nd）自定义表格（腾讯共享文档）；\r\n\r\n## 附录《需求规格说明书》参考\r\n\r\n```\r\n          目录\r\n 1.引言\r\n  1.1编写目的\r\n  1.2项目背景\r\n  1.3参考资料\r\n 2.总体描述\r\n  2.1 目标\r\n   2.1.1开发意图\r\n   2.1.2应用目标和作用范围\r\n   2.1.3产品前景\r\n 3.具体要求\r\n  3.1类图\r\n  3.2属性\r\n  3.2.1可用性\r\n  3.2.2安全性\r\n 4.界面原型\r\n 5.功能描述及验收验证标准\r\n  5.1具体功能描述\r\n  5.2输入输出格式\r\n  5.3界面验收标准\r\n  5.4功能验收标准\r\n```\r\n\r\n引言\r\n\r\n1.1编写目的\r\n  项目功能是实现DES_RSA混合加密，对于我们团队是为了提高java的编程能力，再之结合密码学知识为将来的专业学习打好基础，对于潜在普通用户实现日常文件的加密工作。\r\n\r\n1.2项目背景\r\n\r\n软件名称：DES_RSA混合加密器\r\n\r\n项目任务提出者：娄老师\r\n\r\n-项目开发者：AWN队\r\n\r\n1.3参考资料\r\n教师报课系统 需求规格说明书\r\n一起买 需求规格说明书\r\n\r\n2.总体描述\r\n2.1目标\r\n2.1.1开发意图\r\n利用UI技术将复杂的DES_RSA混合加密文件技术做成界面，通过简单的按钮实现文件加密。\r\n\r\n2.1.2应用目标和作用范围\r\n该系统面向所有热爱密码的同学，实现简单的txt文件加密\r\n\r\n2.1.3产品前景\r\n刚系统的功能比较单一，但是大框架已经做好，期待将来我们学习更多知识后丰富该系统的功能，产品前景较好。\r\n\r\n3.具体要求\r\n3.1类图\r\n3.2.1可用性\r\n(1)易操作，易理解，界面设计简洁易用。\r\n(2)容错能力：系统具有一定的容错和抗干扰能力，当用户输入格式错误时，系统有提示并可以再次输入。\r\n\r\n3.2.1安全性\r\n程序运行过程中导出的密钥、密文等文件存放在一个安全的文件夹。\r\n\r\n4界面原型\r\n现在还没实现，后续会补上。\r\n\r\n5.功能描述及验收验证标准\r\n5.1具体功能描述\r\n可以实现从电脑导入要加密的明文\r\n在RSA加密阶段素数p和q的位数（默认200位）也是可以选择、p、q可导出。\r\n公钥e和私钥d可导出\r\n解密后的文件可导出\r\n\r\n5.2输入输出格式\r\n导入的明文文件格式为.txt\r\n导出的明文文件格式为.txt\r\n\r\n5.3界面验收标准\r\n用户加密界面\r\n输入文件 中间有个显示框显示要加密文件的文件名；右面有个导入文件按钮用于导入明文，并有加密按钮\r\n加密模块 有素数p、q位数选择框最右边提示（p、q的位数200位以上为佳），中间有产生素数p导出素数p的按钮，并有相应的显示框，产生素数q导出素数q的按钮，并有相应的显示框。有产生素数对的按钮，界面下面有模n，公钥e,私钥d的导出按钮。最后有DES密钥导出按钮，并有相应的显示框。\r\n输出文件 中间有个显示框显示加密后的文件的文件名；右面有个导出文件按钮用于导出密文。\r\n用户解密界面\r\n输入文件 中间有个显示框显示要解密文件的文件名；右面有个导入文件按钮用于导入密文。\r\n解密模块 有个输入密码的输入框（DES公钥文件）\r\n输出文件 中间有个显示框显示解密成功文件的文件名；右面有个导出文件按钮用于导出明文。\r\n5.4功能验收标准\r\n实现界面介绍的所有功能。\r\n\r\n|      |      |      |      |      |\r\n| :--- | :--- | :--- | :--- | :--- |\r\n|      |      |      |      |      |\r\n|      |      |      |      |      |\r\n|      |      |      |      |      |\r\n|      |      |      |      |      |\r\n|      |      |      |      |      |\r\n|      |      |      |      |      |\r\n|      |      |      |      |      |\r\n|      |      |      |      |      |\r\n|      |      |      |      |      |\r\n|      |      |      |      |      |\r\n|      |      |      |      |      |\r\n|      |      |      |      |      |',2,'2021-05-14 14:16:08','2021-05-14 14:16:10','2021-05-14 14:16:12','2021-05-14 14:16:15',1,'团队作业',0.05),(21,'团队作业第四次—项目系统设计与数据库设计 [已截止]','# 团队作业第四次—项目系统设计与数据库设计 [已截止]\r\n\r\n[chenyuu](https://www.cnblogs.com/chenyuu/) 发布于 2020-03-31 22:00 ，截止时间 2020-04-13 23:00\r\n老师：[梦想的勇气](https://www.cnblogs.com/fzuedu/)，助教：[kofyou](https://www.cnblogs.com/kofyou/)、[chenyuu](https://www.cnblogs.com/chenyuu/)\r\n\r\n------\r\n\r\n# 团队作业第四次—项目系统设计与数据库设计\r\n\r\n## 前言\r\n\r\n**在需求分析原型设计作业中，大家很好的阐述了项目的用户场景和功能描述，并且绘制了精美的原型；**\r\n**但是大家的设计还是停留在产品角度，而不是开发角度；绘制的用例图和类图还比较粗糙；开发计划还不够完善；**\r\n**这次作业的目的就是接着上一次的成果，将项目的设计落地，继续完善设计类图，并在正式开始开发之前设计好系统和数据库、制定好计划和分工；**\r\n**磨刀不误砍柴工，希望大家重视这次作业，为下一次的团队Alpha冲刺作业提前做好准备；**\r\n**话不多说，接下来是作业要求；**\r\n\r\n## 作业要求\r\n\r\n> 本次作业的两次答辩（系统设计答辩和数据库设计答辩），时间暂定在4月7号和4月14号周二，如果清明放假则会进行调整，届时会在群里通知；4月7号 系统设计答辩 4月14号 数据库设计答辩\r\n> 博客只需要交一份，提交时间为此次作业截至时间，内容涵盖系统设计和数据库设计，具体看 **博客随笔要求**；\r\n> 对作业有疑问可以联系le助教；\r\n\r\n① 1篇博客随笔，发表在团队博客的博客中，博客标题设置为“XXX（团队名称）——项目系统设计与数据库设计”，并提交作业\r\n② 1份《系统设计说明书》（pdf文件）；\r\n③ 1份《数据库设计说明书》（pdf文件）；\r\n④ **系统设计和数据库设计答辩**准备：1份《系统设计和数据库设计答辩PPT》（课堂现场评审），1份《系统设计和数据库设计评审表》，打分项至少包括：**PPT质量**，**功能模块层次设计**，**接口设计**，**系统安全性和健壮性**，**ER图和表结构设计**，**演讲**，**存在问题和建议**；\r\n⑤ 建立**github团队仓库**，将《系统设计说明书》《数据库设计说明书》《系统设计和数据库设计答辩PPT》等**团队文档**提交到团队仓库；\r\n⑥ 现场评审要求：\r\na）及时对其它小组进行打分；\r\nb）打分要求：**尊重他组，认真打分，实事求是，对所有组采用一个标准，分数能真实反应其他组的报告质量和本组的统一意见，禁止一锅端平的情况**；\r\n\r\n### 博客随笔要求：\r\n\r\n> 此次博客要求针对上次作业不足部分，补充完善，并新增系统设计和数据库设计部分的内容；\r\n> 进一步细化团队的开发计划和时间计划；细化组员分工；\r\n> 注意博客的布局和排版；\r\n\r\n1） 团队项目的预期开发计划时间安排（表格形式：具体到**每周**），要有明确的里程碑，要有相应的产出；（15\'）（在4月中旬-6月初计划为项目冲刺阶段，开发计划安排至少攘括这段时间）；【覆盖课程目标7】\r\n2） 团队项目的预期开发计划分工安排（表格形式：具体到每一个人的角色，负责的详细开发部分）；（15\'）【覆盖课程目标7】\r\n3） 给出体系结构设计+功能模块层次图、设计类图、ER分析+表结构设计、系统安全和权限设计，并描述设计思路；（30\'）【覆盖课程目标3/4】\r\n4） 回答上次需求分析作业中老师助教和其他队伍在评审中给项目提出的问题；给出针对上次需求分析作业的改进部分和改进过程（详细描述）；（20\'）【覆盖课程目标5】\r\n5） 描述为完成这次作业的工作流程、组员分工、组员贡献度比例；（15\'）（将用于小组分数到个人分数的映射，请一起讨论、妥善安排比重）；【覆盖课程目标6】\r\n6） 在随笔末尾提供**github团队仓库链接**和**以下文档的下载链接或在线预览链接**（下载链接可以是任意的云盘链接，如蓝奏云/百度云/微云）。（5\'）\r\n\r\n- github团队仓库链接\r\n- 团队名称_系统设计说明书.pdf\r\n- 团队名称_数据库设计说明书.pdf\r\n- 团队名称_系统设计和数据库设计答辩PPT.pdf\r\n\r\n贡献度表格请使用以下markdown\r\n\r\n```\r\n学号 | 工作内容 | 贡献度\r\n--|:--:\r\n| | | |\r\n```\r\n\r\n### 文档要求：\r\n\r\n1） 参考《系统设计说明书》《数据库设计说明书》国标规范文本，撰写对应项目的软件设计。（系统设计说明书和数据库设计说明书在网络上查找）\r\n2） 除形式上满足规范文本要求外，整体内容必须围绕项目实质展开，对所要开发的项目确保尽力做到清晰完整准确。\r\n3） 采用**分层形式**描述，随着“层”的深入，描述的内容细节越具体。\r\n4） 使用一致的图形符号和文字描述内容。\r\n5） 所有的缩写须事先定义。\r\n6） **格式**：排版样式规范美观，图文并茂，通篇文档有一个统一的样式风格，注意字体和行距等。\r\n7） 将自己置于读者的立场——如果对软件项目不熟悉的技术人员，通过阅读这份文档，能否完全读懂软件是如何设计的。\r\n8） 团队协作（要求团队内每个人都需进行相应的commit）。\r\n9） 文档（合评）评审规则: 引言(5′) 、功能模块层次设计+功能模块层次图（10′），接口设计（10′）、设计类图（10′）、ER分析+表结构设计（20′）、系统安全和权限设计（10′）、文档的图表、文字、样式统一且符合规范（5\'）、满足行业标准要求（20′）\r\n\r\n### PPT要求\r\n\r\n1）PPT要求攘括该次评审表的打分项要求；\r\n2）攘括系统设计文档和数据库设计文档主要内容；\r\n3）补充展示在需求分析作业之后改进的类图、数据流图、泳道图等图；\r\n4）回答需求分析答辩时老师提出的问题；\r\n5）团队项目的预期开发计划时间安排、团队项目的预期开发计划分工安排；\r\n6）描述这次作业的工作流程、组员分工、组员贡献度比例；\r\n7）要呈现出重点内容，字体大小应该方便阅读，必要的话，对较大的图进行一定的切分；\r\n8）控制内容能在9分钟左右讲完；\r\n\r\n### 答辩要求\r\n\r\n1）演讲应把握重点，提前调试好设备；\r\n2）时间控制在12分钟内（9分钟演讲+3分钟答辩）；\r\n\r\n## 评分标准\r\n\r\n1） 答辩得分（与之前计分规则一致）= 其他组打分总和/(总组数-1)`*`0.25+助教打分总和/(助教人数)`*`0.35+老师打分总和/(老师人数)`*`0.40\r\n2） 助教评分（博客30%，系统设计说明书35%，数据库设计说明书35%）\r\n3） 这次作业得分 = 答辩得分`*`40% + 助教评分`*`60%\r\n\r\n## 参考教程\r\n\r\n1）UML之类图 https://www.cnblogs.com/LangZXG/p/6208716.html\r\n2）UML类图详解 https://blog.csdn.net/loumoxiaozi/article/details/81036408\r\n3）详解设计模式六大原则 https://www.cnblogs.com/toutou/p/4870926.html\r\n4）数据库表结构设计的几条准则 https://www.cnblogs.com/wyq178/p/8549715.html\r\n5）数据库表设计（一对多、多对多）https://blog.csdn.net/fighteryang/article/details/82848505\r\n6）常见web攻击方法及防御手段总结 https://blog.csdn.net/qappleh/article/details/80485197\r\n7）用户密码加密 https://blog.csdn.net/weixin_34221073/article/details/89652071\r\n8）JavaWeb项目前后端分离 https://www.cnblogs.com/donggedada/p/11377062.html\r\n9）RBAC用户、角色、权限、组设计方案 https://blog.csdn.net/ljw499356212/article/details/81055141\r\n\r\n更多教程：https://www.cnblogs.com/hengyumo/p/12217218.html（欢迎贡献，在作业尾部提供你认为好的教程既有可能被收录）\r\n\r\n# 规则&格式\r\n\r\n#### 1、为了方便其他学校的老师或者助教了解课程实况，请大家在作业开头添加格式描述：（必做）\r\n\r\n| 这个作业属于哪个课程 | <班级的链接>             |\r\n| :------------------- | :----------------------- |\r\n| 这个作业要求在哪里   | <作业要求的链接>         |\r\n| 这个作业的目标       | <写上具体方面>           |\r\n| 结对学号             | <写上两个结对同学的学号> |\r\n| 作业正文             | ....                     |\r\n| 其他参考文献         | ...                      |\r\n\r\nmarkdown代码\r\n\r\n```\r\n|这个作业属于哪个课程|<班级的链接>|\r\n|--	|--	|\r\n|这个作业要求在哪里|<作业要求的链接>|\r\n|结对学号	|<写上两个结对同学的学号>|\r\n|这个作业的目标|<写上具体方面>|\r\n|作业正文|....	|\r\n|其他参考文献|...	|\r\n```\r\n\r\n#### 2、提交规则\r\n\r\n- 在deadline前交，得实际得分 * 100%；\r\n- 补交：在deadline 后两天内提交视为补交，得实际得分 * 50%；\r\n- 缺交：在deadline 之后两天未补交视为博客缺交，分数为0分；\r\n\r\n（忘记提交作业和补交扣分一致）\r\n\r\n#### 3、计分规则\r\n\r\n每次作业的基准分为100分，根据作业难度会对作业的实际分数进行换算，\r\n比如：\r\n\r\n```\r\n对同一次作业，统计得分时为满分100分，换算权重为25%\r\n\r\n\r\n小李此次作业得分85分，作业在deadline前提交，那么他的实际得分为85*100%*25% = 21.25\r\n\r\n\r\n小张此次作业得分85分，并是在deadline后的两天内补交，那么实际得分为85*50%*25% = 10.625\r\n\r\n\r\n小王在作业deadline两天后还未补交，作业提交已经关闭，此次作业得0分\r\n\r\n\r\n...\r\n```\r\n\r\n#### 4、其它规则\r\n\r\n- 作业抄袭：当助教发现两篇博客文字/图片/代码相似度超过50%时，判定两篇博客都为抄袭，分数都为-100%；\r\n- 伪造提交：虽然作业博客没有完成，但是先提交到作业占位置，判定为伪造提交，分数得0分；\r\n- 微信班级群如果发布相关通知也是作业要求一部分，请及时查看群通知；\r\n- 若需要在微信群填写相关信息，未能在deadline之前完成填写的，扣实际得分的50%；\r\n- 如对作业存在疑问，请在deadline之前三天在班级群提出；\r\n- 若助教对作业要求有修改，会在群内公告，请务必查看并按新的要求完善作业；\r\n\r\n|      |      |      |      |      |\r\n| :--- | :--- | :--- | :--- | :--- |\r\n|      |      |      |      |      |\r\n|      |      |      |      |      |\r\n|      |      |      |      |      |\r\n|      |      |      |      |      |\r\n|      |      |      |      |      |\r\n|      |      |      |      |      |\r\n|      |      |      |      |      |\r\n|      |      |      |      |      |\r\n|      |      |      |      |      |\r\n|      |      |      |      |      |\r\n|      |      |      |      |      |\r\n|      |      |      |      |      |',2,'2021-05-14 14:17:08','2021-05-14 14:17:10','2021-05-14 14:17:12','2021-05-14 14:17:15',1,'团队作业',0.05),(22,'团队作业第五次——站立式会议+alpha冲刺 [已截止]','# 团队作业第五次——站立式会议+alpha冲刺 [已截止]\r\n\r\n[kofyou](https://www.cnblogs.com/kofyou/) 发布于 2020-04-24 16:00 ，截止时间 2020-05-09 23:00\r\n老师：[梦想的勇气](https://www.cnblogs.com/fzuedu/)，助教：[kofyou](https://www.cnblogs.com/kofyou/)、[chenyuu](https://www.cnblogs.com/chenyuu/)\r\n\r\n------\r\n\r\n## 提交规则\r\n\r\n#### 博客提交deadline：截止2020-05-09 23:00\r\n\r\n- 在deadline前交，得实际得分 * 100%；\r\n- 补交：在deadline 后两天内提交视为补交，得实际得分 * 50%；\r\n- 缺交：在deadline 之后两天未补交视为博客缺交，分数为0分；\r\n\r\n#### 忘记提交作业和补交扣分一致\r\n\r\n## 格式\r\n\r\n**为了方便其他学校的老师或者助教了解课程实况，请大家在作业开头添加格式描述：**\r\n\r\n| 这个作业属于哪个课程 | <班级的链接>       |\r\n| :------------------- | :----------------- |\r\n| 这个作业要求在哪里   | <作业要求的链接>   |\r\n| 团队名称             | <写上团队名称即可> |\r\n| 这个作业的目标       | <写上具体方面>     |\r\n| 作业正文             | ....               |\r\n| 其他参考文献         | ....               |\r\n\r\n## 作业要求\r\n\r\n- 贡献度表格请使用以下markdown\r\n\r\n```\r\n学号 | 工作内容 | 贡献度\r\n--|:--:\r\n| | | |\r\n```\r\n\r\n- 项目课堂演示、答辩\r\n\r\n  - 制作答辩PPT\r\n  - 自行设计评审表\r\n\r\n- 代码规范、冲刺任务与计划\r\n\r\n  - 冲刺开始前，要求提交一篇关于团队的代码规范、本次冲刺任务与计划的随笔。代码规范请参考[阿里巴巴Java开发手册终极版v1.3.0](https://files.cnblogs.com/files/han-1034683568/阿里巴巴Java开发手册终极版v1.3.0.pdf)、[华为内部代码规范](https://wenku.baidu.com/view/32ac876a561252d380eb6e40.html)等设计。\r\n\r\n- 10篇冲刺随笔；\r\n\r\n  - 在为期两周的时间内，安排冲刺十天。每天举行站立式会议，讨论项目每个成员的昨天进展、存在问题、今天安排。\r\n\r\n  - 要求团队在冲刺的十天内，每天发布一篇随笔，共十篇：（30%）\r\n\r\n    【覆盖课程目标3】\r\n\r\n    - 提供当天站立式会议照片一张，发布项目燃尽图；\r\n    - 描述项目进展、问题困难、心得体会;\r\n\r\n- 1篇测试随笔；\r\n\r\n  - 阅读学习《构建之法》第2章和13章，建立冲刺阶段的测试并行工作。根据不同项目，选择和运用合适的测试工具，并在冲刺过程中逐步展开自动化测试工作。单独发布一篇随笔，描述项目的测试工作安排、测试工具选择和运用、测试用例文档、测试体会、项目测试评述。（10%）**【覆盖课程目标3】**\r\n\r\n- 1篇冲刺总结随笔；\r\n\r\n  - 发布一篇冲刺总结随笔，描述项目预期计划、现实进展、过程体会、组员分工及在Alpha阶段的工作量比例、下阶段展望。（50%）**【覆盖课程目标7】**\r\n\r\n- 1篇置顶集合随笔。（10%）\r\n\r\n  【覆盖课程目标6】\r\n\r\n  - 在本次任务过程中，团队要有一篇单独的随笔置顶，集中记录所有敏捷冲刺日志的集合，方便助教统计。\r\n\r\n## 评分标准\r\n\r\n1） 答辩得分（与之前计分规则一致）= 其他组打分总和/(总组数-1)`*`0.25+助教打分总和/(助教人数)`*`0.35+老师打分总和/(老师人数)`*`0.40\r\n2）博客得分 = 13（13篇随笔）`*`10 + 70（代码规范、冲刺任务与计划）\r\n3） 这次作业得分 = 答辩得分`*`60% + 博客得分`*`40%\r\n\r\n|      |      |      |      |      |\r\n| :--- | :--- | :--- | :--- | :--- |\r\n|      |      |      |      |      |\r\n|      |      |      |      |      |\r\n|      |      |      |      |      |\r\n|      |      |      |      |      |\r\n|      |      |      |      |      |\r\n|      |      |      |      |      |\r\n|      |      |      |      |      |\r\n|      |      |      |      |      |\r\n|      |      |      |      |      |\r\n|      |      |      |      |      |\r\n|      |      |      |      |      |\r\n|      |      |      |      |      |',2,'2021-05-14 14:19:52','2021-05-14 14:19:53','2021-05-14 14:19:55','2021-05-14 14:19:57',1,'团队作业',0.012),(32,'软工实践1','1篇置顶集合随笔。\n\n在本次任务过程中，团队要有一篇单独的随笔置顶，集中记录下方描述的所有博客链接，方便老师助教查看和统计。\n代码规范、冲刺任务与计划\n\n冲刺开始前，要求提交一篇关于团队的代码规范、本次冲刺任务与计划的随笔。代码规范请参考阿里巴巴Java开发手册终极版v1.3.0、华为内部代码规范等设计。(25%)【覆盖课程目标1】\n10篇冲刺随笔；\n\n在本次作业时间范围内，安排冲刺十天。每天举行站立式会议，讨论项目每个成员从昨天站立式会议到现在的进展、存在的问题/遇到的困难、从现在到明天站立式会议的安排。\n要求团队在冲刺的十天内，每天发布一篇随笔，共十篇：（30%）【覆盖课程目标3】\n提供当天站立式会议照片一张，发布项目燃尽图；\n每个成员描述自己从昨天站立式会议到现在的进展、存在的问题/遇到的困难、从现在到明天站立式会议的安排、心得体会;\n1篇测试随笔；\n\n阅读学习《构建之法》第2章和13章，建立冲刺阶段的测试并行工作。根据不同项目，选择和运用合适的测试工具，并在冲刺过程中逐步展开自动化测试工作。单独发布一篇随笔，描述项目的测试工作安排、测试工具选择和运用、测试用例文档、测试体会、项目测试评述。（10%）【覆盖课程目标3】',2,'2021-05-14 21:19:26','2021-05-14 00:00:00','2021-05-15 00:00:00','2021-05-28 00:00:00',1,'个人作业',0.15),(33,'个人作业-测试作业一','本次作业基础部分最高为100分；进阶部分40分计入总分，即本次作业最高分为140分：\n\n第一部分：\n\n三个软件的体验描述【20】【覆盖课程目标4】\n基本功能介绍和使用【5】\n优缺点分析【10】\n改进意见【5】\n三个软件中，至少1个高质量的功能性Bug的描述【10】【覆盖课程目标5】\n进阶分：三个软件中，其他高质量的功能性Bug的描述【15】【覆盖课程目标5】\n三个软件定性和定量的结论【10】【覆盖课程目标4】\n进阶分：用户采访【10】【覆盖课程目标5】\n进阶分：BUG反馈【5】【覆盖课程目标5】\n第二部分：\n\n开发时间估计【5】【覆盖课程目标5】\n同类产品对比和排名【10】【覆盖课程目标4】\n进阶分：软件工程方面的建议【5】【覆盖课程目标4】\n进阶分：BUG存在的原因分析【5】【覆盖课程目标4】\n第三部分：\n\n对于市场概况、市场现状以及市场与产品生态部分，回答至少三分之二的问题【25】【覆盖课程目标4】\n产品规划【20】\n功能以及NABCD分析【10】【覆盖课程目标4】\n角色配置【5】【覆盖课程目标5】\n16周的详细计划【5】【覆盖课程目标5】\n本次作业结束后的实践课会进行该次作业的展示。因为时间关系，无法全体同学一一汇报，因此将从两类产品中各选取5个同学上来进行现场展示和报告：\n\n助教提供在线表格，请同学登记自己选择的测试类别以及是否申请报告\n主动申请进行报告，获得额外【10分】“勇气分”\n主动申请人数大于5人时，将从申请者中随机抽取5人展示；没有被抽中的，也可以获得【10分】的加分\n主动申请人数小于5人时，将从未申请者中抽取剩余所需人数，不获得【10分】的加分\n现场报告的同学可获得最高【10分】的完成分：\n\n如果博客排版整洁美观，有充分的图片文字说明，可以使用博客进行展示，不需要额外制作ppt\n需要展示者制作评审表格，由各组代表（不包含展示者所在小组），老师和助教进行评分；比例为：各组平均打分 * 0.25 + 助教平均打分 * 0.35 + 老师平均打分 * 0.4',2,'2021-05-17 22:21:29','2021-05-17 00:00:00','2021-05-17 00:00:00','2021-05-19 00:00:00',1,'个人作业',0.0005),(34,'测试作业1——个人作业','1\n2\n3\n4\n5\n6\n7',2,'2021-05-20 14:33:09','2021-05-20 00:00:00','2021-05-20 00:00:00','2021-05-27 00:00:00',1,'个人作业',0.0005),(35,'测试作业1-个人作业','1\n2\n3\n4',2,'2021-05-20 14:34:31','2021-05-20 00:00:00','2021-05-20 00:00:00','2021-05-27 00:00:00',1,'个人作业',0.0005),(36,'测试作业2','1\n2\n3\n4\n5',2,'2021-05-20 15:28:19','2021-05-20 00:00:00','2021-05-20 00:00:00','2021-05-27 00:00:00',1,'团队作业',0.0005),(41,'cxh测试细则','',2,'2021-06-08 21:35:52','2021-06-08 00:00:00','2021-07-11 00:00:00','2021-07-12 00:00:00',1,'个人作业',0.0001),(42,'cxh测试作业','',2,'2021-06-09 21:40:05','2021-06-09 00:00:00','2021-07-11 00:00:00','2021-07-11 00:00:00',1,'团队作业',0.01),(43,'结对作业测试','1\n2\n3.\n4.\n5.\n6.',2,'2021-06-11 20:14:55','2021-06-11 00:00:00','2021-06-11 00:00:00','2021-06-12 00:00:00',1,'结对作业',0.001),(44,'个人作业1','12',247,'2021-06-22 01:31:52','2021-06-22 00:00:00','2021-06-26 00:00:00','2021-06-30 00:00:00',1,'个人作业',0.15),(45,'个人作业','123',247,'2021-06-22 02:13:29','2021-06-22 00:00:00','2021-06-24 00:00:00','2021-06-30 00:00:00',1,'团队作业',0.1),(46,'团队作业final','1\n2\n3\n4\n5',2,'2021-06-22 02:17:02','2021-06-22 00:00:00','2021-06-22 00:00:00','2021-06-24 00:00:00',1,'团队作业',0.0005),(47,'发布一个团队作业','checklist',276,'2021-06-22 08:59:22','2021-06-22 00:00:00','2021-06-25 00:00:00','2021-06-29 00:00:00',1,'团队作业',0.15),(48,'演示=个人作业','11',2,'2021-06-22 09:04:11','2021-06-22 00:00:00','2021-06-24 00:00:00','2021-06-30 00:00:00',1,'个人作业',0.1),(49,'7月-test1','## 项目一\n## 项目二\n## 项目三',277,'2021-07-10 14:06:56','2021-07-10 00:00:00','2021-07-10 00:00:00','2021-07-11 00:00:00',7,'个人作业',0.001),(51,'7月-test2','## 项目一\n## 项目二\n## 项目三',277,'2021-07-10 14:50:28','2021-07-10 00:00:00','2021-07-10 00:00:00','2021-07-11 00:00:00',7,'个人作业',0.1),(52,'7月-test团队作业','## 1\n## 项目2\n## 项目3',277,'2021-07-10 20:44:13','2021-07-10 00:00:00','2021-07-10 00:00:00','2021-07-12 00:00:00',7,'团队作业',0.01),(53,'7月10--结对作业1','## 项目1\n## 项目2\n## 项目3\n## 项目4',277,'2021-07-10 23:21:06','2021-07-10 00:00:00','2021-07-10 00:00:00','2021-07-12 00:00:00',7,'结对作业',0.1),(54,'7月14-个人作业','# 项目\n# 项目\n# 项目\n# 项目\n# 项目\n# 项目\n# 项目',280,'2021-07-14 15:30:31','2021-07-14 00:00:00','2021-07-14 00:00:00','2021-07-15 00:00:00',13,'个人作业',0.1),(55,'7月14-团队作业','# 项目1\n# 项目2\n# 项目3\n# 项目4\n# 项目5\n# 项目6\n# 项目7',280,'2021-07-14 15:32:49','2021-07-14 00:00:00','2021-07-14 00:00:00','2021-07-15 00:00:00',13,'团队作业',0.1),(56,'7月14-结对作业1','# 项目1\n# 项目2\n# 项目3\n# 项目4\n# 项目5\n# 项目6\n# 项目7',280,'2021-07-14 15:33:00','2021-07-14 00:00:00','2021-07-14 00:00:00','2021-07-15 00:00:00',13,'结对作业',0.1),(58,'7月15-团队作业测试','## 2的发顺丰\n## 发斯蒂芬\n## 发孙菲菲',280,'2021-07-15 22:56:45','2021-07-15 00:00:00','2021-07-15 00:00:00','2021-07-16 00:00:00',13,'团队作业',0.1),(61,'7月19-团队作业一','# 团队作业一',291,'2021-07-19 17:49:35','2021-07-19 00:00:00','2021-07-19 00:00:00','2021-07-20 00:00:00',14,'团队作业',0.2),(63,'7月19-个人作业一','# 个人作业',291,'2021-07-19 17:59:55','2021-07-19 00:00:00','2021-07-19 00:00:00','2021-07-20 00:00:00',14,'个人作业',0.1),(65,'7月19-个人作业二','# 个人作业二',291,'2021-07-19 18:05:38','2021-07-19 00:00:00','2021-07-19 00:00:00','2021-07-20 00:00:00',14,'个人作业',0.1),(66,'7月19-团队作业二','# 团队作业二\n',291,'2021-07-19 18:32:50','2021-07-19 00:00:00','2021-07-19 00:00:00','2021-07-20 00:00:00',14,'团队作业',0.2),(68,'7月19-结对作业一','# 结对作业一',291,'2021-07-19 18:40:01','2021-07-19 00:00:00','2021-07-19 00:00:00','2021-07-20 00:00:00',14,'结对作业',0.1),(69,'7月19-结对作业三','# 结对作业三',291,'2021-07-19 18:51:58','2021-07-19 00:00:00','2021-07-19 00:00:00','2021-07-20 00:00:00',14,'结对作业',0.1),(70,'7月19-团队作业三','# 团队作业三',291,'2021-07-19 19:08:59','2021-07-19 00:00:00','2021-07-19 00:00:00','2021-07-20 00:00:00',14,'团队作业',0.2);

/*Table structure for table `team` */

DROP TABLE IF EXISTS `team`;

CREATE TABLE `team` (
  `sys_id` int(11) NOT NULL AUTO_INCREMENT COMMENT '主键',
  `sys_team_name` varchar(255) DEFAULT NULL COMMENT '团队名称',
  `sys_team_slogan` varchar(255) DEFAULT NULL COMMENT '团队口号',
  `class_id` int(11) DEFAULT NULL COMMENT '班级号',
  PRIMARY KEY (`sys_id`)
) ENGINE=InnoDB AUTO_INCREMENT=225 DEFAULT CHARSET=utf8;

/*Data for the table `team` */

insert  into `team`(`sys_id`,`sys_team_name`,`sys_team_slogan`,`class_id`) values (1,'字节乱动','天天向上',1),(2,'给力','给力，给力，勇往直前!给力，给力，冲破无限!',1),(3,'字节乱动2','好好学习',1),(4,'秃鸡队','消灭铁公鸡',1),(5,'考研人','冲冲冲',2),(6,'大白菜','干就完事了',1),(7,'考研人','冲冲冲',2),(8,'大白菜','干就完事了',1),(9,'考研人','冲冲冲',2),(10,'大白菜','干就完事了',1),(11,'考研人','冲冲冲',2),(12,'大白菜','干就完事了',1),(13,'教师团队',NULL,1),(55,'221801203&&&@@@221801204',NULL,1),(56,'221801205&&&@@@221801206',NULL,1),(57,'221801207&&&@@@221801208',NULL,1),(58,'221801209&&&@@@221801210',NULL,1),(59,'221801201&&&@@@221801202',NULL,1),(60,'221801203&&&@@@221801204',NULL,1),(61,'221801205&&&@@@221801206',NULL,1),(62,'221801207&&&@@@221801208',NULL,1),(63,'221801209&&&@@@221801210',NULL,1),(101,'助教团队',NULL,1),(102,'测试测试',NULL,1),(103,'测试测试',NULL,1),(104,'测试测试',NULL,1),(105,'考研人123','冲冲冲',1),(106,'测试测试',NULL,1),(107,'测试测试',NULL,1),(108,'测试测试',NULL,1),(109,'考研人12312','冲冲冲',1),(110,'测试测试',NULL,1),(111,'考研人','冲冲冲',2),(112,'听风','干就完事了',1),(113,'7月-测试团队','冲冲冲',7),(114,'7月-测试团队','冲冲冲',7),(116,'7月-测试团队','冲冲冲',7),(117,'7月-测试团队','冲冲冲',7),(118,'7月-测试团队','冲冲冲',7),(120,'7月-测试团队','冲冲冲',7),(121,'7月-测试团队','冲冲冲',7),(123,'7月-测试团队','冲冲冲',7),(124,'7月-测试团队','冲冲冲',7),(125,'7月-测试团队','冲冲冲',7),(128,'7月-测试团队','冲冲冲',7),(140,'222208101&&&@@@222208102',NULL,7),(141,'测试测试',NULL,1),(142,'测试测试',NULL,1),(143,'测试测试',NULL,1),(144,'测试测试',NULL,1),(145,'测试测试',NULL,1),(146,'测试测试',NULL,1),(147,'测试测试',NULL,1),(148,'测试测试',NULL,1),(149,'测试测试',NULL,1),(150,'测试测试',NULL,1),(151,'测试测试',NULL,1),(154,'7月14-测试团队1','冲冲冲',13),(155,'922308101&&&@@@922308102',NULL,13),(156,'测试测试',NULL,1),(157,'测试测试',NULL,1),(158,'测试测试',NULL,1),(159,'测试测试',NULL,1),(160,'测试测试',NULL,1),(161,'测试测试',NULL,1),(162,'测试测试',NULL,1),(163,'测试测试',NULL,1),(164,'测试测试',NULL,1),(165,'测试测试',NULL,1),(166,'助教团队A20210715',NULL,13),(167,'测试测试',NULL,1),(168,'测试测试',NULL,1),(169,'测试测试',NULL,1),(170,'测试测试',NULL,1),(171,'测试测试',NULL,1),(172,'测试测试',NULL,1),(173,'测试测试',NULL,1),(174,'测试测试',NULL,1),(175,'助教团队AA000010',NULL,14),(176,'助教团队AA000011',NULL,14),(177,'蜀汉风云','冲冲冲',14),(178,'蜀汉传奇','冲冲冲',14),(179,'魏国雄风','冲冲冲',14),(180,'大魏牛逼','冲冲冲',14),(181,'匡扶汉室','冲冲冲',14),(182,'赤壁火烧','冲冲冲',14),(183,'东吴快船','冲冲冲',14),(184,'222001101&&&@@@222001136',NULL,14),(185,'222001102&&&@@@222001137',NULL,14),(186,'222001103&&&@@@222001138',NULL,14),(187,'222001104&&&@@@222001139',NULL,14),(188,'222001105&&&@@@222001140',NULL,14),(189,'222001106&&&@@@222001141',NULL,14),(190,'222001107&&&@@@222001142',NULL,14),(191,'222001108&&&@@@222001143',NULL,14),(192,'222001109&&&@@@222001144',NULL,14),(193,'222001110&&&@@@222001145',NULL,14),(194,'222001111&&&@@@222001146',NULL,14),(195,'222001112&&&@@@222001147',NULL,14),(196,'222001113&&&@@@222001148',NULL,14),(197,'222001114&&&@@@222001149',NULL,14),(198,'222001115&&&@@@222001150',NULL,14),(199,'222001116&&&@@@222001151',NULL,14),(200,'222001117&&&@@@222001152',NULL,14),(201,'222001118&&&@@@222001153',NULL,14),(202,'222001119&&&@@@222001154',NULL,14),(203,'222001120&&&@@@222001155',NULL,14),(204,'222001121&&&@@@222001156',NULL,14),(205,'222001122&&&@@@222001157',NULL,14),(206,'222001123&&&@@@222001158',NULL,14),(207,'222001124&&&@@@222001159',NULL,14),(208,'222001125&&&@@@222001160',NULL,14),(209,'222001126&&&@@@222001161',NULL,14),(210,'222001127&&&@@@222001162',NULL,14),(211,'222001128&&&@@@222001163',NULL,14),(212,'222001129&&&@@@222001164',NULL,14),(213,'222001130&&&@@@222001165',NULL,14),(214,'222001131&&&@@@222001166',NULL,14),(215,'222001132&&&@@@222001167',NULL,14),(216,'222001133&&&@@@222001168',NULL,14),(217,'222001134&&&@@@222001169',NULL,14),(218,'222001135&&&@@@222001170',NULL,14),(219,'测试测试',NULL,1),(220,'测试测试',NULL,1),(221,'测试测试',NULL,1),(222,'测试测试',NULL,1),(223,'测试测试',NULL,1),(224,'测试测试',NULL,1);

/*Table structure for table `team_reply_review_form` */

DROP TABLE IF EXISTS `team_reply_review_form`;

CREATE TABLE `team_reply_review_form` (
  `sys_id` int(11) NOT NULL AUTO_INCREMENT,
  `team_id` int(11) DEFAULT NULL COMMENT '展示团队Id',
  `reply_review_form` text COMMENT '已经评分的具体答辩评分项',
  `user_id` int(11) DEFAULT NULL COMMENT '评分人id',
  `score` int(11) DEFAULT NULL COMMENT '该评分项分值',
  `advice` varchar(255) DEFAULT NULL COMMENT '对该项的意见',
  `details_id` int(11) DEFAULT NULL COMMENT '对应评分细则中答辩项的id',
  PRIMARY KEY (`sys_id`)
) ENGINE=InnoDB AUTO_INCREMENT=118 DEFAULT CHARSET=utf8;

/*Data for the table `team_reply_review_form` */

insert  into `team_reply_review_form`(`sys_id`,`team_id`,`reply_review_form`,`user_id`,`score`,`advice`,`details_id`) values (1,1,'[0,0,0,0,0]',1,0,NULL,40),(2,2,NULL,NULL,NULL,NULL,NULL),(3,1,NULL,2,60,NULL,98),(4,1,NULL,3,100,NULL,98),(5,1,NULL,4,60,NULL,98),(6,1,NULL,5,60,NULL,98),(7,1,NULL,6,60,NULL,98),(8,1,NULL,44,100,NULL,98),(9,1,NULL,999,100,NULL,98),(14,2,'[12,12,5,3,10]',44,42,NULL,40),(15,3,'[14,10,14,5,15]',44,58,NULL,40),(16,1,'[0,0,0,0,0]',44,0,NULL,40),(17,2,'[7,15,6,18,17]',44,63,NULL,47),(18,4,'[]',44,0,NULL,40),(19,3,'[]',44,0,NULL,47),(20,4,'[]',44,0,NULL,47),(21,1,'test456',NULL,100,NULL,98),(22,2,'[]',44,0,NULL,91),(23,2,'[]',44,0,NULL,105),(24,3,'[]',44,0,NULL,105),(25,4,'[]',44,0,NULL,105),(26,2,'[]',44,0,NULL,98),(27,2,'[]',44,0,NULL,133),(28,3,'[]',44,0,NULL,91),(29,3,'[0,0,0,0,0]',44,0,NULL,98),(30,3,'[]',44,0,NULL,175),(31,2,'[5,7,11,18,19]',43,60,NULL,40),(32,3,'[9,9,7,14,0]',43,39,NULL,40),(33,4,'[]',43,0,NULL,47),(34,2,'[]',43,0,NULL,91),(35,2,'[]',43,0,NULL,280),(36,2,'[]',43,0,NULL,287),(37,2,'[2,7,19,6,18]',43,52,NULL,47),(38,5,'[]',43,0,NULL,40),(39,10,'[]',43,0,NULL,40),(40,7,'[]',43,0,NULL,91),(41,2,'[]',43,0,NULL,161),(42,3,'[]',43,0,NULL,182),(43,4,'[]',43,0,NULL,182),(44,2,'[]',43,0,NULL,196),(45,2,'[]',43,0,NULL,140),(46,4,'[]',43,0,NULL,40),(47,12,'[]',43,0,NULL,40),(48,6,'[]',43,0,NULL,40),(49,2,'[16,5,6,9,12]',1,48,NULL,47),(50,3,'[]',43,0,NULL,154),(51,2,'[7,12,8,0,0]',1,27,NULL,40),(52,3,'[12,0,0,0,0]',82,12,NULL,40),(53,4,'[]',82,0,NULL,47),(54,3,'[]',82,0,NULL,47),(55,3,'[12,0,0,0,0]',82,12,NULL,98),(56,3,'[]',82,0,NULL,91),(57,1,'[]',82,0,NULL,47),(58,1,'[]',1,0,NULL,47),(59,2,'[30,30,30,10]',43,100,NULL,392),(60,1,'[11,16,12,19,17]',77,75,NULL,392),(61,6,'[30,30,30,10]',43,100,NULL,392),(62,6,'[0,0,0,0]',1,0,NULL,392),(63,6,'[30,30,30,10]',2,100,NULL,392),(64,2,'[30,30,30,10]',1,100,NULL,392),(65,2,'[15,15,15,5]',2,50,NULL,392),(66,1,'[13,16,18,5]',82,52,NULL,399),(67,1,'[15,19,20,13]',1,67,NULL,399),(68,2,'[]',43,0,NULL,406),(69,1,'[0,0,0,0,0]',2,0,NULL,40),(70,128,'[]',281,0,NULL,468),(71,1,'[0,0,0,0,0]',281,0,NULL,40),(72,113,'[]',281,0,NULL,468),(73,1,'[]',281,0,NULL,468),(74,154,'[25,25,25,15]',2,90,NULL,468),(75,154,'[25,25,25,25]',1,100,NULL,468),(76,4,'[]',43,0,NULL,91),(77,155,'[]',281,0,NULL,40),(78,155,'[]',281,0,NULL,468),(79,155,'[]',283,0,NULL,468),(80,166,'[]',283,0,NULL,455),(81,155,'[]',283,0,NULL,448),(82,155,'[]',283,0,NULL,455),(83,154,'[0,0,0,0]',287,0,NULL,455),(84,173,'[]',2,0,NULL,40),(85,175,'[]',323,0,NULL,495),(86,180,'[30,30,20,20]',293,100,NULL,475),(87,180,'[30,30,30,10]',293,100,NULL,495),(88,180,'[30,30,20,20]',293,100,NULL,525),(89,175,'[]',323,0,NULL,475),(90,175,'[]',293,0,NULL,475),(91,182,'[]',323,0,NULL,495),(92,175,'[]',313,0,NULL,495),(93,179,'[16,22,26,9]',293,73,NULL,475),(94,180,'[30,30,20,20]',313,100,NULL,475),(95,183,'[]',313,0,NULL,475),(96,180,'[15,27,21,8]',313,71,NULL,495),(97,177,'[22,25,26,9]',313,82,NULL,495),(98,180,'[29,29,19,20]',313,97,NULL,525),(99,177,'[19,20,19,24]',313,82,NULL,475),(100,177,'[9,9,10,10,29,18]',313,85,NULL,525),(101,10,'[]',1,0,NULL,475),(102,151,'[]',43,0,NULL,475),(103,221,'[]',43,0,NULL,475),(104,2,'[]',43,0,NULL,495),(105,1,'[0,0,0,0,0]',1,0,NULL,525),(106,6,'[]',1,0,NULL,475),(107,2,'[]',43,0,NULL,525),(108,181,'[]',293,0,NULL,475),(109,175,'[]',293,0,NULL,495),(110,179,'[25,30,30,10]',1,95,NULL,475),(111,180,'[30,30,20,17]',1,97,NULL,475),(112,4,'[]',43,0,NULL,495),(113,181,'[]',313,0,NULL,475),(114,179,'[20,19,14,15]',323,68,NULL,495),(115,184,'[]',323,0,NULL,495),(116,3,'[]',43,0,NULL,161),(117,3,'[]',43,0,NULL,91);

/*Table structure for table `team_score` */

DROP TABLE IF EXISTS `team_score`;

CREATE TABLE `team_score` (
  `sys_id` int(11) NOT NULL AUTO_INCREMENT,
  `sys_score` int(11) DEFAULT NULL COMMENT '一次作业总成绩',
  `team_id` int(11) DEFAULT NULL COMMENT '成绩所属者ID（团队）',
  `task_id` int(11) DEFAULT NULL COMMENT '成绩所属作业ID',
  `contributions` varchar(1023) DEFAULT NULL COMMENT '成员贡献度(22991:10,22992:20,22993:70)',
  PRIMARY KEY (`sys_id`),
  KEY `score_team` (`team_id`),
  CONSTRAINT `score_team` FOREIGN KEY (`team_id`) REFERENCES `team` (`sys_id`)
) ENGINE=InnoDB AUTO_INCREMENT=54 DEFAULT CHARSET=utf8;

/*Data for the table `team_score` */

insert  into `team_score`(`sys_id`,`sys_score`,`team_id`,`task_id`,`contributions`) values (5,65,1,1,'s221801110:0.5,s221809991:0.5'),(6,NULL,1,2,''),(7,NULL,1,6,'s221801110:50,s221809991:50'),(8,NULL,1,7,'s221801110:50,s221809991:50'),(9,NULL,1,10,'s221801110:50,s221809991:50'),(10,60,1,5,'s221809991:25,s221809999:25,S221801113:25,s221801101:25'),(11,84,2,5,'s221801102:40,s221801103:30,s221801104:30'),(12,35,4,5,'s221801105:40,s221801106:30,s221801108:30'),(13,99,6,43,'s221801201:100,s221801202:0'),(14,NULL,1,46,'s221809991:10,s221809999:10,S221801113:10,s221808101:10,s221808102:10,s221808103:10,s221808104:10,s221808105:10,s221808106:5,s221808107:5,s221808108:5,s221808109:5'),(15,81,2,46,'s221801206:100'),(16,84,1,47,'s221809991:10,s221809999:10,S221801113:10,s221808101:10,s221808102:10,s221808103:10,s221808104:10,s221808105:10,s221808106:5,s221808107:5,s221808108:5,s221808109:5'),(17,100,128,52,'s222208101:100,s222208102:0,s222208103:0,s222208104:0,s222208107:0,s222208108:0,s222208109:0'),(18,NULL,1,20,'s221809991:10,s221809999:10,S221801113:10,s221808101:10,s221808102:10,s221808103:10,s221808104:10,s221808105:10,s221808106:5,s221808107:5,s221808108:5,s221808109:5'),(19,100,140,53,'s222208101:50,s222208102:50'),(20,100,155,56,'s922308101:50,s922308102:50'),(21,100,154,55,'s922308101:0,s922308102:0,s922308103:0,s922308104:100'),(22,NULL,1,42,'s221809991:10,s221809999:10,S221801113:10,s221808101:10,s221808102:10,s221808103:10,s221808104:10,s221808105:10,s221808106:10,s221808107:2,s221808108:2,s221808109:6'),(23,NULL,154,58,'s922308101:100,s922308102:0,s922308103:0,s922308104:0'),(24,100,181,61,'s222001141:10,s222001142:11,s222001143:10,s222001144:10,s222001145:9,s222001146:9,s222001147:8,s222001148:12,s222001149:11,s222001150:10'),(25,NULL,181,66,'s222001141:10,s222001142:11,s222001143:10,s222001144:10,s222001145:9,s222001146:9,s222001147:8,s222001148:12,s222001149:11,s222001150:10'),(26,NULL,181,70,'s222001141:10,s222001142:11,s222001143:10,s222001144:10,s222001145:10,s222001146:10,s222001147:6,s222001148:12,s222001149:11,s222001150:10'),(27,87,213,68,'s222001130:50,s222001165:50'),(28,91,213,69,'s222001130:50,s222001165:50'),(29,0,214,68,'s222001131:50,s222001166:50'),(30,0,214,69,'s222001131:50,s222001166:50'),(31,14,215,68,'s222001132:50,s222001167:50'),(32,75,215,69,'s222001132:50,s222001167:50'),(33,100,178,61,'s222001111:11,s222001112:11,s222001113:11,s222001114:11,s222001115:11,s222001116:11,s222001117:11,s222001118:11,s222001119:11,s222001120:1'),(34,81,194,69,'s222001111:50,s222001146:50'),(35,82,180,61,'s222001131:10,s222001132:10,s222001133:10,s222001134:10,s222001135:10,s222001136:10,s222001137:10,s222001138:10,s222001139:10,s222001140:10'),(36,NULL,180,66,'s222001131:10,s222001132:10,s222001133:10,s222001134:10,s222001135:10,s222001136:10,s222001137:10,s222001138:10,s222001139:10,s222001140:10'),(37,NULL,180,70,'s222001131:10,s222001132:10,s222001133:10,s222001134:10,s222001135:10,s222001136:10,s222001137:10,s222001138:10,s222001139:10,s222001140:10'),(38,81,216,68,'s222001133:50,s222001168:50'),(39,83,216,69,'s222001133:50,s222001168:50'),(40,93,217,68,'s222001134:50,s222001169:50'),(41,85,217,69,'s222001134:50,s222001169:50'),(42,NULL,177,61,'s222001101:10,s222001102:10,s222001103:10,s222001104:10,s222001105:10,s222001106:10,s222001107:10,s222001108:10,s222001109:10,s222001110:10'),(43,NULL,177,66,'s222001101:10,s222001102:10,s222001103:10,s222001104:10,s222001105:10,s222001106:10,s222001107:10,s222001108:10,s222001109:10,s222001110:10'),(44,NULL,177,70,'s222001101:10,s222001102:10,s222001103:10,s222001104:10,s222001105:10,s222001106:10,s222001107:10,s222001108:10,s222001109:10,s222001110:10'),(45,78,184,68,'s222001101:50,s222001136:50'),(46,83,184,69,'s222001101:50,s222001136:50'),(47,48,185,68,'s222001102:50,s222001137:50'),(48,70,185,69,'s222001102:50,s222001137:50'),(49,3,186,68,'s222001103:50,s222001138:50'),(50,74,186,69,'s222001103:50,s222001138:50'),(51,NULL,179,61,'s222001121:8,s222001122:12,s222001123:8,s222001124:12,s222001125:8,s222001126:12,s222001127:8,s222001128:12,s222001129:8,s222001130:12'),(52,NULL,179,66,'s222001121:8,s222001122:12,s222001123:8,s222001124:12,s222001125:8,s222001126:12,s222001127:8,s222001128:12,s222001129:8,s222001130:12'),(53,NULL,179,70,'s222001121:8,s222001122:12,s222001123:8,s222001124:12,s222001125:8,s222001126:12,s222001127:8,s222001128:12,s222001129:8,s222001130:12');

/*Table structure for table `team_score_details` */

DROP TABLE IF EXISTS `team_score_details`;

CREATE TABLE `team_score_details` (
  `sys_id` int(11) NOT NULL AUTO_INCREMENT,
  `team_score_id` int(11) DEFAULT NULL COMMENT '团队成绩的ID',
  `details_id` int(11) DEFAULT NULL COMMENT '评分细则项ID',
  `score` int(11) DEFAULT NULL COMMENT '该项得分',
  PRIMARY KEY (`sys_id`)
) ENGINE=InnoDB AUTO_INCREMENT=250 DEFAULT CHARSET=utf8;

/*Data for the table `team_score_details` */

insert  into `team_score_details`(`sys_id`,`team_score_id`,`details_id`,`score`) values (1,5,34,60),(2,1,2,0),(3,1,1,0),(4,1,1,0),(5,5,35,99),(6,5,36,60),(7,5,37,60),(8,5,38,100),(9,5,39,66),(10,5,40,0),(11,7,98,80),(16,10,92,60),(17,10,93,60),(18,10,94,60),(19,10,95,60),(20,10,96,60),(21,10,97,60),(22,10,98,80),(23,11,92,85),(24,11,93,94),(25,11,94,85),(26,11,95,100),(27,11,96,100),(28,11,97,50),(29,11,98,85),(30,12,92,0),(31,12,93,0),(32,12,94,10),(33,12,95,1),(34,12,96,100),(35,12,97,100),(36,12,98,4),(37,13,365,100),(38,13,366,90),(39,13,367,100),(40,13,368,100),(41,13,369,100),(42,13,370,100),(43,13,371,100),(44,14,392,75),(45,15,392,83),(46,15,386,100),(47,15,387,99),(48,15,388,100),(49,15,389,100),(50,15,390,33),(51,15,391,100),(52,16,399,60),(53,16,393,100),(54,16,394,100),(55,16,395,100),(56,16,396,100),(57,16,397,100),(58,16,398,100),(59,17,421,100),(60,17,422,100),(61,17,423,100),(62,17,424,100),(63,17,425,100),(64,17,426,100),(65,17,427,100),(66,19,428,100),(67,19,429,100),(68,19,430,100),(69,19,431,100),(70,19,432,100),(71,19,433,100),(72,19,434,100),(73,20,449,100),(74,20,450,100),(75,20,451,100),(76,20,452,100),(77,20,453,100),(78,20,454,100),(79,20,455,100),(80,21,442,100),(81,21,443,100),(82,21,444,100),(83,21,445,100),(84,21,446,100),(85,21,447,100),(86,21,448,100),(87,23,468,95),(88,27,503,100),(89,27,504,90),(90,27,505,85),(91,27,506,85),(92,27,507,90),(93,27,508,90),(94,27,509,85),(95,27,510,80),(96,29,503,0),(97,29,504,0),(98,29,505,0),(99,29,506,0),(100,29,507,0),(101,29,508,0),(102,29,509,0),(103,29,510,0),(104,31,503,30),(105,31,504,0),(106,31,505,0),(107,31,506,0),(108,31,507,0),(109,31,508,80),(110,31,509,0),(111,31,510,0),(112,38,503,85),(113,38,504,85),(114,38,505,75),(115,38,506,75),(116,38,507,80),(117,38,508,85),(118,38,509,80),(119,38,510,80),(120,40,503,100),(121,40,504,90),(122,40,505,90),(123,40,506,90),(124,40,507,90),(125,40,508,90),(126,40,509,100),(127,40,510,90),(128,45,503,80),(129,45,504,75),(130,45,505,75),(131,45,506,65),(132,45,507,75),(133,45,508,80),(134,45,509,80),(135,45,510,80),(136,47,503,50),(137,47,504,60),(138,47,505,10),(139,47,506,10),(140,47,507,50),(141,47,508,50),(142,47,509,50),(143,47,510,50),(144,49,503,50),(145,49,504,0),(146,49,505,0),(147,49,506,0),(148,49,507,0),(149,49,508,0),(150,49,509,0),(151,49,510,0),(152,28,511,100),(153,28,512,90),(154,28,513,90),(155,28,514,90),(156,28,515,90),(157,28,516,90),(158,28,517,90),(159,28,518,90),(160,30,511,0),(161,30,512,0),(162,30,513,0),(163,30,514,0),(164,30,515,0),(165,30,516,0),(166,30,517,0),(167,30,518,0),(168,32,511,80),(169,32,512,60),(170,32,513,60),(171,32,514,75),(172,32,515,75),(173,32,516,80),(174,32,517,80),(175,32,518,80),(176,34,511,80),(177,34,512,75),(178,34,513,60),(179,34,514,85),(180,34,515,90),(181,34,516,85),(182,34,517,80),(183,34,518,80),(184,39,511,80),(185,39,512,80),(186,39,513,80),(187,39,514,85),(188,39,515,80),(189,39,516,80),(190,39,517,90),(191,39,518,85),(192,41,511,100),(193,41,512,85),(194,41,513,80),(195,41,514,80),(196,41,515,85),(197,41,516,90),(198,41,517,80),(199,41,518,85),(200,46,511,100),(201,46,512,100),(202,46,513,85),(203,46,514,80),(204,46,515,80),(205,46,516,75),(206,46,517,70),(207,46,518,90),(208,48,511,70),(209,48,512,70),(210,48,513,75),(211,48,514,75),(212,48,515,70),(213,48,516,70),(214,48,517,70),(215,48,518,70),(216,50,511,80),(217,50,512,85),(218,50,513,90),(219,50,514,75),(220,50,515,65),(221,50,516,50),(222,50,517,85),(223,50,518,78),(224,42,475,82),(225,43,495,82),(226,51,475,84),(227,24,469,100),(228,24,470,100),(229,24,471,100),(230,24,472,100),(231,24,473,100),(232,24,474,100),(233,24,475,100),(234,33,469,100),(235,33,470,100),(236,33,471,100),(237,33,472,100),(238,33,473,100),(239,33,474,100),(240,33,475,100),(241,35,469,100),(242,35,470,100),(243,35,471,100),(244,35,472,100),(245,35,473,0),(246,35,474,100),(247,35,475,99),(248,36,495,86),(249,37,525,99);

/*Table structure for table `user` */

DROP TABLE IF EXISTS `user`;

CREATE TABLE `user` (
  `id` int(11) NOT NULL AUTO_INCREMENT,
  `account` varchar(15) NOT NULL COMMENT '实际账号(助教号：A001，教师号：T001 ，学号：221801112)',
  `user_name` varchar(128) DEFAULT NULL COMMENT '用户名',
  `password` varchar(128) DEFAULT NULL COMMENT '密码',
  `perms` varchar(128) DEFAULT NULL COMMENT '权限',
  `salt` varchar(255) DEFAULT NULL COMMENT '盐',
  `total_score` double DEFAULT NULL COMMENT '个人累积总成绩',
  `team_id` int(11) DEFAULT NULL COMMENT '所属团队Id',
  `team_change_history` varchar(255) DEFAULT NULL COMMENT '所属团队变更记录(如1,2)',
  `class_id` int(11) DEFAULT NULL COMMENT '班级id',
  `token_salt` varchar(128) DEFAULT NULL COMMENT 'jwt使用',
  `pair_team_id` int(11) DEFAULT NULL COMMENT '结对团队ID',
  PRIMARY KEY (`id`,`account`),
  KEY `user_team_constrans` (`team_id`),
  CONSTRAINT `user_team_constrans` FOREIGN KEY (`team_id`) REFERENCES `team` (`sys_id`) ON DELETE CASCADE ON UPDATE CASCADE
) ENGINE=InnoDB AUTO_INCREMENT=363 DEFAULT CHARSET=utf8;

/*Data for the table `user` */

insert  into `user`(`id`,`account`,`user_name`,`password`,`perms`,`salt`,`total_score`,`team_id`,`team_change_history`,`class_id`,`token_salt`,`pair_team_id`) values (1,'T000001','单老师','ed61f8a39d3ab427f500aa072c6e6c39','user:add','f',NULL,13,NULL,1,'7ad0195338b22786bca68548e0712f43',NULL),(2,'A000001','xunAssistant','ed61f8a39d3ab427f500aa072c6e6c39','user:query','f',NULL,101,NULL,1,'f9e2341def556486db9e7145343e2472',NULL),(43,'s221809991','caoxin','89eb610f7a1d61e062db38c537825633',NULL,'^',132.38965,1,NULL,1,'e0689c40ac8140eccd7ab77fcd8be1bb',NULL),(53,'s221809999','wangwu','2d13ebc56d50ecc3701c3332a40a67be',NULL,'t',303.171,1,NULL,1,'a9f43048225a584764a687122a541d87',NULL),(54,'S221801113','zhangsan','93c7fb60fae76c6732160e3e1fc028c2',NULL,'k',276,1,NULL,1,NULL,NULL),(77,'s221801201','蔡徐昆','a8f490fd87aca273e51778a357162930',NULL,'U',39.879999999999995,6,NULL,2,'f33608625fa510a45e1afadb1a6193d0',59),(78,'s221801202','王衣博','2b0e05e946355663b40f6f3b5b8aea0a',NULL,'q',0,5,NULL,2,NULL,59),(82,'s221801206','肖占','cd154e85c630cec9482b518514182e29',NULL,'X',4.051,2,NULL,1,'37c504adfb00ee60ee7126b1ec3bafb9',61),(84,'s221801208','吴亦烦','93c7fb60fae76c6732160e3e1fc028c2',NULL,'k',0,NULL,NULL,2,NULL,62),(85,'s221801209','关羽','2ec996ec53575e3ae09b391e59b4db5e',NULL,'*',0,NULL,NULL,2,NULL,63),(86,'s221801210','刘德滑','17f63fc2843dc64edf89517e0d11f254',NULL,'e',NULL,NULL,NULL,2,NULL,63),(147,'s221808101','王思皓','113d00a053181bf7565ce266bdd4600f',NULL,'u',126,1,NULL,1,'fb3e0ecef5c011e2e5581e8312e322c9',NULL),(148,'s221808102','牙举韬','cbb8d82273ec3238c5443a3c13fd9021',NULL,'d',126,1,NULL,1,'88a97209e5e8e41fd91eb8eceb14c259',NULL),(149,'s221808103','郑龙海','2b0e05e946355663b40f6f3b5b8aea0a',NULL,'q',126,1,NULL,1,'686121cb547b7f9d70057729a9aab5a4',NULL),(150,'s221808104','曹鑫 ','2a83bba62d99f748c55808cccd5558c2',NULL,'V',126,1,NULL,1,'24e8a74904e29fa9f821bab243af24da',NULL),(151,'s221808105','黄炜 ','7f85ae5ed638e3b491d21a981f057019',NULL,'S',126,1,NULL,1,'39386bf2ba6663e31fae4b992b1dc92b',NULL),(152,'s221808106','李进明','126b277d90dae56ab704b8661d1bd1d9',NULL,'E',63,1,NULL,1,'d7e16204e067c318ad3915f7d7c2f1a8',NULL),(153,'s221808107','黄伟为','9a95e425f837f55e5ae16a7f3504dce3',NULL,'T',63,1,NULL,1,'53987aa60acbad8eea67e1644c9f482f',NULL),(154,'s221808108','陈晓汉','02243f19d47fcf294cdc20241cc992e6',NULL,'H',63,1,NULL,1,'2c66e87be63322bdf66f04bf763e89d1',NULL),(155,'s221808109','李达明','2ec996ec53575e3ae09b391e59b4db5e',NULL,'*',63.05,1,NULL,1,'46f93d00a562173bf22dabbe93eaa4c0',NULL),(166,'s221801101','张三','d6292f9d77c331f523d752a198de56a8',NULL,'F',NULL,NULL,NULL,3,NULL,135),(167,'s221801102','王五','9a95e425f837f55e5ae16a7f3504dce3',NULL,'T',NULL,NULL,NULL,3,NULL,135),(168,'s221801103','力士','2d13ebc56d50ecc3701c3332a40a67be',NULL,'t',NULL,NULL,NULL,3,NULL,136),(169,'s221801104','光纤','20a16b54d8aa955773b93a6c9f1ab061',NULL,'K',NULL,NULL,NULL,3,NULL,136),(170,'s221801105','彤儿','409da605396c30ed6ca6e5afb461f84a',NULL,'&',NULL,NULL,NULL,3,NULL,137),(171,'s221801106','王者','ab88c89ef9c238c2e9c3d03b1f61be6c',NULL,'!',NULL,NULL,NULL,3,'22e37f07b4cb57f8fd4aa0c0ac28bade',137),(172,'s221801107','拟好','7f85ae5ed638e3b491d21a981f057019',NULL,'S',NULL,NULL,NULL,3,NULL,138),(173,'s221801108','张飞','20a16b54d8aa955773b93a6c9f1ab061',NULL,'K',NULL,NULL,NULL,3,NULL,138),(174,'s221801109','关羽','8e332f3ddb57eec058fa47b878bac664',NULL,'O',NULL,NULL,NULL,3,NULL,139),(175,'s221801110','刘备','02243f19d47fcf294cdc20241cc992e6',NULL,'H',NULL,NULL,NULL,3,NULL,139),(176,'s221908101','王思皓','a073068b2d84dff8a1ea25130717e73e',NULL,'w',NULL,NULL,NULL,1,NULL,NULL),(177,'s221908102','牙举韬','11f687b752967adeee91dd94cc3873e8',NULL,'I',NULL,NULL,NULL,1,NULL,NULL),(178,'s221908103','郑龙海','adc0aadcf437b036834aaaea7bcfa3c0',NULL,'z',NULL,NULL,NULL,1,NULL,NULL),(179,'s221908104','曹鑫 ','ed61f8a39d3ab427f500aa072c6e6c39',NULL,'f',NULL,NULL,NULL,1,'6a92f1336157982bc55293db2e62c430',NULL),(180,'s221908105','黄炜 ','f71533d37b872ba2835fa8523868d846',NULL,'B',NULL,NULL,NULL,1,NULL,NULL),(181,'s221908106','李进明','2a83bba62d99f748c55808cccd5558c2',NULL,'V',NULL,NULL,NULL,1,NULL,NULL),(182,'s221908107','黄伟为','409da605396c30ed6ca6e5afb461f84a',NULL,'&',NULL,NULL,NULL,1,NULL,NULL),(183,'s221908108','陈晓汉','76c2676f385b150d8632c3f94dc29ddb',NULL,'$',NULL,NULL,NULL,1,NULL,NULL),(184,'s221908109','李达明','b73bbbec6c794a0f3ef44cd79c79dc4e',NULL,'r',NULL,NULL,NULL,1,NULL,NULL),(214,'s031602740','乙','9f9a0221fd785b7f5d8883a8464fc173',NULL,'0',NULL,NULL,NULL,6,NULL,NULL),(215,'s031602741','丙','f052c3ae3d74865c9bb140dcfba531a6',NULL,'j',NULL,NULL,NULL,6,NULL,NULL),(216,'s031602742','丁','9f9a0221fd785b7f5d8883a8464fc173',NULL,'0',NULL,NULL,NULL,6,NULL,NULL),(217,'s031602743','戊','11f687b752967adeee91dd94cc3873e8',NULL,'I',NULL,NULL,NULL,6,NULL,NULL),(218,'s031602744','己','94f611bf39242286d32d13f097ec7a01',NULL,'i',NULL,NULL,NULL,6,NULL,NULL),(219,'s031602745','庚','409da605396c30ed6ca6e5afb461f84a',NULL,'&',NULL,NULL,NULL,6,NULL,NULL),(220,'s031602746','辛','2a83bba62d99f748c55808cccd5558c2',NULL,'V',NULL,NULL,NULL,6,NULL,NULL),(221,'s031602747','壬','7f85ae5ed638e3b491d21a981f057019',NULL,'S',NULL,NULL,NULL,6,NULL,NULL),(222,'s222208101','王思皓','68aee379d8f4721256fa91b8bb00d056',NULL,'5',114.555,128,NULL,7,'2120430472b9619e94bc45b03ca11f0a',140),(223,'s222208102','牙举韬','9fb0956abed32e051b128551632e2fad',NULL,'o',14.555,128,NULL,7,'b72da257e20814197ec6f227a38b27f9',140),(224,'s222208103','郑龙海','adc0aadcf437b036834aaaea7bcfa3c0',NULL,'z',0,128,NULL,7,NULL,NULL),(225,'s222208104','曹鑫 ','a073068b2d84dff8a1ea25130717e73e',NULL,'w',10.096,128,NULL,7,'1d4c03c6a7c4d15f0877bc970930ad3b',NULL),(227,'s222208106','李进明','b73bbbec6c794a0f3ef44cd79c79dc4e',NULL,'r',NULL,NULL,NULL,7,NULL,NULL),(228,'s222208107','黄伟为','2a83bba62d99f748c55808cccd5558c2',NULL,'V',0,128,NULL,7,NULL,NULL),(229,'s222208108','陈晓汉','ad9e6b24c55d1fe6f5c0ecdea2c46d68',NULL,'Z',0,128,NULL,7,NULL,NULL),(230,'s222208109','李达明','93c7fb60fae76c6732160e3e1fc028c2',NULL,'k',0,128,NULL,7,'058152a231144786cd09c6eee86c1631',NULL),(231,'AA000002','GreyZeng','6dd722555ebe45a72959d715dcafd41e',NULL,'$',NULL,NULL,NULL,NULL,NULL,NULL),(232,'AA000002','GreyZeng','a756b66de739dd4ffa5b2d5fbeeea57d',NULL,'7',NULL,NULL,NULL,NULL,NULL,NULL),(233,'A000002','greyZeng','80ef1b138e11e798f9d10628df460172',NULL,'!',NULL,NULL,NULL,NULL,'87915f3d3831d7ac05f17098e2c2c5ea',NULL),(235,'AA000005','GreyWang','db2bbe00523de2af16451c9ec149f4c4',NULL,'f',NULL,NULL,NULL,NULL,NULL,NULL),(237,'A000006','Kofoy','9356292fefb317f8a0cae09a468409a3',NULL,'i',NULL,NULL,NULL,1,'04154fbe39627f7fbf2a517451e56778',NULL),(238,'A000007','test1','ab66a227c46486c43bbf70f22bb87e28',NULL,'N',NULL,NULL,NULL,NULL,NULL,NULL),(239,'AA000000005','daliming','081f76de3b5fc513b6b44621cfa40b0a',NULL,'W',NULL,NULL,NULL,NULL,NULL,NULL),(240,'A123456','daliming2','f96e8c24944777c5239ff97bcfc69375',NULL,'F',NULL,NULL,NULL,NULL,'27a08d89af28fd37fb892a63d81aa4de',NULL),(241,'A123456','daliming2','80f3347e2b853b067bfac497f6fcc6c6',NULL,'o',NULL,NULL,NULL,NULL,NULL,NULL),(242,'A123456','daliming2','65a25c8cb51e4e43618dee4823684e3f',NULL,'@',NULL,NULL,NULL,NULL,NULL,NULL),(243,'A456789','daliming23','38f5f01ea158bc14b252cd372c179869',NULL,'#',NULL,NULL,NULL,1,'c09f60bbd6d9518a5077071f116cc53e',NULL),(244,'A000008','lizhujiao','57ba3d57d21e9238bdb4b87f5aa4ae3a',NULL,'d',NULL,NULL,NULL,NULL,'ead571dd2da30698f76476f429ba4ece',NULL),(245,'AT000011','lizhujiao2','1d6714236daf106cd0dde749fa45ef42',NULL,'k',NULL,NULL,NULL,NULL,NULL,NULL),(246,'AT000020','www','5afd03f902729df905a06ed9f30f8a1a',NULL,'x',NULL,NULL,NULL,NULL,'7e2441115d1734e2268692b7004fb76c',NULL),(247,'A12312','asd','d7210b9832f69f4f4c5dd1db75acbe7f',NULL,'s',NULL,NULL,NULL,1,'ee55ea8baaca43886fedec9ae8cdec83',NULL),(248,'s222308101','王思皓','76c2676f385b150d8632c3f94dc29ddb',NULL,'$',NULL,NULL,NULL,1,NULL,NULL),(249,'s222308102','牙举韬','b73bbbec6c794a0f3ef44cd79c79dc4e',NULL,'r',0,NULL,NULL,1,NULL,NULL),(250,'s222308103','郑龙海','83c745f0348192892d1405c97c9d82ba',NULL,'c',NULL,NULL,NULL,1,NULL,NULL),(251,'s222308104','曹鑫 ','720667a7e86a3f292afdd8b37410a2dc',NULL,'s',NULL,NULL,NULL,1,NULL,NULL),(252,'s222308105','黄炜 ','18ede8304ed8b55510fbf5e3c99bfc36',NULL,'G',NULL,NULL,NULL,1,NULL,NULL),(253,'s222308106','李进明','7e81d5818d7c07c146b5295c6ee7d62f',NULL,'8',NULL,NULL,NULL,1,NULL,NULL),(254,'s222308107','黄伟为','18ede8304ed8b55510fbf5e3c99bfc36',NULL,'G',NULL,NULL,NULL,1,NULL,NULL),(255,'s222308108','陈晓汉','93c7fb60fae76c6732160e3e1fc028c2',NULL,'k',NULL,NULL,NULL,1,NULL,NULL),(256,'s222308109','李达明','1c6401895bea0e789f3ff924783eb9fe',NULL,'Q',NULL,NULL,NULL,1,NULL,NULL),(257,'s321801101','张三','93a78e22219e1f0fb93e78e6c6f20280',NULL,'N',NULL,NULL,NULL,1,'ad0cb04dabafd8aaad1cf39edb5845b9',NULL),(258,'s321801102','王五','54103bb5e543c604d907bea46ce17e3c',NULL,'m',NULL,NULL,NULL,1,NULL,NULL),(259,'s421801103','力士','97fd49fd51b9926cd1d4f776f9c3a991',NULL,'y',NULL,NULL,NULL,1,NULL,NULL),(260,'s321801104','光纤','e6f45943bf87fc9e04fc07663a337019',NULL,'7',NULL,NULL,NULL,1,NULL,NULL),(261,'s321801105','彤儿','f052c3ae3d74865c9bb140dcfba531a6',NULL,'j',NULL,NULL,NULL,1,NULL,NULL),(262,'s421801106','王者','7e81d5818d7c07c146b5295c6ee7d62f',NULL,'8',NULL,NULL,NULL,1,'be6642750995bc55441cea955b9487f2',NULL),(263,'s321801107','拟好','7e81d5818d7c07c146b5295c6ee7d62f',NULL,'8',NULL,NULL,NULL,1,NULL,NULL),(264,'s121801108','张飞','93c7fb60fae76c6732160e3e1fc028c2',NULL,'k',NULL,NULL,NULL,1,NULL,NULL),(265,'s521801109','关羽','68aee379d8f4721256fa91b8bb00d056',NULL,'5',NULL,NULL,NULL,1,NULL,NULL),(266,'s621801110','刘备','89eb610f7a1d61e062db38c537825633',NULL,'^',NULL,NULL,NULL,1,NULL,NULL),(276,'A123121','xu','0a540cb8614a40cac40159f8711596e2',NULL,'I',NULL,NULL,NULL,1,'03afa7776dc342e2f87ee50c7e7c453d',NULL),(277,'A000999','张三','1fe5fec7e3465deb4042d27eeb7d7be4',NULL,'a',NULL,NULL,NULL,7,'caf3b23f1e445ff9ccaa96f33e422d47',NULL),(278,'A12ee1','daliming12','02d51103b2a9d56b671d450f463d2e96',NULL,'!',NULL,NULL,NULL,2,NULL,NULL),(279,'A0012345','七班助教','968f9e3aa13bcbb455b055e37383e083',NULL,'c',NULL,NULL,NULL,7,'12ec7c16a48c1f6bbf4921b7ad787b5a',NULL),(280,'AA20210714','7月14测试助教','9356292fefb317f8a0cae09a468409a3',NULL,'i',NULL,NULL,NULL,13,'1c42da3589531fd63d468e47aadb79b7',NULL),(281,'s922308101','发条','89eb610f7a1d61e062db38c537825633',NULL,'^',22.5,154,NULL,13,'5b97311ca4aaaaf40fe304f2bd8f7953',155),(282,'s922308102','亚索','f017cd48a9144ba9a6de072975f2d7eb',NULL,'v',12.5,154,NULL,13,NULL,155),(283,'s922308103','剑姬','f71533d37b872ba2835fa8523868d846',NULL,'B',7.5,154,NULL,13,'054af54869a0c77ab95f2b3e4ac433a1',NULL),(284,'s922308104','混分巨兽 ','9a21ca115492738fdd9e914fc7b23bac',NULL,'C',17.5,154,NULL,13,NULL,NULL),(285,'s922308105','阿卡丽 ','cd154e85c630cec9482b518514182e29',NULL,'X',NULL,NULL,NULL,13,NULL,NULL),(286,'s922308106','加里奥','17578f2a61d5b6cfb36dd082cfa3e60a',NULL,'W',NULL,NULL,NULL,13,NULL,NULL),(287,'s922308107','提莫','cd154e85c630cec9482b518514182e29',NULL,'X',NULL,NULL,NULL,13,'cb5334a3e2b1d15f784c7f2acbdb58ba',NULL),(288,'s922308108','铁男','2ab41168a97f6396c6408a113004c3eb',NULL,'A',NULL,NULL,NULL,13,NULL,NULL),(289,'s922308109','永恩','69bd3eb0e4d34817ed10d0e20a8eee55',NULL,'a',0,NULL,NULL,13,NULL,NULL),(290,'A20210715','7月15测试助教1','64bc457a1721eac2aa23195786eda0c2',NULL,'E',NULL,166,NULL,13,'d4c9044c29c5a6ff15809b4e1b1149a7',NULL),(291,'AA000010','张三','f67609a1b44045932c6102d46ea7baa9',NULL,'a',NULL,175,NULL,14,'72ed72e8875ce2098ec7cf72848b3ae5',NULL),(292,'AA000011','李四','2617ed4dfa9a290ed8410edf74ff4a64',NULL,'v',NULL,176,NULL,14,'54603a4196dd20e6931613b552f19c74',NULL),(293,'s222001101','亚瑟','17f63fc2843dc64edf89517e0d11f254',NULL,'e',25.115000000000002,177,NULL,14,'146733517270838dca6ede730c264288',184),(294,'s222001102','亚瑟','e6f45943bf87fc9e04fc07663a337019',NULL,'7',14.055000000000001,177,NULL,14,'17a59e2dfeba32c399ed39b2f726d227',185),(295,'s222001103','妲己','adc0aadcf437b036834aaaea7bcfa3c0',NULL,'z',19.470000000000002,177,NULL,14,'47353c3a091342f5d820d39346fc5ebb',186),(296,'s222001104','妲己','9f9a0221fd785b7f5d8883a8464fc173',NULL,'0',NULL,177,NULL,14,NULL,187),(297,'s222001105','小卤蛋','720667a7e86a3f292afdd8b37410a2dc',NULL,'s',NULL,177,NULL,14,NULL,188),(298,'s222001106','小卤蛋','b43f8b9178f7f6b96e0cde25c7c55433',NULL,'l',NULL,177,NULL,14,NULL,189),(299,'s222001107','张飞','9a95e425f837f55e5ae16a7f3504dce3',NULL,'T',NULL,177,NULL,14,NULL,190),(300,'s222001108','张飞','02243f19d47fcf294cdc20241cc992e6',NULL,'H',NULL,177,NULL,14,NULL,191),(301,'s222001109','关羽','0f04949a0b4d8feda2eeeb3589777f19',NULL,'%',NULL,177,NULL,14,NULL,192),(302,'s222001110','关羽','11f687b752967adeee91dd94cc3873e8',NULL,'I',NULL,177,NULL,14,NULL,193),(303,'s222001111','刘备','2ec996ec53575e3ae09b391e59b4db5e',NULL,'*',44.015,178,NULL,14,'807c565303f504010483dc7366de0053',194),(304,'s222001112','刘备','3b045ddf40829af986d91ce68fa5409c',NULL,'3',20.2,178,NULL,14,NULL,195),(305,'s222001113','刘阿斗','1c6401895bea0e789f3ff924783eb9fe',NULL,'Q',20.2,178,NULL,14,NULL,196),(306,'s222001114','刘阿斗','a8f490fd87aca273e51778a357162930',NULL,'U',20.2,178,NULL,14,NULL,197),(307,'s222001115','赵云','4855b2a9949fdfd5011e77055b722047',NULL,'6',20.2,178,NULL,14,NULL,198),(308,'s222001116','赵云','fed570e937ae8c35c5982431b0e285d9',NULL,'#',20.2,178,NULL,14,NULL,199),(309,'s222001117','诸葛亮','9f9a0221fd785b7f5d8883a8464fc173',NULL,'0',20.2,178,NULL,14,NULL,200),(310,'s222001118','诸葛亮','3b045ddf40829af986d91ce68fa5409c',NULL,'3',20.2,178,NULL,14,NULL,201),(311,'s222001119','孙尚香','f71533d37b872ba2835fa8523868d846',NULL,'B',20.2,178,NULL,14,NULL,202),(312,'s222001120','孙尚香','83c745f0348192892d1405c97c9d82ba',NULL,'c',18.2,178,NULL,14,NULL,203),(313,'s222001121','诸葛亮','64c8d4b749dea5871f9bca5f9835139e',NULL,'b',15.655000000000001,179,NULL,14,'017ed7a9e293afbb8407801a53bdb13f',204),(314,'s222001122','诸葛亮','f71533d37b872ba2835fa8523868d846',NULL,'B',NULL,179,NULL,14,NULL,205),(315,'s222001123','马超','f017cd48a9144ba9a6de072975f2d7eb',NULL,'v',NULL,179,NULL,14,NULL,206),(316,'s222001124','马超','f5fefded144396997c43ae00d42e6c66',NULL,'4',NULL,179,NULL,14,NULL,207),(317,'s222001125','黄忠','720667a7e86a3f292afdd8b37410a2dc',NULL,'s',NULL,179,NULL,14,NULL,208),(318,'s222001126','黄忠','93a78e22219e1f0fb93e78e6c6f20280',NULL,'N',NULL,179,NULL,14,NULL,209),(319,'s222001127','曹操','2ab41168a97f6396c6408a113004c3eb',NULL,'A',NULL,179,NULL,14,NULL,210),(320,'s222001128','曹操','18ede8304ed8b55510fbf5e3c99bfc36',NULL,'G',NULL,179,NULL,14,NULL,211),(321,'s222001129','许褚','cd154e85c630cec9482b518514182e29',NULL,'X',NULL,179,NULL,14,NULL,212),(322,'s222001130','许褚','c689258ae506a199b9e85fea9deb7e19',NULL,'x',17.775000000000002,179,NULL,14,'c1f0040967da4441f7fe4ec11a16d4a8',213),(323,'s222001131','典韦','d138074865962c6b98624117ee47891c',NULL,'9',33.480000000000004,180,NULL,14,'1ee618d555f158ca45aa15f4eb8ab76d',214),(324,'s222001132','典韦','7e81d5818d7c07c146b5295c6ee7d62f',NULL,'8',42.095,180,NULL,14,'b40aacd6a7a61d8f3878007f13fda009',215),(325,'s222001133','夏侯惇','161b62dd7280bad985cd2383f683bc07',NULL,'(',47.435,180,NULL,14,'7d05cacbca5a78255c18aed1bb8aff89',216),(326,'s222001134','夏侯惇','78f606b0e3e60f61c1609786b908bafb',NULL,'M',49.56,180,NULL,14,'026ba212784680369912ef9d46a6ec81',217),(327,'s222001135','夏侯渊','177b4416ad127b27560028e89401a5b8',NULL,'P',16.400000000000002,180,NULL,14,NULL,218),(328,'s222001136','夏侯渊','2d13ebc56d50ecc3701c3332a40a67be',NULL,'t',32.49000000000001,180,NULL,14,NULL,184),(329,'s222001137','张郃','2b0e05e946355663b40f6f3b5b8aea0a',NULL,'q',28.205000000000005,180,NULL,14,NULL,185),(330,'s222001138','张郃','b73bbbec6c794a0f3ef44cd79c79dc4e',NULL,'r',24.145000000000003,180,NULL,14,NULL,186),(331,'s222001139','徐晃','35b4692bd0722e86015d7aea7b8356dc',NULL,'g',16.400000000000002,180,NULL,14,NULL,187),(332,'s222001140','徐晃','17578f2a61d5b6cfb36dd082cfa3e60a',NULL,'W',16.400000000000002,180,NULL,14,NULL,188),(333,'s222001141','张辽','4799eab68aa248017482ba2c69f6b4e4',NULL,'p',55.760000000000005,181,NULL,14,'dbf2b303f030f9d86af46f1d553c9dd5',189),(334,'s222001142','张辽','126b277d90dae56ab704b8661d1bd1d9',NULL,'E',37.673,181,NULL,14,NULL,190),(335,'s222001143','曹丕','0f04949a0b4d8feda2eeeb3589777f19',NULL,'%',54.465,181,NULL,14,'a33e13aa0a95678be73aabda2c24b1d5',191),(336,'s222001144','曹丕','4799eab68aa248017482ba2c69f6b4e4',NULL,'p',37.3,181,NULL,14,NULL,192),(337,'s222001145','甄姬','b4856d1773e5bcb14d7527e29e62c9a3',NULL,'2',54.322,181,NULL,14,'f45c906f0fdceea61cbd8b2160628547',193),(338,'s222001146','甄姬','7e81d5818d7c07c146b5295c6ee7d62f',NULL,'8',45.01700000000001,181,NULL,14,NULL,194),(339,'s222001147','孙策','cbb8d82273ec3238c5443a3c13fd9021',NULL,'d',36.554,181,NULL,14,'bb7052fc325f1b2a0375bf649f86907a',195),(340,'s222001148','孙策','93c7fb60fae76c6732160e3e1fc028c2',NULL,'k',38.046,181,NULL,14,NULL,196),(341,'s222001149','孙权','c689258ae506a199b9e85fea9deb7e19',NULL,'x',37.68300000000001,181,NULL,14,'9d291c17a8976ad2923b37a661f13d05',197),(342,'s222001150','孙权','720667a7e86a3f292afdd8b37410a2dc',NULL,'s',37.3,181,NULL,14,NULL,198),(343,'s222001151','周瑜','7ebef0feb787e40f5f642c3573cc43c0',NULL,'J',NULL,182,NULL,14,NULL,199),(344,'s222001152','周瑜','4855b2a9949fdfd5011e77055b722047',NULL,'6',NULL,182,NULL,14,NULL,200),(345,'s222001153','鲁肃','17f63fc2843dc64edf89517e0d11f254',NULL,'e',NULL,182,NULL,14,NULL,201),(346,'s222001154','鲁肃','17f63fc2843dc64edf89517e0d11f254',NULL,'e',NULL,182,NULL,14,NULL,202),(347,'s222001155','吕蒙','cd154e85c630cec9482b518514182e29',NULL,'X',NULL,182,NULL,14,NULL,203),(348,'s222001156','吕蒙','02243f19d47fcf294cdc20241cc992e6',NULL,'H',NULL,182,NULL,14,NULL,204),(349,'s222001157','陆逊','68aee379d8f4721256fa91b8bb00d056',NULL,'5',NULL,182,NULL,14,NULL,205),(350,'s222001158','陆逊','89eb610f7a1d61e062db38c537825633',NULL,'^',NULL,182,NULL,14,NULL,206),(351,'s222001159','大乔','9a21ca115492738fdd9e914fc7b23bac',NULL,'C',NULL,182,NULL,14,NULL,207),(352,'s222001160','大乔','466a498894b21794d96a3e83153aa77f',NULL,'@',NULL,182,NULL,14,NULL,208),(353,'s222001161','小乔','90fb3776c69a37df4ce53fd675bcf7b4',NULL,'D',NULL,183,NULL,14,NULL,209),(354,'s222001162','小乔','2ec996ec53575e3ae09b391e59b4db5e',NULL,'*',NULL,183,NULL,14,NULL,210),(355,'s222001163','甘宁','cbb8d82273ec3238c5443a3c13fd9021',NULL,'d',NULL,183,NULL,14,NULL,211),(356,'s222001164','甘宁','4799eab68aa248017482ba2c69f6b4e4',NULL,'p',NULL,183,NULL,14,NULL,212),(357,'s222001165','周泰','2d13ebc56d50ecc3701c3332a40a67be',NULL,'t',17.775000000000002,183,NULL,14,NULL,213),(358,'s222001166','周泰','de69d600cb70e5d91e6c90e713e86087',NULL,'h',0,183,NULL,14,NULL,214),(359,'s222001167','吕布','a8f490fd87aca273e51778a357162930',NULL,'U',8.915000000000001,183,NULL,14,NULL,215),(360,'s222001168','吕布','ad9e6b24c55d1fe6f5c0ecdea2c46d68',NULL,'Z',16.435000000000002,183,NULL,14,NULL,216),(361,'s222001169','貂蝉','f017cd48a9144ba9a6de072975f2d7eb',NULL,'v',17.78,183,NULL,14,NULL,217),(362,'s222001170','貂蝉','17578f2a61d5b6cfb36dd082cfa3e60a',NULL,'W',NULL,183,NULL,14,NULL,218);

/*Table structure for table `user_role` */

DROP TABLE IF EXISTS `user_role`;

CREATE TABLE `user_role` (
  `id` int(11) NOT NULL AUTO_INCREMENT,
  `userid` int(11) DEFAULT NULL COMMENT '用户ID',
  `roleid` int(11) DEFAULT NULL COMMENT '角色ID',
  PRIMARY KEY (`id`),
  KEY `user_role_ibfk_1` (`userid`),
  KEY `user_role_ibfk_2` (`roleid`),
  CONSTRAINT `user_role_ibfk_1` FOREIGN KEY (`userid`) REFERENCES `user` (`id`) ON DELETE CASCADE ON UPDATE CASCADE,
  CONSTRAINT `user_role_ibfk_2` FOREIGN KEY (`roleid`) REFERENCES `role` (`id`) ON DELETE CASCADE ON UPDATE CASCADE
) ENGINE=InnoDB AUTO_INCREMENT=238 DEFAULT CHARSET=utf8;

/*Data for the table `user_role` */

insert  into `user_role`(`id`,`userid`,`roleid`) values (1,1,4),(2,43,2),(3,3,3),(4,44,2),(5,1,4),(6,2,1),(7,53,2),(8,54,2),(24,147,2),(25,148,2),(26,149,2),(27,150,2),(28,151,2),(29,152,2),(30,153,2),(31,154,2),(33,155,2),(34,147,1),(79,214,2),(80,215,2),(81,216,2),(82,217,2),(83,218,2),(84,219,2),(85,220,2),(86,221,2),(87,222,2),(88,223,2),(89,224,2),(90,225,2),(92,227,2),(93,228,2),(94,229,2),(95,230,2),(96,231,1),(97,231,1),(98,232,1),(100,233,1),(102,235,1),(105,237,1),(107,238,1),(108,239,1),(109,240,1),(110,240,1),(111,241,1),(113,240,1),(114,241,1),(115,242,1),(116,243,1),(117,244,1),(118,245,1),(119,246,1),(120,247,1),(121,248,2),(122,249,2),(123,250,2),(124,251,2),(125,252,2),(126,253,2),(127,254,2),(128,255,2),(129,256,2),(130,257,2),(131,258,2),(132,259,2),(133,260,2),(134,261,2),(135,262,2),(136,263,2),(137,264,2),(138,265,2),(139,266,2),(140,82,2),(150,276,1),(151,277,1),(152,278,1),(154,279,1),(155,280,1),(156,281,2),(157,282,2),(158,283,2),(159,284,2),(160,285,2),(161,286,2),(162,287,2),(163,288,2),(164,289,2),(165,290,1),(166,291,1),(167,292,1),(168,293,2),(169,294,2),(170,295,2),(171,296,2),(172,297,2),(173,298,2),(174,299,2),(175,300,2),(176,301,2),(177,302,2),(178,303,2),(179,304,2),(180,305,2),(181,306,2),(182,307,2),(183,308,2),(184,309,2),(185,310,2),(186,311,2),(187,312,2),(188,313,2),(189,314,2),(190,315,2),(191,316,2),(192,317,2),(193,318,2),(194,319,2),(195,320,2),(196,321,2),(197,322,2),(198,323,2),(199,324,2),(200,325,2),(201,326,2),(202,327,2),(203,328,2),(204,329,2),(205,330,2),(206,331,2),(207,332,2),(208,333,2),(209,334,2),(210,335,2),(211,336,2),(212,337,2),(213,338,2),(214,339,2),(215,340,2),(216,341,2),(217,342,2),(218,343,2),(219,344,2),(220,345,2),(221,346,2),(222,347,2),(223,348,2),(224,349,2),(225,350,2),(226,351,2),(227,352,2),(228,353,2),(229,354,2),(230,355,2),(231,356,2),(232,357,2),(233,358,2),(234,359,2),(235,360,2),(236,361,2),(237,362,2);

/*Table structure for table `user_score` */

DROP TABLE IF EXISTS `user_score`;

CREATE TABLE `user_score` (
  `sys_id` int(11) NOT NULL AUTO_INCREMENT,
  `user_id` int(11) DEFAULT NULL COMMENT '所属用户ID',
  `task_id` int(11) DEFAULT NULL COMMENT '所属作业ID',
  `sys_score` double DEFAULT NULL COMMENT '该用户该次作业总得分',
  PRIMARY KEY (`sys_id`)
) ENGINE=InnoDB AUTO_INCREMENT=60 DEFAULT CHARSET=latin1;

/*Data for the table `user_score` */

insert  into `user_score`(`sys_id`,`user_id`,`task_id`,`sys_score`) values (1,44,1,70),(2,43,1,1),(3,43,1,1),(4,44,10,80),(5,44,11,60),(6,44,14,100),(7,43,15,10.24),(8,53,32,54.09999999999999),(9,43,33,9.599999999999998),(10,43,35,65.5),(11,53,15,78.8),(12,155,10,0),(13,155,35,100),(14,155,32,NULL),(15,43,10,47),(16,43,11,NULL),(17,43,14,NULL),(18,43,41,27),(19,187,10,94),(20,43,32,NULL),(21,187,11,NULL),(22,187,41,100),(23,53,41,NULL),(24,257,44,NULL),(25,257,44,NULL),(26,43,44,NULL),(27,43,48,NULL),(28,225,49,96),(29,225,51,100),(30,281,54,100),(31,280,54,NULL),(32,333,63,94.6),(33,333,65,90),(34,335,63,82.4),(35,335,65,89.25),(36,337,63,89.7),(37,337,65,84.25),(38,339,63,0),(39,339,65,0),(40,341,63,0),(41,341,65,0.1),(42,303,63,74.5),(43,303,65,82.75),(44,323,63,77.3),(45,323,65,93.5),(46,324,63,91.8),(47,324,65,76),(48,325,63,76),(49,325,65,70),(50,326,63,73.3),(51,326,65,80.5),(52,293,63,0),(53,293,65,90.25),(54,294,63,0),(55,294,65,22.5),(56,295,63,47),(57,295,65,70.25),(58,313,63,77.3),(59,313,65,79.25);

/*Table structure for table `user_score_details` */

DROP TABLE IF EXISTS `user_score_details`;

CREATE TABLE `user_score_details` (
  `sys_id` int(11) NOT NULL AUTO_INCREMENT,
  `user_score_id` int(11) DEFAULT NULL COMMENT '个人成绩的ID',
  `details_id` int(11) DEFAULT NULL COMMENT '评分细则项ID',
  `score` int(11) DEFAULT NULL COMMENT '该项得分',
  PRIMARY KEY (`sys_id`)
) ENGINE=InnoDB AUTO_INCREMENT=306 DEFAULT CHARSET=utf8;

/*Data for the table `user_score_details` */

insert  into `user_score_details`(`sys_id`,`user_score_id`,`details_id`,`score`) values (1,5,127,60),(2,5,128,60),(3,5,129,60),(4,5,130,60),(5,5,131,60),(6,5,132,60),(7,5,133,60),(8,7,154,100),(9,7,153,100),(10,7,152,100),(11,7,151,100),(12,7,150,100),(13,7,149,100),(14,7,148,100),(15,8,182,100),(16,8,181,100),(17,8,180,100),(18,8,179,100),(19,8,178,100),(20,8,177,100),(21,8,176,100),(22,9,189,100),(23,9,188,100),(24,9,187,100),(25,9,186,100),(26,9,185,100),(27,9,184,100),(28,9,183,100),(29,7,161,10),(30,7,160,10),(31,7,159,10),(32,7,158,10),(33,7,157,8),(34,7,156,18),(35,7,155,0),(36,8,294,100),(37,8,293,12),(38,8,292,10),(39,8,291,12),(40,8,290,11),(41,8,289,29),(42,8,288,100),(43,9,301,9),(44,9,300,10),(45,9,299,10),(46,9,298,10),(47,9,297,10),(48,9,296,10),(49,9,295,10),(50,10,315,100),(51,10,314,50),(52,10,313,100),(53,10,312,0),(54,10,311,0),(55,10,310,0),(56,10,309,0),(57,15,47,50),(58,15,46,50),(59,15,45,50),(60,15,44,50),(61,15,43,50),(62,15,42,50),(63,13,315,100),(64,13,314,100),(65,13,313,100),(66,13,312,100),(67,13,311,100),(68,13,310,100),(69,13,309,100),(70,18,351,100),(71,18,352,100),(72,18,353,100),(73,18,354,100),(74,18,355,0),(75,18,356,0),(76,18,357,0),(77,11,155,80),(78,11,156,70),(79,11,157,80),(80,11,158,80),(81,11,159,80),(82,11,160,80),(83,11,161,80),(84,22,351,100),(85,22,352,100),(86,22,353,100),(87,22,354,100),(88,22,355,100),(89,22,356,100),(90,22,357,100),(91,19,42,100),(92,19,43,100),(93,19,44,100),(94,19,45,100),(95,19,46,100),(96,19,47,100),(97,12,42,0),(98,12,43,0),(99,12,44,0),(100,12,45,0),(101,12,46,0),(102,12,47,0),(103,28,407,100),(104,28,408,100),(105,28,409,100),(106,28,410,100),(107,28,411,100),(108,28,412,100),(109,28,413,90),(110,29,414,100),(111,29,415,100),(112,29,416,100),(113,29,417,100),(114,29,418,100),(115,29,419,100),(116,29,420,100),(117,30,435,100),(118,30,436,100),(119,30,437,100),(120,30,438,100),(121,30,439,100),(122,30,440,100),(123,30,441,100),(124,32,34,90),(125,32,35,90),(126,32,36,80),(127,32,37,80),(128,32,38,90),(129,32,39,100),(130,32,40,100),(131,34,34,90),(132,34,35,90),(133,34,36,80),(134,34,37,100),(135,34,38,80),(136,34,39,80),(137,34,40,80),(138,36,34,100),(139,36,35,80),(140,36,36,90),(141,36,37,100),(142,36,38,90),(143,36,39,90),(144,36,40,90),(145,38,34,0),(146,38,35,0),(147,38,36,0),(148,38,37,0),(149,38,38,0),(150,38,39,0),(151,38,40,0),(152,40,34,0),(153,40,35,0),(154,40,36,0),(155,40,37,0),(156,40,38,0),(157,40,39,0),(158,40,40,0),(159,42,34,70),(160,42,35,80),(161,42,36,90),(162,42,37,80),(163,42,38,80),(164,42,39,70),(165,42,40,70),(166,44,34,70),(167,44,35,70),(168,44,36,70),(169,44,37,70),(170,44,38,80),(171,44,39,80),(172,44,40,80),(173,46,34,100),(174,46,35,100),(175,46,36,90),(176,46,37,90),(177,46,38,90),(178,46,39,90),(179,46,40,90),(180,48,34,80),(181,48,35,80),(182,48,36,80),(183,48,37,80),(184,48,38,80),(185,48,39,80),(186,48,40,70),(187,50,34,80),(188,50,35,80),(189,50,36,70),(190,50,37,60),(191,50,38,80),(192,50,39,70),(193,50,40,70),(194,52,34,0),(195,52,35,0),(196,52,36,0),(197,52,37,0),(198,52,38,0),(199,52,39,0),(200,52,40,0),(201,54,34,0),(202,54,35,0),(203,54,36,0),(204,54,37,0),(205,54,38,0),(206,54,39,0),(207,54,40,0),(208,56,34,0),(209,56,35,50),(210,56,36,50),(211,56,37,50),(212,56,38,50),(213,56,39,50),(214,56,40,50),(215,33,483,90),(216,33,484,90),(217,33,485,90),(218,33,486,90),(219,33,487,90),(220,33,488,90),(221,35,483,80),(222,35,484,85),(223,35,485,70),(224,35,486,75),(225,35,487,95),(226,35,488,100),(227,37,483,100),(228,37,484,65),(229,37,485,95),(230,37,486,85),(231,37,487,75),(232,37,488,100),(233,39,483,0),(234,39,484,0),(235,39,485,0),(236,39,486,0),(237,39,487,0),(238,39,488,0),(239,41,483,1),(240,41,484,0),(241,41,485,0),(242,41,486,0),(243,41,487,0),(244,41,488,0),(245,43,483,60),(246,43,484,80),(247,43,485,85),(248,43,486,75),(249,43,487,95),(250,43,488,80),(251,45,483,90),(252,45,484,90),(253,45,485,95),(254,45,486,95),(255,45,487,95),(256,45,488,95),(257,47,483,80),(258,47,484,65),(259,47,485,75),(260,47,486,70),(261,47,487,80),(262,47,488,80),(263,49,483,80),(264,49,484,80),(265,49,485,80),(266,49,486,70),(267,49,487,65),(268,49,488,60),(269,51,483,70),(270,51,484,85),(271,51,485,95),(272,51,486,60),(273,51,487,80),(274,51,488,80),(275,53,483,100),(276,53,484,85),(277,53,485,90),(278,53,486,90),(279,53,487,95),(280,53,488,85),(281,55,483,50),(282,55,484,50),(283,55,485,50),(284,55,486,50),(285,55,487,0),(286,55,488,0),(287,57,483,85),(288,57,484,85),(289,57,485,30),(290,57,486,50),(291,57,487,60),(292,57,488,85),(293,58,34,80),(294,58,35,80),(295,58,36,80),(296,58,37,100),(297,58,38,70),(298,58,39,70),(299,58,40,80),(300,59,483,75),(301,59,484,70),(302,59,485,80),(303,59,486,85),(304,59,487,85),(305,59,488,80);

/*!40101 SET SQL_MODE=@OLD_SQL_MODE */;
/*!40014 SET FOREIGN_KEY_CHECKS=@OLD_FOREIGN_KEY_CHECKS */;
/*!40014 SET UNIQUE_CHECKS=@OLD_UNIQUE_CHECKS */;
/*!40111 SET SQL_NOTES=@OLD_SQL_NOTES */;
